age,annual_income,education_years,work_experience_years,credit_score,loan_amount,loan_duration_months,interest_rate,debt_to_income_ratio,monthly_expenses,savings_balance,investment_balance,number_of_dependents,employment_stability_years,housing_status_score,marital_status_score,health_risk_index,insurance_coverage_score,spending_score,online_activity_score,device_usage_hours,location_risk_index,previous_default_count,financial_literacy_score,loan_default
19,51140.40128,10,21,724.7481042,3899.654973,60,9.577175916,0.7336550053,2704.1611,11805.19041,16519.3352,2,9,5,3,0.6925601762,3,68,12,7.289109411,0.5400797469,1,68,0
24,69028.63147,8,19,655.6663389,21084.03281,48,8.383829865,0.7985513965,2611.106393,16913.19026,7685.012618,2,25,1,1,0.4691942046,3,62,5,5.108674425,0.007390429337,0,92,0
44,55186.37295,10,1,821.8745075,28297.79601,24,7.321765434,0.4540560477,2442.756164,15841.84867,32653.85957,2,22,3,1,0.001102407307,2,20,16,2.906073443,0.7041911498,1,52,0
31,61403.6515,12,16,715.4452941,38358.63527,12,5.997472868,0.5791869036,2369.382349,10444.24823,29316.3939,5,15,5,2,0.7535899481,2,65,80,2.938126806,0.7012585157,0,88,0
31,42536.55985,9,19,850,46599.67527,36,9.115590756,0.1357218618,2052.929537,9150.893057,34101.51475,4,19,1,1,0.3648493905,5,98,96,5.440192832,0.5244572654,0,58,0
47,48574.34139,16,31,665.4269896,1000,12,3.731231472,0.7476179665,2956.561362,3961.489022,18800.36325,3,24,5,2,0.6764706953,3,81,40,4.642626635,0.7266374805,1,44,0
46,56280.90977,8,32,643.35554,27340.80071,48,12.4926207,0.2618737155,2010.635316,26158.28095,7508.864586,2,16,1,3,0.8662231935,5,13,22,0.9301882912,0.3900727066,0,40,0
23,80746.26623,14,0,702.1594007,34547.17709,60,5.052900549,0.1415502025,1938.611672,16237.20114,18505.64951,4,6,2,3,0.7150679601,1,41,31,5.042802915,0.5858819547,0,24,0
30,52653.38828,19,26,700.0567777,34487.72393,12,15.58600994,0.05655431057,1609.162038,11303.95429,6027.136828,4,20,5,3,0.9669613055,2,40,53,3.45838213,0.4616765658,0,12,0
46,35315.42416,11,15,571.4027327,27099.22998,36,7.232930758,0.7648541213,1693.493904,16746.59233,25715.26023,2,9,5,1,0.7509782153,5,26,74,11.73392628,0.538514797,0,73,0
20,72012.06492,18,26,702.871185,20288.59565,36,17.43645149,0.4582335645,2038.789173,23024.53822,6534.122595,2,6,5,3,0.131495098,1,66,30,6.526059637,0.94284436,0,76,0
31,79471.92422,18,0,627.2250955,20393.89685,24,13.75295963,0.3171480368,2499.174635,29090.43644,34662.75455,3,4,1,1,0.2352820406,3,25,30,8.817985205,0.5214852858,1,95,0
45,54776.37967,9,11,815.1246878,27921.02672,12,10.7262363,0.1192217547,2677.696257,24971.13844,33745.50103,1,7,4,1,0.6290248884,3,88,61,9.849380401,0.4390492792,0,20,0
50,61363.12717,9,2,718.7303392,17167.72358,60,3.423076425,0.4401832797,1393.266233,28938.08358,29422.11713,3,10,3,2,0.04869152029,1,13,46,1.909842221,0.7076386406,0,30,0
25,66647.40276,14,14,680.5205309,24292.81848,48,6.290163093,0.4342170867,2447.818489,0,14370.92083,5,24,1,1,0.950103524,1,2,20,9.880898362,0.3784805645,0,61,0
50,36032.99133,18,7,608.2772155,45283.40695,24,12.73917948,0.5193341965,3879.287061,12184.80007,44322.84787,3,22,4,1,0.727613946,2,6,69,0.5032204368,0.2726713814,1,34,0
25,53708.76677,19,32,680.3394625,41345.66539,48,10.383176,0.6653020617,1901.237783,6717.419843,11609.8749,5,1,1,1,0.4914557683,3,49,73,1.434579014,0.4690599685,0,54,0
38,58196.13277,16,28,731.4484895,47465.14309,48,9.069458223,0.3750295801,3705.768949,19077.30828,0,0,9,5,1,0.3012333705,1,60,95,8.072280858,0.3344283151,0,61,0
51,81626.33852,11,6,759.8229316,17769.06528,12,7.916533579,0.6669882027,3344.694357,20143.99339,27338.78564,5,27,5,2,0.09415356904,3,26,72,6.157781665,0.03414858829,0,83,0
56,68425.62732,18,3,570.1829688,1000,48,5.464302298,0.6759944591,1307.841289,17576.04089,17120.36719,0,13,5,3,0.3700585927,2,51,74,6.413619317,0.1161529895,0,60,0
43,83907.34171,19,13,657.9163899,1000,24,7.74759872,0.5058269089,2067.850645,22618.70403,22915.13371,5,28,1,2,0.06506698227,2,60,53,6.891475542,0.8743901039,0,88,0
22,62964.94563,18,4,702.0360354,53188.14283,12,7.423168345,0.6375592209,2367.069549,6785.601997,24873.96203,3,6,3,2,0.06883039887,2,40,47,4.791221948,0.6445375942,1,91,0
35,81929.48021,19,4,657.8036215,31292.23973,12,12.35153575,0.869999108,5295.999796,30776.61352,33526.3438,4,14,2,2,0.5916713327,4,30,75,0.8021653906,0.632128995,0,42,0
27,65535.68273,18,19,640.6694063,35358.47454,12,7.803868752,0.3789415071,1995.394159,24144.39803,0,2,28,2,1,0.8928791602,3,3,50,11.61775473,0.1799185694,0,15,0
33,48595.99471,14,3,632.1961324,47007.12078,60,11.06187656,0.1561822536,1843.743779,1306.212301,2400.467871,3,16,1,1,0.04047896504,2,59,30,2.709980466,0.5745001397,0,28,0
47,64564.52373,13,23,687.8694813,5700.370642,60,15.78722161,0.1901726547,1611.383707,29582.91837,20477.73081,5,29,5,2,0.09690076337,4,100,9,1.446788367,0.7935919733,0,28,0
38,63355.78068,9,22,613.4875438,43154.37603,36,17.12929837,0.3971959524,2138.553706,14695.88845,24766.73478,3,7,3,2,0.6701145969,1,2,12,8.393601692,0.4392388361,0,73,0
59,67049.67414,17,6,668.5174755,46377.37877,12,17.67435497,0.05904053423,2581.171082,21415.95999,35787.55878,4,8,2,3,0.6818255512,3,65,3,9.424108589,0.6955320921,2,31,0
49,101397.4733,15,10,720.3668315,11299.81868,60,5.203324483,0.5249959795,2141.553452,24774.89505,21151.55365,0,5,1,1,0.333718429,4,69,45,10.51106914,0.4527315536,0,52,0
47,84398.08611,19,17,692.6652081,34282.02623,24,14.65674297,0.6689769168,2455.594024,21981.7316,13612.20819,0,22,1,1,0.700715362,1,91,84,7.528096903,0.7964110268,1,50,0
24,86004.26312,13,0,620.7889392,12593.28088,12,15.51269276,0.8006053453,1946.386626,17801.36757,28799.22319,3,5,4,1,0.116331262,5,16,94,8.295517109,0.2772450716,1,20,0
58,55634.15474,10,12,702.5259218,20680.04506,12,17.43441208,0.5920641798,1269.244175,6667.292701,14057.68609,2,2,1,3,0.2470891374,5,78,98,1.30074133,0.04426106037,0,18,0
18,21905.5378,11,8,637.0604306,18298.2006,48,15.7415691,0.3608761604,3111.125379,10015.74528,8612.465559,4,11,5,1,0.7762120666,2,18,52,3.844080167,0.7920099924,1,95,0
33,80822.78433,15,30,639.2224571,31634.78102,60,14.62984749,0.3870573569,1432.023485,11904.43403,23290.2533,4,2,3,1,0.2197057008,4,60,94,5.259004655,0.2887035259,0,27,0
21,70650.56355,15,37,672.3993858,27026.00657,12,12.54393683,0.6228240809,333.4448559,14153.39278,11350.14857,1,13,2,2,0.5874306847,3,79,67,7.665288844,0.3743613759,1,12,0
54,24423.43036,15,34,760.3356569,32741.97705,12,14.7192424,0.6859026479,3197.917482,13556.56115,2347.77164,2,14,3,2,0.04460667249,4,90,20,3.960461874,0.4752763645,0,34,0
51,75281.09399,14,4,659.5555583,15789.21436,12,9.718022123,0.3876697593,2505.737085,13177.25259,12115.13584,5,16,3,1,0.8275556515,2,52,19,3.518151006,0.2030510692,1,53,0
55,59430.83895,16,14,662.3649993,29450.94142,12,15.25917705,0.5491907139,1354.089742,25921.40852,45276.80007,0,27,4,1,0.8851655078,4,54,60,5.273944041,0.102836949,0,97,0
27,51578.77666,18,37,727.9046601,38341.56198,12,15.85178166,0.7221559974,1267.683304,19559.78778,39987.48498,0,1,5,3,0.5894281873,4,79,62,2.471915238,0.9138801407,0,62,0
42,75850.81469,13,6,778.5913183,39783.57595,12,4.274216061,0.1888318766,2422.521731,18491.68697,13867.18268,5,26,2,1,0.7247650222,5,25,92,2.257522779,0.9767010173,0,24,0
37,35327.19218,12,5,582.4447231,23637.90683,12,16.33704282,0.1927041919,2436.747938,2860.633221,3474.690245,0,2,5,3,0.6884555687,4,87,6,10.9473754,0.4006935425,0,56,0
52,74754.32416,13,21,736.4245383,34577.19425,48,9.816534089,0.4731015043,1732.585691,0,22361.83116,3,14,5,1,0.1648729744,2,91,18,4.641192524,0.4759644877,0,57,0
53,74941.79774,12,13,716.5189601,24165.21168,24,6.69833143,0.8839149299,2966.921012,4795.232236,4975.740769,0,10,3,2,0.0862915558,2,75,1,4.437600903,0.1967942791,0,55,0
42,62098.87317,18,2,664.1082567,47551.76076,12,14.1700727,0.3721181301,1305.295666,24623.25303,13124.68473,0,25,4,3,0.2353739426,4,45,56,7.522477273,0.3595161078,0,62,0
49,59341.62802,16,23,639.5419981,31542.38116,60,7.77137896,0.1865083998,3359.26684,22213.7623,25124.97041,4,17,2,3,0.06078534343,1,35,42,7.75497349,0.3772466439,1,76,0
21,57518.47736,15,29,748.1414012,46482.66403,48,8.27362151,0.6125979037,2157.441788,0,42992.41617,5,24,4,1,0.9850833425,4,1,84,2.326923891,0.7478148333,1,82,0
27,52743.28357,19,28,771.4987862,7907.025144,36,3.382301044,0.313520877,2339.646214,25384.7997,23407.38459,1,0,1,2,0.6384427423,5,9,37,1.405173189,0.8151300722,0,79,0
56,67658.29847,14,27,646.1294015,16687.30625,12,3.343639701,0.2759677804,1160.571242,7842.292692,5084.393566,1,29,3,2,0.9129724249,5,11,99,10.73710714,0.6505638483,0,32,0
50,71138.26676,12,19,533.8656188,13647.89613,60,9.123320805,0.1825839269,1973.026654,19186.45066,18636.49866,1,20,1,2,0.6041030916,1,86,24,8.503649766,0.488355384,1,49,0
63,58246.94648,14,21,582.371666,25016.59579,24,15.00075661,0.6414161365,2934.389942,0,0,5,27,5,3,0.07151039068,4,99,80,3.694887123,0.5280451286,0,52,0
55,84111.69856,17,37,690.6412813,35210.57437,12,9.475512278,0.746725097,1955.361274,19483.89302,28122.6097,4,9,3,2,0.07457594325,4,88,58,5.172673966,0.9566938483,0,73,0
40,55756.37385,16,26,717.1616396,5511.265904,36,16.97050825,0.4321144714,3515.607834,6620.86671,20019.49291,1,10,3,3,0.754193468,3,45,87,4.794540355,0.2203677897,0,42,0
42,60892.28939,11,14,702.0607148,22629.05082,12,13.9404897,0.2467008557,1369.096546,11096.24782,31625.25002,1,23,2,2,0.7349342124,2,78,72,7.717387318,0.07529734538,0,17,0
33,51108.75845,16,8,658.8151273,23497.22665,24,14.5294737,0.07686847509,4305.294368,22426.04676,30473.87121,1,24,5,2,0.8350105807,3,69,100,5.248058424,0.7853531652,0,60,0
29,75139.32897,12,2,640.8622349,39859.15025,12,3.030718698,0.2886469296,2488.08387,24003.29865,0,0,22,3,3,0.91222032,2,25,69,7.526787227,0.8626930278,0,67,0
29,48418.53781,18,17,661.5575961,26333.85746,24,15.29242172,0.2232760584,3659.91531,25463.56852,27189.65201,3,9,5,1,0.7604243223,1,1,94,7.343396994,0.3051722651,1,63,0
47,52830.53658,17,38,642.9934144,20771.13621,60,17.56500303,0.6094767271,2319.904136,0,344.9957244,2,18,5,2,0.3660551463,3,94,65,4.231912004,0.4503739912,2,67,0
30,61508.32995,18,7,688.2187545,9949.323891,12,14.69032715,0.2212833033,3308.877049,27062.11626,19101.42303,1,25,4,3,0.9185822379,2,2,34,0.6311459234,0.7184124979,0,23,0
32,58977.37273,13,5,679.0887374,16962.34292,12,9.032423677,0.5942084707,2655.683381,19359.60257,13620.97789,2,11,1,1,0.4087470418,1,23,67,2.103607436,0.2605834194,0,14,0
25,86097.51143,14,10,637.1509055,28653.66007,60,5.421332029,0.856971343,1923.749745,23624.01175,35731.27632,4,5,3,1,0.8041759647,5,21,81,5.360328453,0.7929817261,0,18,0
50,51376.49663,17,34,617.9260883,19416.35417,60,3.586652149,0.07120027912,3309.749302,14173.64295,19724.6617,1,23,5,3,0.2555164776,4,77,39,9.0784139,0.04780699991,3,83,0
25,69999.28515,16,15,767.9424995,25269.66895,60,16.31663634,0.6362537586,2745.336681,16406.22803,18510.29757,4,11,3,2,0.5066690353,3,68,97,7.68539165,0.6806648781,1,53,0
20,61249.10707,8,21,642.1182535,19311.89131,48,9.856048597,0.1947034481,1987.302457,25775.0299,30418.06651,5,29,2,2,0.591096814,5,35,39,8.033866469,0.9610995976,1,17,0
38,76050.23549,8,24,671.0541072,27876.19733,60,3.3083756,0.5681504572,2223.268094,13155.96616,23823.77027,2,11,2,1,0.504249821,3,65,18,7.03164857,0.1909638416,0,10,0
54,46018.69118,17,33,769.1982554,35490.13866,24,11.9061793,0.7436674999,2342.566933,9274.589764,35898.26753,5,16,1,2,0.9759018718,4,90,54,1.392858202,0.7337080771,1,77,0
50,36543.21552,11,17,612.6102008,31892.37157,12,14.35148455,0.2813348453,2015.559387,7062.759354,15814.33472,4,26,2,1,0.548598459,5,6,91,3.69963717,0.9201232405,0,100,0
38,18008.0004,18,4,720.6207849,23741.35182,12,6.823131996,0.8718027872,2798.890515,11206.18777,4717.019955,0,23,4,1,0.6274776433,4,35,38,5.046695943,0.554279595,1,20,0
51,36614.00817,10,33,727.347679,29971.7475,60,5.461010291,0.7317902309,1677.984308,4847.108176,18492.09727,5,0,4,3,0.4008884352,2,96,63,6.700912881,0.87422726,0,100,0
20,75687.85333,10,22,666.9638329,13389.29054,36,13.34773568,0.4237183,1058.40114,29132.94084,46945.92463,2,14,5,1,0.8455107743,5,34,23,2.846936004,0.6344190045,1,11,0
33,82971.19578,18,21,677.6669844,7275.817795,48,8.280654194,0.7224257779,1257.729782,8173.363117,12370.34391,5,1,5,1,0.4362409254,5,90,70,3.860733872,0.8965696632,1,53,0
18,72356.25317,15,9,731.4705604,25996.01327,48,12.08646704,0.2372739088,4086.20607,31456.61605,47511.61885,5,19,2,1,0.3881434408,4,40,75,9.027740029,0.9459723375,0,63,0
32,57443.29498,17,12,659.5960716,46861.65759,60,8.259028246,0.3902249492,3120.914352,18923.71019,18101.56821,1,24,3,3,0.5701488595,5,85,1,2.563356457,0.1990643053,0,52,0
61,53014.74007,8,13,698.0410146,43735.13483,48,15.90482781,0.8759043445,2717.470631,15638.27711,42894.93762,1,25,4,1,0.1936173817,3,18,91,10.48199169,0.8230529005,0,53,0
51,70736.55407,19,7,667.8529171,43309.51543,36,9.867960252,0.1787609759,1452.493122,19161.6087,11712.22918,1,14,2,3,0.7630274961,5,75,4,7.801319846,0.1666390094,1,94,0
32,50905.36524,14,9,690.9778921,44062.90714,12,11.61287209,0.5044589585,2882.942245,3665.532248,2354.950034,5,28,4,2,0.3930364885,2,15,1,5.886522886,0.1588860109,1,19,0
48,65476.87684,18,0,546.2029429,30804.5723,36,15.53345635,0.1186252896,3093.139541,20090.93301,4647.879804,0,25,4,1,0.8553928283,1,75,97,4.014488447,0.4450957752,2,65,0
50,63244.59812,9,0,556.9519991,10224.79823,24,10.2379236,0.3672842672,3351.866571,14564.40455,27020.58309,0,8,3,1,0.2745026486,3,31,81,3.18727858,0.6102809027,0,96,0
21,39813.71907,9,18,756.8690222,27975.68008,24,6.722926467,0.3136264986,1660.551928,9588.013547,36312.09892,4,8,4,3,0.948407388,3,68,50,8.911778442,0.8063004156,0,62,0
37,83723.50202,9,4,732.5026513,17280.75486,60,14.55540413,0.7140985643,1941.165773,28440.21544,37120.69137,1,24,5,3,0.3412708686,1,48,38,8.302940267,0.8764462229,1,91,0
20,57277.23193,12,37,686.1829237,1000,12,9.290535442,0.1400964549,2929.802986,21379.74853,44756.55901,5,2,5,1,0.1016945349,2,86,91,7.447458856,0.1124579748,0,1,0
43,49288.63512,18,33,651.704118,23725.89565,36,7.770140208,0.3492332866,2448.591416,25531.88799,41295.39075,2,0,3,1,0.7755578976,5,49,45,4.113593922,0.8723065579,0,43,0
23,60067.09149,14,18,625.4008142,23895.64518,48,3.260894131,0.7931919184,3748.827372,8504.149465,13115.8481,5,14,2,1,0.1883864506,2,73,20,8.919924404,0.3257959449,2,75,0
55,56168.25247,18,21,635.6078805,14133.06902,60,3.384081602,0.5728327649,1974.75384,27669.23726,18305.55489,4,16,2,2,0.4525926095,5,27,5,4.308822533,0.8397544446,0,55,0
32,49538.75066,17,36,688.8740526,59622.96301,12,6.058112605,0.2271948875,1094.785494,29844.837,26185.27379,0,23,5,1,0.06950847959,3,88,3,7.055923901,0.9858180394,1,11,0
57,44017.73943,14,31,712.8681131,12868.01347,36,9.760574771,0.6321246098,2100.805896,18457.53072,13853.47869,5,25,4,1,0.1110529945,5,77,48,4.675342296,0.2050356494,0,10,0
62,65322.93757,14,32,725.0017171,18025.82988,48,3.391383477,0.6263791276,1965.509011,0,18480.7689,2,27,3,3,0.3308104194,2,92,82,2.212600544,0.6626971377,0,48,0
41,68064.27538,18,21,747.777913,28661.53491,48,9.473266797,0.8846025362,2152.723744,0,42333.86583,1,23,2,3,0.3989832713,2,87,29,8.52841264,0.1973911597,0,74,0
21,47748.5882,8,6,762.2479942,57606.95478,24,3.808249932,0.05801315863,1760.971056,9870.663328,22370.44759,5,21,3,2,0.6782475921,3,45,48,9.401849111,0.5191839158,0,69,0
39,73966.92097,10,13,763.7031704,35028.87065,12,10.31570948,0.1181391183,2129.242796,8690.985752,20047.44616,5,25,4,3,0.749210422,5,81,15,11.66467526,0.8925727576,0,6,0
51,54565.11623,17,29,713.5847941,47513.14768,60,4.96741359,0.1803000763,3006.887105,12650.42841,30394.77382,0,2,4,2,0.2811318014,2,46,47,10.72219853,0.2136437819,0,14,0
55,55522.7837,10,30,635.070723,14101.84227,60,14.921784,0.2758550935,3140.640227,8265.361745,28004.30148,0,7,2,2,0.01718820831,3,77,26,4.476458243,0.8873195774,0,39,0
47,67207.67388,13,8,648.8968933,21772.86472,48,10.70058621,0.2063930048,3092.832785,18688.83439,20143.1186,3,20,2,2,0.8691003076,3,36,1,3.147566704,0.6171837036,0,84,0
35,41551.22033,15,18,690.327364,24437.73085,24,4.506768382,0.4608493449,2792.137596,18829.79322,16254.40018,1,5,2,2,0.9857847638,5,54,28,7.428411471,0.791757525,2,43,0
52,65350.17134,12,0,609.815208,25165.70385,48,7.889131674,0.07088922861,300,16420.42201,17688.65609,1,2,3,1,0.4278821465,2,48,69,4.305044391,0.1590072739,0,4,0
31,65825.17504,11,20,772.8081163,18420.05923,12,5.482238339,0.6219796643,4052.574708,1809.819573,38567.37079,1,22,2,2,0.4136559862,4,2,60,10.66027002,0.4955252799,1,81,0
40,74820.19582,14,23,682.351797,57621.33613,60,4.406007664,0.7030128813,1803.239758,24167.64524,39493.27723,5,21,4,1,0.4788819731,4,31,33,0.6287077735,0.1686885611,1,56,0
39,81184.75512,9,13,723.6717505,25042.56752,12,10.63484991,0.8682827482,2789.39053,22359.8627,41601.68127,5,13,2,2,0.6546108206,3,23,97,1.603241387,6.82E-05,0,54,0
53,88331.93024,9,7,729.7828876,25139.12051,60,9.430299882,0.607583289,1820.311697,15369.61913,19260.80707,4,25,3,3,0.4081036655,5,61,30,11.99600068,0.7760089409,1,79,0
37,74762.31647,17,23,660.48143,34209.43542,36,4.639569395,0.7588305628,3191.457572,12341.98796,28475.34566,3,11,3,2,0.719447649,4,96,96,7.277055126,0.542775703,0,48,0
26,42375.97824,17,25,659.609714,28166.67958,12,8.956516162,0.8565603889,2177.126735,20887.24213,38079.11376,1,23,5,2,0.7565360601,5,28,46,4.709911256,0.7442100203,0,99,0
53,37619.80169,17,31,646.8296176,14062.99806,24,3.186298259,0.1370620981,2216.236541,20134.60287,29903.48634,5,17,4,2,0.7936614158,5,38,11,4.303706634,0.127563402,1,26,0
51,68426.32697,16,13,620.2572494,21325.40835,36,8.580490587,0.2225850713,2064.651175,19985.85248,25635.9974,5,25,4,3,0.07441173551,3,20,61,1.779140422,0.8135383336,0,56,0
32,50945.65103,11,17,661.1017306,8129.044827,48,11.71403174,0.3705697993,2804.350251,12646.67109,7592.444043,2,11,3,3,0.7906719876,3,100,16,4.500538889,0.3032309748,1,26,0
49,55644.25786,10,5,607.0671082,32870.46951,12,17.53454273,0.05591897724,2107.750978,12353.05899,20314.62158,5,23,3,2,0.7003930645,1,8,100,5.291902596,0.9188404236,0,28,0
22,78683.35996,11,14,621.0057507,29068.05662,24,12.02975944,0.816433344,2915.144627,19676.85395,32388.5027,5,29,1,1,0.5592474354,1,16,88,2.824204092,0.9964777692,1,20,0
56,70080.40234,17,34,639.7360809,51975.7529,48,13.9034754,0.1578995563,3057.816362,39713.54028,24542.16643,0,5,1,2,0.1661088995,3,73,56,0.5594851517,0.7995145469,0,78,0
46,85842.6894,15,30,727.9000071,36855.06339,12,9.582388276,0.8592490741,1525.286034,2825.568,7545.825578,2,12,3,2,0.599056612,4,37,2,11.45239052,0.2511287147,0,90,0
40,63191.80609,11,6,662.2324146,10195.51423,60,9.026732841,0.2678524696,1504.066872,0,25146.19729,1,6,1,2,0.8252719365,3,55,65,3.665896594,0.2575412686,0,38,0
52,71194.80649,12,19,700.8378003,18300.18898,24,5.432401879,0.7744531971,2605.590688,9299.211943,0,3,2,5,1,0.1649693345,3,43,53,8.181303957,0.587276296,1,73,0
18,31808.42584,14,3,675.0283785,29440.24271,36,5.394528957,0.7496847766,2845.443981,1687.375253,12209.64123,3,1,5,2,0.1028624568,5,51,32,7.328065804,0.2867283393,2,25,0
50,65455.29776,14,23,693.2807283,40284.64793,12,16.83406594,0.4055987948,2989.542425,18206.44076,19503.31039,5,28,3,1,0.9024883052,5,12,51,5.134507735,0.03970917696,0,41,0
62,64302.31505,10,35,667.9352024,34902.68968,48,7.141606739,0.6007739567,1776.109984,20194.85258,13860.91265,1,28,5,1,0.6995072421,5,25,48,9.231869927,0.5293277158,0,37,0
26,55650.07313,17,14,713.7234952,1000,12,6.065378431,0.6926150118,2421.003327,8416.275909,30817.64686,4,0,5,3,0.6750193039,2,47,98,2.551627059,0.5381782402,0,16,0
34,51135.00787,14,3,656.6408755,21915.38675,48,7.752974326,0.2443212313,2568.037781,15393.38502,10350.09923,0,15,4,1,0.8586677922,5,65,22,8.380634804,0.5358124929,1,89,0
43,65721.38112,12,9,487.6465184,24589.96983,36,17.78182633,0.8899024278,2672.187648,11206.25504,18283.35906,4,9,1,2,0.6404516371,3,15,44,7.819610545,0.9254638548,0,85,0
40,32155.97579,13,6,739.8944087,21418.07826,36,12.36598196,0.09087241835,2602.751966,19809.32059,22696.0366,3,29,4,1,0.935475296,4,58,72,1.376952608,0.6377992969,1,10,0
61,48599.09384,15,15,628.0763154,10771.09566,36,17.14402476,0.8513985237,3039.069327,25976.89537,0,3,14,2,1,0.199278821,3,82,43,7.39792366,0.4444270742,0,58,0
43,86276.78978,8,28,761.7289355,4106.674428,48,4.291357518,0.136299467,2913.713415,15352.87548,24762.6474,3,8,4,2,0.5701814015,2,91,64,9.544685614,0.7489364222,0,53,0
51,54082.51244,14,38,729.0104271,41781.03722,12,11.25877659,0.354209156,2686.326424,16041.36715,9204.848052,1,2,3,2,0.7053466821,2,49,47,2.876992539,0.2891930023,1,61,0
22,68196.61833,14,28,556.1966927,26859.19199,60,8.806512519,0.8493893581,300,23483.13689,25584.87878,2,25,4,3,0.895850458,4,28,40,11.44568038,0.7456944457,0,51,0
28,60518.81605,14,16,695.9145195,22208.17549,36,11.98193883,0.1474251435,2519.086404,25692.73456,9312.32058,5,2,3,3,0.2347929099,3,23,62,11.37832335,0.291584918,2,45,0
35,28138.43989,11,34,715.4104871,43256.86427,24,7.148495586,0.8808475205,1427.586826,21585.55575,45428.90882,3,9,5,1,0.08801880657,1,67,20,6.69915534,0.2892990719,0,51,0
39,77048.39314,13,17,748.6978804,22683.83632,12,4.794872787,0.4592423959,3321.854937,4362.637067,8476.907191,5,0,3,1,0.6056803666,5,94,33,11.11634478,0.3025777173,0,17,0
38,58748.81768,9,11,654.8525001,49044.59544,48,8.745160384,0.6812287618,2601.859203,22388.31541,0,0,22,3,1,0.003008566376,3,15,7,9.363387929,0.5431246007,0,39,0
24,70770.46416,17,8,612.395097,16069.00032,36,11.57775919,0.5086278809,1602.124845,0,19551.79165,3,15,1,1,0.7727741426,1,99,32,6.630093316,0.3971914363,0,1,0
45,72988.09873,13,9,666.9099644,18010.08236,36,11.52458557,0.2896252272,2165.615609,5306.863174,33653.13551,2,14,3,3,0.7853526088,4,98,76,4.467619949,0.4065021853,0,2,0
28,53993.81038,19,10,762.8155735,17031.99886,24,13.21279931,0.544421228,2885.620442,0,0,1,5,2,2,0.8880303518,4,88,41,9.584242797,0.7673810137,1,19,0
27,60050.95268,19,10,587.260257,33265.58405,60,6.73844299,0.3889960176,2681.366675,21630.1271,20413.33868,4,29,2,2,0.843992623,5,46,100,5.744232406,0.6808339093,0,9,0
41,60746.07166,14,30,598.5141029,27585.0466,24,10.24427352,0.4356326959,1495.974637,9836.721526,4919.432398,4,17,1,1,0.1979848834,4,84,97,8.403099319,0.4229697822,0,46,0
50,80566.65449,13,36,557.1233233,15507.80514,48,16.28751767,0.5853162951,2715.087094,18179.32995,13399.02919,5,27,3,3,0.3865839404,4,21,96,3.207341478,0.2205191026,1,100,0
57,87372.2265,13,33,689.8982109,26696.45287,12,12.67007179,0.05926585764,3342.683744,12800.88588,0,5,24,5,2,0.2961288107,5,36,7,9.588340636,0.3278064113,0,68,0
18,72445.38291,9,30,736.9043814,34806.24452,12,7.455964012,0.05862534899,1687.012763,18348.71037,20157.77837,4,5,4,1,0.5152234281,1,7,7,4.708536584,0.6088123476,0,23,0
26,44837.68383,15,39,596.5370143,11436.44324,48,14.27270634,0.6133724514,2713.846129,16555.17921,12634.18564,2,0,3,1,0.7529130862,4,34,20,3.991973116,0.2661569559,2,11,0
44,51520.5566,19,0,668.1069523,23339.83202,36,15.60282033,0.7335674119,1906.491877,17470.46968,17880.64878,3,9,5,2,0.7165545154,5,52,79,8.070590284,0.1697974146,0,11,0
57,76063.71844,17,3,716.2336896,26446.94713,12,11.10240883,0.06341180674,3827.116581,8624.941444,32025.44582,4,17,2,1,0.6027300383,4,42,3,10.87325558,0.21230282,1,9,0
23,49677.75127,12,11,641.8350167,34666.91422,48,10.29530163,0.274007457,3632.421177,19231.4475,17164.68603,3,11,3,1,0.1956721129,4,62,27,7.85328428,0.823095398,0,69,0
47,66448.2986,16,26,755.4502691,33734.96392,24,7.785335683,0.2146805092,784.4053002,10298.32426,30962.18338,4,9,2,2,0.3424007498,4,8,20,1.233993426,0.754824698,0,2,0
24,56564.52808,11,38,724.9332897,37801.2,36,15.23673819,0.7545195157,1883.916577,9764.127705,0,5,7,3,2,0.9051639291,4,37,80,11.77028007,0.2130293014,0,45,0
60,50673.37544,9,34,693.3857862,36111.44956,36,9.632548479,0.2682785645,3366.806647,10323.05586,15614.63357,0,4,3,1,0.2343058195,3,87,16,4.554546853,0.5431167526,3,27,0
26,76653.40223,19,6,613.0100782,23960.44416,48,11.11336012,0.2895745805,851.8228866,12511.18153,15735.63572,0,18,5,2,0.2876604403,4,58,93,7.23807856,0.2442947063,0,86,0
43,41472.08222,10,25,599.1275792,14068.28035,24,8.232742212,0.3039210401,2824.085404,0,8022.321015,2,25,5,3,0.1286232656,3,100,59,1.984061454,0.4200821577,0,40,0
46,74764.51975,9,24,781.8071817,24767.97433,48,14.05228638,0.6444297701,2533.46882,15847.68718,3914.332382,2,11,5,1,0.08275077572,5,11,72,11.81904527,0.2556041888,1,41,0
50,40357.74996,11,24,749.394,18924.54422,48,13.90595466,0.8895705505,1967.618485,15801.7792,19813.27832,0,1,5,3,0.826847514,2,43,7,5.720988366,0.2258545561,0,33,0
18,58087.09735,9,39,716.7916595,12799.68841,48,7.859670206,0.7349727915,2894.447774,18212.86912,19285.64808,0,26,3,3,0.6438877314,5,54,21,9.950507417,0.7559749991,1,55,0
56,51807.55402,14,6,607.6494423,17270.65291,24,13.37566216,0.1323836565,3052.712194,7461.342213,30479.43231,0,26,1,1,0.1805654358,1,64,44,2.687622719,0.7403518615,0,70,0
41,71088.8581,9,1,645.260987,45621.40465,48,15.81526818,0.4967398807,1382.771718,15568.62749,18182.04251,1,6,5,2,0.6110916346,3,100,59,7.654813679,0.8313026735,0,39,0
59,71879.11942,15,16,668.5125832,24738.07682,60,3.263303551,0.6330871023,2567.864887,12092.46005,15205.04211,2,29,2,3,0.1342592846,4,77,29,10.63667042,0.6393258468,1,7,0
35,33476.02044,17,21,518.4201547,21268.1882,12,15.5275401,0.2114857393,2899.170488,18486.72972,32998.96502,3,14,5,1,0.5006165351,4,96,44,4.900438155,0.4592871402,0,30,0
63,56156.60104,8,19,678.095165,19669.38304,60,7.449869673,0.8541932918,2349.704257,21318.72805,14133.76159,3,26,4,3,0.5037090665,4,29,100,1.126376854,0.5085239804,2,54,0
32,65517.2169,16,28,686.7056662,23086.32414,24,12.03067122,0.6184299825,3502.934316,13675.9826,17904.34988,5,0,4,2,0.2977047484,1,20,73,2.720932469,0.2863364066,1,34,0
46,53492.54238,14,12,696.2627859,62928.97028,48,15.52443623,0.1249728377,2055.90319,14300.7605,1402.676073,3,3,3,2,0.7252328662,5,35,57,4.146258355,0.1489609814,0,73,0
21,47508.95336,15,25,809.96784,16573.07737,60,14.19324874,0.2689599006,3704.238201,18755.13062,17853.35819,5,20,3,1,0.2319725667,1,96,50,5.643662052,0.6373085415,0,11,0
31,66441.04246,10,33,669.2986542,30300.49418,36,5.108396741,0.6398690226,2849.038653,23098.23542,16471.97532,5,6,5,2,0.4834093798,5,14,3,8.437764293,0.2767882898,0,66,0
38,68608.00591,13,16,663.6399465,23038.0163,48,8.059404189,0.1081052321,975.1483292,15521.31526,0,3,20,5,1,0.6650266697,5,83,22,4.657278575,0.9170052475,0,86,0
54,67083.75624,11,2,678.6852391,4299.01782,36,4.464713067,0.7596626419,1547.048954,6133.343841,21474.16024,1,28,1,2,0.5681534875,2,53,42,6.303620064,0.115803197,2,3,0
36,51644.46417,16,20,640.813134,21232.5836,48,3.756311925,0.763016031,2612.500561,0,33024.39129,4,10,1,1,0.04404947409,4,60,78,8.992283825,0.5692396571,0,45,0
19,56707.95195,16,1,680.6036542,35114.20234,24,8.797022106,0.1384284547,3732.632845,24501.22421,22151.50074,1,25,5,3,0.05374761468,2,83,93,1.665136917,0.3819751778,0,40,0
43,51854.31961,9,8,703.2272852,20347.71205,36,6.197247129,0.2227012362,2166.654971,8995.941975,25489.49074,0,25,5,2,0.8632530897,5,20,51,8.031695731,0.2729223641,0,58,0
31,63887.69807,12,34,623.2615364,12828.20948,60,5.497437561,0.06735491751,1862.733085,12163.92372,6692.280984,4,9,1,2,0.5919157754,4,59,23,4.576647941,0.1125876364,0,24,0
50,76713.79554,13,5,752.6990772,18439.69633,60,13.69259837,0.7595010873,2262.722655,6625.955505,24285.18682,4,13,3,2,0.9906195873,5,49,24,4.046585049,0.1819692569,1,43,0
29,89679.78032,18,24,667.1019825,56783.07937,60,14.08552104,0.2635329399,2775.445011,25542.21887,6895.978898,4,21,1,3,0.760813275,4,32,6,2.821843132,0.4168136188,1,39,0
58,29949.14357,17,8,766.1121805,42952.87845,24,12.10673156,0.3544822815,3077.818402,16898.05221,6088.808685,1,2,4,3,0.4117728445,2,77,45,7.139744361,0.1682804817,0,66,0
22,39257.05576,12,7,727.4862277,27352.2816,60,6.979143274,0.4323658729,2850.704058,6906.633369,5771.069822,0,12,1,1,0.5678722804,1,12,21,1.715990693,0.9807435089,2,93,0
54,60843.07228,8,34,584.2098006,25506.07178,36,6.403701107,0.388139786,1936.235703,8357.17837,36785.30897,3,2,2,3,0.7744938627,1,35,65,5.062474708,0.5078104793,0,83,0
54,55205.02721,18,14,610.1310272,42328.11964,48,13.19409204,0.1710086932,3277.593642,5201.160415,46502.4432,3,28,1,2,0.1671732093,1,63,56,2.623644388,0.596979285,0,21,0
64,65828.17,16,38,589.1629021,23499.36677,12,6.427399822,0.246122911,2709.07381,4304.443013,35352.8225,0,24,5,3,0.6547643818,4,31,34,7.10033673,0.1040151863,0,67,0
48,62325.39721,8,16,786.7607116,38706.65984,48,8.060888445,0.8635981046,2489.579796,22540.89265,6132.044378,0,14,5,2,0.1197181755,3,24,47,0.8899165654,0.5864947325,0,36,0
51,68038.90168,16,27,689.4795321,14289.32892,12,8.848461666,0.1801717737,2618.942174,13318.02536,27625.78383,1,7,4,1,0.4263765343,4,94,22,2.022923368,0.8092554578,2,79,0
49,59305.64222,12,17,621.4963821,29002.58193,36,13.29381352,0.47199417,1421.063691,20616.24628,12634.00152,1,2,5,1,0.8754306522,3,73,69,5.88394078,0.03161671573,2,18,0
49,40164.73193,10,25,588.2848242,22851.03269,60,8.532521218,0.6765921567,2161.243351,6474.444553,0,5,27,5,1,0.004766637888,3,72,60,11.06556497,0.2470587648,0,51,0
45,50612.34489,16,13,687.2107956,1000,12,17.25994378,0.4517256689,2615.01504,3091.279922,25559.67293,4,14,1,1,0.3730582279,5,92,97,11.11993856,0.7480911047,0,85,0
31,41192.7694,12,29,736.2580518,39556.34031,36,4.728089664,0.06804951536,2082.466639,21653.27834,4682.18891,1,0,5,1,0.4891384416,1,80,4,0.6013673457,0.07038538625,1,91,0
24,57034.53325,19,25,522.7223772,31007.85553,24,11.43243505,0.5795081978,2921.196078,8953.997265,19416.82886,3,9,3,3,0.9096109558,5,58,85,10.44067721,0.1846707274,1,35,0
37,64738.17848,16,0,671.8563641,41816.86829,24,11.16180138,0.6009606141,3814.991497,10405.88853,23154.16969,4,9,5,2,0.3468299586,4,42,30,2.659223466,0.4966502856,0,50,0
48,68964.30583,17,8,620.1493577,28595.03132,24,14.17104172,0.832680724,3073.046167,0,36524.82303,4,17,1,1,0.3141258792,1,94,35,2.889195456,0.2956117575,0,48,0
56,55890.12244,9,7,784.7987178,33280.49437,36,11.42858744,0.8151601045,3198.967762,7145.638479,35424.4224,1,23,1,3,0.5844813913,1,65,91,1.389545925,0.8355346788,1,5,0
62,67408.58396,19,3,719.4274127,31118.95747,24,8.17515805,0.4531451136,2084.004437,28283.82154,25948.184,4,28,4,3,0.4547955071,1,91,79,10.08596991,0.8388364686,0,57,0
27,24427.72675,13,12,732.7984926,36791.04701,48,7.665341862,0.7707506294,2974.84974,9198.779667,27599.30994,4,19,2,1,0.1758744756,5,14,17,0.5154454517,0.4153151073,0,67,0
44,57877.78102,11,12,725.4100858,31114.79803,36,10.38341291,0.1931982403,3256.927836,8335.260027,46091.37986,5,19,3,1,0.5370545337,4,40,84,0.9716800245,0.06154126411,2,55,0
58,52288.68058,16,27,662.256537,22612.3521,36,10.75365259,0.06511785859,1371.869252,6674.144228,38750.89301,0,27,2,1,0.7916765278,2,13,71,7.927632645,0.3945898577,1,38,0
31,75248.55889,16,29,572.5288219,33679.08151,60,10.77195385,0.8943847651,1497.498458,13369.13449,46704.07435,5,16,2,2,0.58124235,4,69,11,0.5545153393,0.5033014628,1,67,0
40,70183.13285,17,32,657.3056856,41922.28562,60,10.58782915,0.2990483364,2509.397977,0,48311.97563,3,28,3,2,0.4760941992,5,26,62,8.605995664,0.03017826023,0,86,0
22,51707.9629,10,33,663.1628375,2375.664357,36,3.423817456,0.05522691231,2630.314161,7564.497697,29093.83031,0,8,4,1,0.3294250873,1,80,37,3.184245802,0.3632377401,0,29,0
38,69860.32069,15,17,673.8522677,28986.15563,36,5.453964757,0.6448261282,1898.075381,6814.45087,49071.32952,3,5,5,2,0.4570360575,2,95,70,6.860749084,0.05532024057,2,56,0
31,69724.19353,17,34,799.3815713,23767.87011,60,16.18573585,0.4297991589,3777.669919,13424.49834,24443.78235,2,5,2,1,0.8022549094,1,16,96,1.690383379,0.6086732667,0,39,0
41,29105.68319,9,7,687.4188691,33542.20418,48,3.800167619,0.3476437101,1594.346913,0,30428.56383,2,23,2,1,9.47E-05,3,93,95,7.949145251,0.7262313068,0,54,0
37,50320.05768,13,21,744.3824245,27838.38979,36,14.45666256,0.7320264305,3416.115071,4821.50755,20655.72307,1,20,3,2,0.1882690651,2,4,77,6.085920176,0.8045438829,1,87,0
29,79738.08043,12,32,640.6838589,19094.25063,60,7.58169704,0.8806493998,1746.157595,18887.80656,4866.108288,5,28,1,1,0.2465156443,3,37,94,3.508390928,0.09247268438,1,93,0
36,50322.2207,15,31,698.5884449,24111.77526,24,11.78316276,0.1727621356,2506.216531,16742.09434,13991.23184,3,25,5,2,0.3277813367,4,63,94,2.453751918,0.4526014569,4,7,0
63,42274.44764,18,21,759.7857174,40814.56072,60,11.51031759,0.2652423119,471.5384239,35823.67985,5185.84575,2,20,2,1,0.4816617767,2,61,38,11.76465121,0.5316311679,0,60,0
43,60275.56338,19,5,713.6924364,37023.07696,24,11.02250256,0.7214585206,2134.324797,0,10395.58372,3,5,3,2,0.2854123897,4,66,70,4.073303145,0.5748877378,2,47,0
49,47274.96814,18,38,706.5385616,19619.78792,36,9.604439954,0.8798536363,2079.685461,10223.82293,26276.0278,5,15,3,1,0.883583232,3,79,49,4.560162057,0.9480183176,0,48,0
20,71578.07289,9,21,674.7357805,33489.36247,48,10.14889714,0.8889107628,1929.074294,19418.51732,30393.97742,3,8,4,2,0.9781919224,1,78,23,2.137138842,0.782767351,1,41,0
38,63029.10088,11,21,615.7765079,18934.76855,12,7.212062817,0.4499561664,1962.835707,13104.41457,8992.340822,1,15,5,3,0.929142404,4,83,17,8.510638746,0.4615269396,1,77,0
43,59442.48223,10,38,646.255835,22528.42757,60,4.81789752,0.8724171992,3219.040633,0,21270.46513,1,29,1,2,0.061562088,2,95,35,8.187727006,0.6195220546,0,67,0
45,47240.21522,16,34,625.0878268,33146.31662,48,11.4723228,0.7284505962,2861.303153,6863.695325,34470.09362,0,15,2,1,0.1685736465,3,43,86,10.57415831,0.2111250917,1,91,0
48,64144.62077,18,18,714.9356237,16020.48694,36,13.47679873,0.3464697848,1871.340777,6764.249588,23854.11998,1,1,2,1,0.07640800257,4,40,23,8.425737672,0.9557932859,0,80,0
31,51706.04934,11,22,650.0504514,11764.75542,24,4.941980706,0.3104263246,4104.896523,15914.2179,21101.2061,1,22,3,2,0.647099254,4,100,31,3.641175433,0.1652928927,0,49,0
63,79275.99351,18,22,638.1971029,13340.32526,12,7.0521631,0.7227212278,3764.70673,10760.88065,7001.269649,2,21,3,1,0.9162519336,5,32,50,1.914919539,0.3913906442,2,42,0
35,60894.48666,8,16,757.5887849,26708.29064,36,12.69551537,0.1404921948,523.1140324,0,24411.77984,4,18,5,3,0.8219855663,1,84,70,8.357651306,0.393730942,0,33,0
57,96358.01016,19,31,662.3319731,39628.42232,60,10.48970016,0.3525851184,3205.5764,36120.84446,50035.93203,2,17,4,3,0.1530515051,4,28,59,8.392940992,0.714806338,0,96,0
64,56229.50565,16,34,619.2953532,18173.86377,36,7.248293985,0.2230606912,2236.114547,11607.38975,10751.34194,3,25,4,1,0.6695629217,1,41,82,8.712692089,0.8470808484,0,8,0
31,63934.44446,16,34,586.3977606,27576.13348,24,10.5563759,0.8819468792,2038.274459,28802.05459,11127.61377,5,21,4,1,0.4514569057,5,92,95,7.882329959,0.7042673237,1,43,0
26,45824.29431,12,20,709.4550529,17736.62804,12,6.795823936,0.2116738881,2618.211389,21332.90421,7627.905458,2,4,4,3,0.08904312273,3,54,43,6.893160136,0.5747436935,0,94,0
57,63261.23667,17,19,694.319911,45579.38589,12,3.366252427,0.2136241296,4419.164893,13390.92788,0,1,9,5,2,0.9632627391,3,47,15,4.627780317,0.5226987682,0,75,0
38,51003.8321,9,14,671.828553,15558.61349,12,16.53180745,0.7598011062,2974.788354,18369.65969,18646.13262,5,7,4,2,0.4665190626,5,8,5,9.886549519,0.4328516151,0,26,0
33,54274.93122,11,24,729.3032575,14038.69488,48,12.03666095,0.3385073668,2949.847692,17348.79355,15018.97334,4,7,2,1,0.127864532,5,35,44,1.575056853,0.8468549103,1,37,0
18,68870.40422,11,29,675.5559801,31959.3375,36,15.83913182,0.5036113769,2436.578925,18322.73375,27825.14367,1,19,3,3,0.8749455478,2,22,70,10.80965101,0.3279556274,1,30,0
54,67453.05766,13,3,640.0410725,37444.51419,48,3.130395954,0.8379321238,2510.529602,18809.08072,36910.05316,5,12,5,2,0.6314155933,1,20,74,11.22634886,0.01361542826,0,53,0
57,78814.75067,11,33,625.1974901,29588.21576,24,14.42825014,0.5554252383,2146.539488,27354.09903,15286.07648,4,4,3,2,0.0449180218,5,58,86,4.895644433,0.2837770261,0,28,0
33,71389.74933,18,28,631.5413318,49446.34439,60,6.093940272,0.7352424953,950.6179475,17774.55919,2499.945281,5,28,2,1,0.6920888821,3,46,38,6.043737872,0.5282406259,1,10,0
57,56058.16177,15,0,622.4727353,38021.05741,60,11.45627491,0.3699081521,1301.813492,8373.926698,12137.5455,5,23,3,1,0.3604658611,4,47,95,7.583545313,0.7866531074,0,80,0
29,71147.25693,9,26,635.8999577,33639.33361,36,6.783813589,0.4581368109,3111.88451,23088.24849,6151.804546,5,23,2,1,0.428275454,3,79,41,1.943974488,0.5298764598,0,4,0
32,47203.07768,18,32,651.3575087,12527.89582,48,12.37338297,0.298678152,2601.343351,0,0,3,25,1,3,0.9275972112,5,81,71,10.31378628,0.08008999849,1,45,0
40,62349.82404,18,30,629.1412661,35901.74975,60,14.90493429,0.8748734603,2805.422057,12712.30845,10510.35419,3,3,1,1,0.8858047807,1,12,45,4.78347009,0.5271988477,0,60,0
32,71013.04997,11,9,689.3621496,11773.40693,12,7.939294546,0.3376728771,300,24811.92129,9087.335337,5,14,4,3,0.7828102687,2,61,66,3.13380171,0.02810062217,0,90,0
39,54155.38694,18,23,731.3112808,13865.49403,12,17.43970805,0.8260156316,2835.978949,8588.901715,11191.97438,1,22,2,1,0.6698175694,1,34,28,4.274738289,0.8261977569,2,24,0
27,35320.28284,8,9,740.3678117,19889.12068,60,14.4848586,0.5579386886,3065.60294,2740.060304,7345.83022,1,7,1,3,0.7542612513,3,67,30,2.058959669,0.2920284478,0,49,0
53,54913.72638,17,22,665.9124997,25036.62246,36,13.05522083,0.5006174436,2300.15607,25621.1915,0,2,4,5,3,0.8038965587,4,21,93,8.275960354,0.1458607479,1,37,0
37,39858.52767,13,30,737.188122,25717.54722,36,15.50452363,0.2001139333,2302.62251,1814.023663,25953.79312,0,0,4,2,0.7924884037,5,64,22,6.429563626,0.08868163158,1,60,0
64,35493.19142,14,2,715.6412243,19721.54367,24,13.83464613,0.2799872398,2382.652591,7963.505635,22485.50497,1,7,4,2,0.5451042113,3,34,39,2.719158423,0.6487212269,0,86,0
58,48239.84622,10,21,581.6130028,7704.698092,24,3.511671965,0.3970536827,3830.395181,7015.322956,22596.85732,4,9,4,1,0.3890359908,2,17,23,0.5040305684,0.7332856544,0,76,0
48,65885.73758,11,24,673.6648728,47209.93868,36,8.141787105,0.6709095757,2950.664264,12503.73351,13441.16855,4,2,2,3,0.005479214874,2,18,59,0.6965106441,0.2776361983,1,15,0
52,63997.78101,19,1,768.9000802,11847.6448,36,16.93693593,0.06433271232,1964.045882,11056.88232,16210.26542,3,26,4,1,0.2003862259,1,31,15,10.41122051,0.3095152245,0,65,0
43,65752.9137,14,29,536.4525017,49150.9288,60,17.72008962,0.2522415838,3071.071331,27091.26989,0,2,15,2,3,0.2537751675,1,61,87,1.547946358,0.8106496192,0,16,0
30,56180.17061,16,22,754.2385455,38219.32607,36,9.857531562,0.6314430009,1378.72926,17341.53869,23919.736,4,5,3,3,0.2390691267,5,20,85,5.800785105,0.08153594794,1,65,0
47,80238.32669,9,35,681.940745,13695.51054,60,9.53821602,0.4215414817,3623.923804,17061.38652,27338.86805,0,19,4,3,0.3761883802,1,90,37,2.962547453,0.9310657883,0,63,0
39,46443.74435,9,11,755.1938049,49057.3418,36,4.206866187,0.6885599258,1701.856672,15491.90728,7535.163937,3,0,1,2,0.877114679,2,27,12,2.736854641,0.7786225741,1,10,0
35,43334.23462,12,10,590.7670888,11458.23647,60,5.832881618,0.1485977548,1911.073275,0,18394.7899,4,11,2,3,0.3164070566,3,19,89,7.933478333,0.699587216,0,3,0
26,59465.07461,11,5,701.5054734,17000.50921,48,17.98483604,0.4456250099,1337.701027,16950.08846,32452.38911,1,11,4,1,0.3986561893,2,27,87,7.010043243,0.183504953,1,2,0
33,39785.31599,11,4,690.7470934,24825.29008,36,12.4977329,0.2809378331,1941.268047,12102.40294,1388.098417,1,8,5,3,0.05908045934,5,77,91,5.055240185,0.3718747828,1,42,0
43,53369.27707,16,5,664.0974813,7837.574148,48,12.4689433,0.7574800445,2101.791835,7186.553394,34348.89164,1,15,5,1,0.6964224377,1,76,44,11.25168492,0.3580956152,0,24,0
37,63584.62344,13,13,638.5063711,40563.81668,48,7.616556025,0.6475229726,3103.523393,19306.76631,3304.076438,4,24,5,3,0.8349509499,5,92,81,8.638398877,0.5848773945,0,50,0
54,59423.54555,9,22,630.0093744,19528.46471,12,10.21697517,0.2582936462,2038.551961,19316.79607,42244.17707,3,12,2,2,0.6508709766,5,38,78,8.389615083,0.8056238417,0,76,0
45,79781.9471,18,15,741.7659028,36830.81918,36,9.834467608,0.6706004661,2196.745649,23255.16576,35809.45536,4,17,2,2,0.01145803884,2,31,55,4.25655744,0.08630871938,0,24,0
31,54273.63009,17,26,683.2080241,26637.20391,12,7.07497122,0.4370926003,889.923259,16279.28625,10720.9515,0,1,2,2,0.537602533,2,57,40,9.814251376,0.6509575059,0,12,0
53,72565.4259,15,39,650.9511015,5069.474681,36,4.139735584,0.8117508887,1877.360971,6168.998008,27662.89928,1,16,5,3,0.8669627382,5,53,35,5.311742699,0.1944234601,1,33,0
63,41294.88351,14,17,681.5189857,18903.50407,12,6.985694647,0.6579422848,2811.015473,21370.42158,8650.765057,3,3,3,3,0.01682918543,4,94,45,2.087565247,0.0131145129,0,27,0
63,58959.98701,19,15,625.6985438,11908.68557,12,10.69989235,0.8687358646,1682.447641,12292.74694,0,1,24,2,3,0.2529007349,3,44,71,1.835352029,0.415392531,1,92,0
32,73352.65133,10,0,633.0936587,6026.49895,36,15.04733727,0.3069084072,2894.531248,11066.95887,6704.898593,1,22,4,1,0.2140177059,4,43,54,9.766363673,0.8143906096,0,26,0
44,79530.75714,16,33,703.4245747,38334.9903,36,9.043020265,0.4301511536,2425.323921,25411.98845,43260.65258,0,0,5,2,0.4655431856,1,86,84,6.733176475,0.7591242409,2,93,0
27,61106.25414,10,19,621.5731838,21887.60837,48,13.51141256,0.6675140155,1482.56679,10144.25486,47607.30882,4,16,3,2,0.8918950459,3,4,61,7.01424345,0.999051426,1,94,0
40,52292.99109,16,13,627.4918141,37619.70365,12,3.118789032,0.4629188747,2314.050962,20553.42883,33193.88004,0,0,1,1,0.416555369,3,32,62,3.341981065,0.8512223481,0,81,0
47,40205.09473,14,21,715.6697761,36847.82352,48,4.565056713,0.6011260147,2583.184679,0,15343.7902,0,8,3,3,0.02648125865,5,23,63,4.528372434,0.05716711926,0,65,0
49,80302.96228,9,21,714.6039145,24453.90597,48,12.27978828,0.7549836123,2264.453298,12741.64286,48350.41833,5,15,2,2,0.2165572595,4,25,3,6.753611665,0.5823113193,0,10,0
45,70012.79361,9,0,616.7033339,40561.98702,12,5.751135743,0.09510056488,3560.353927,7887.998244,23267.64615,1,24,4,2,0.2202155111,2,30,61,8.822047151,0.8120998508,1,15,0
27,41695.9343,19,5,730.1036943,24564.49803,24,13.63756804,0.4887378893,2386.299688,19583.05388,0,2,29,4,3,0.5885837323,3,89,15,10.12492636,0.9023184735,2,31,0
59,85815.02759,9,30,598.5317867,25602.90635,24,17.07878363,0.7028008476,3704.288602,26672.80466,5580.334062,1,12,2,1,0.7069252739,3,6,30,3.997297576,0.7046332723,0,30,0
19,50828.64245,9,25,682.7572198,41211.91466,24,3.456928017,0.3788392329,949.3103836,26731.6279,28100.12751,0,10,5,2,0.2439557626,5,85,42,2.018928609,0.7970384262,2,45,0
19,38106.31767,19,33,615.9340671,24032.94362,12,3.056635823,0.8823088913,1075.722032,0,21727.73775,3,10,4,2,0.6995046521,2,55,42,3.189747469,0.7721565758,0,78,0
24,67269.60143,9,32,655.4301444,40814.91231,24,15.59979201,0.06068671037,3398.123336,20215.54753,9856.484371,4,9,4,2,0.03554386275,4,68,84,0.959742469,0.4680364909,0,42,0
24,59860.76029,9,30,601.2182206,36943.31635,48,12.07160891,0.6097684409,1880.032978,13555.99205,23069.53227,3,0,4,2,0.284818655,5,89,21,2.697591269,0.3677188238,2,32,0
27,73950.0101,17,3,704.0250542,30412.69303,48,17.82588043,0.2410537417,3545.969529,7775.443787,32046.63667,4,7,1,2,0.6366993861,5,57,80,3.039133916,0.6907035322,0,72,0
22,54680.76529,8,21,692.9645408,20888.16651,36,3.739613898,0.8569657562,2453.325143,13291.28161,11035.91484,2,13,1,2,0.5144846942,3,24,49,6.723505494,0.8692833091,0,9,0
60,44378.17271,17,2,663.7410114,31279.28722,24,3.68388647,0.7379275243,2313.838532,23567.55229,39211.45475,2,17,1,1,0.1481233608,3,14,31,4.761554729,0.6544938851,1,68,0
39,36664.21822,14,6,700.9948035,26995.08381,60,8.729768357,0.2196180689,2542.28906,20480.88728,28231.78867,5,12,1,3,0.9268539098,3,99,35,4.275987238,0.4243773547,0,23,0
30,57391.27481,10,10,734.1482974,15345.84217,24,16.16742936,0.8272690614,2624.257066,22010.33577,19500.63204,4,23,1,3,0.7347195739,1,21,47,4.731102247,0.5486606825,1,75,0
55,42141.24851,8,2,720.0776481,30019.68481,60,10.2152159,0.1524074888,2198.629253,33820.70996,25921.1582,2,10,2,2,0.5563110203,3,40,93,7.750853553,0.9473709156,1,61,0
25,67661.43323,19,11,670.3987691,35701.71524,60,10.1937314,0.4636561101,2613.476634,7375.27537,34865.92513,3,25,3,3,0.8962709328,2,70,90,5.231896863,0.979097786,0,45,0
34,63900.46218,9,14,600.2188428,14423.65905,60,17.55896409,0.679188231,2132.972718,20272.54067,19695.24946,5,0,1,1,0.522788003,3,45,73,1.428444472,0.1804329647,1,99,0
28,71236.21844,17,8,642.7408621,19290.6469,24,12.76266097,0.4761145909,2556.826523,0,1943.585671,5,14,2,1,0.518721714,3,34,11,7.699317533,0.1716385015,2,80,0
61,44954.34154,14,38,745.6334146,22502.96063,12,9.741415473,0.1032463713,2410.404795,16124.69959,10615.89018,3,4,4,2,0.7743015665,1,74,83,3.812757296,0.4412491688,0,15,0
43,74712.36453,12,1,729.2210347,24820.34382,48,15.99170933,0.7802236133,2938.851748,2033.304569,4161.718986,0,6,5,3,0.1580286516,5,29,52,1.310762289,0.261426056,0,65,0
48,52754.4063,13,8,649.7191985,6406.942847,60,8.228955883,0.7186793447,2713.173743,8808.536953,38367.80407,4,8,5,2,0.8155824312,4,2,9,1.266942872,0.9713606793,1,27,0
57,50769.95476,12,34,635.5926395,40995.2449,60,7.030623864,0.4530445237,1793.550086,16634.43302,0,2,8,1,3,0.2565387043,5,45,33,4.030052452,0.6536827037,0,6,0
64,75672.73074,13,23,586.8304691,46969.34025,24,9.746232107,0.5599004598,1785.432925,35203.7512,21248.93525,5,23,5,2,0.4810689697,3,32,4,8.195695484,0.2306902218,1,91,0
63,59643.94393,19,19,723.6010103,15535.01354,60,14.36261064,0.2558305591,966.1765369,17896.878,14075.73941,0,18,5,2,0.8834291614,4,51,6,5.008634826,0.6730718613,0,20,0
50,76494.61321,9,34,734.2836731,36553.84491,60,4.120348046,0.2145178585,2348.831799,14954.53198,25339.74119,2,26,3,3,0.2529586881,4,67,17,4.419961392,0.1843490175,1,55,0
23,54585.75878,18,27,766.0132731,13516.12248,12,3.237118526,0.7291500375,1482.161161,20436.07068,36007.0925,2,13,4,1,0.2397905581,2,98,46,1.653230799,0.4373855169,2,23,0
23,33689.19013,9,36,728.9084606,21602.04771,36,4.678640396,0.1462062207,1574.729206,11590.3569,35273.15545,3,27,5,3,0.05554656667,5,64,79,11.46182622,0.04195113224,0,79,0
27,51026.4487,10,21,706.4774236,10887.16458,24,17.27191971,0.8609393928,2738.595104,28532.61805,18996.91358,4,14,1,3,0.1003626294,1,33,47,2.19388671,0.9575018234,0,19,0
45,30400.48852,8,13,751.0183689,43356.12235,60,12.4288985,0.2236883434,2227.658612,21415.58463,3206.327272,4,7,3,1,0.5395570498,3,70,50,5.137421626,0.06755287948,0,96,0
18,60177.3745,19,13,590.8079041,41414.90007,60,15.95051985,0.3429618343,931.5007163,17522.40278,40126.02572,5,24,4,1,0.1525752098,5,14,69,5.237399136,0.4121397989,1,82,0
64,81492.4911,16,38,618.9644474,9067.546264,12,13.84691415,0.7611214754,2953.201921,12853.45797,22649.89159,1,25,5,2,0.2549646862,1,87,56,1.658111396,0.1946786054,0,30,0
50,74648.1814,18,37,641.1665666,51605.03186,12,11.65812961,0.6426783652,1319.506061,15535.25901,42805.25216,3,21,5,3,0.8400194386,5,26,92,2.443862386,0.7553477796,1,34,0
37,34188.04429,19,12,610.9952773,5490.646573,24,10.37027391,0.3193681612,3542.868568,17594.73374,5514.353636,0,5,2,3,0.8314751708,4,91,73,0.6829699882,0.8950663717,0,79,0
58,66162.19998,17,39,717.1187803,3689.924334,36,9.649769278,0.7279157721,2729.71903,29649.7227,6520.090855,4,24,2,3,0.4856585178,5,61,9,7.588107376,0.2735119169,0,73,0
42,67821.34607,13,19,606.4515187,23231.97878,12,4.301822851,0.4573197672,2783.378134,17070.09423,5337.223724,2,0,4,3,0.381750001,4,79,57,0.5764629319,0.5991244797,0,18,0
52,66144.29958,15,28,735.8895472,15204.89588,36,5.838768312,0.5533250818,3036.429285,14804.15559,18253.49745,4,0,1,2,0.01156312237,1,1,10,0.7032678614,0.6777786066,0,70,0
22,56705.22988,15,33,723.4082417,32766.80691,36,7.879536532,0.536760426,3340.827134,7643.21952,0,1,27,1,3,0.1542559548,4,88,57,3.592237253,0.08361193255,0,61,0
45,70650.77629,13,30,746.5250914,42164.40713,36,14.42886794,0.2255206173,2353.948317,38727.34519,11697.96345,0,6,3,3,0.08799746623,5,25,77,7.512795775,0.420478971,1,77,0
31,91251.65256,10,0,713.3658462,17006.7181,60,3.814591388,0.4713135207,1339.268539,33408.59036,16865.5064,4,4,4,3,0.554497984,4,78,3,4.143410808,0.6956871785,0,45,0
63,76914.47747,8,36,623.7371034,39024.14498,36,5.993412112,0.5778577803,1976.279015,10690.9242,24625.33383,0,21,3,2,0.3825554907,4,8,37,6.703921401,0.845185532,1,17,0
64,79338.33565,13,29,573.3532237,1000,24,12.60529457,0.2562128767,2551.703264,23466.70625,40834.36996,5,28,5,1,0.7392581799,5,72,68,5.862436538,0.9694173207,0,44,0
40,54447.13144,13,0,651.0495061,21197.94821,60,4.128840416,0.8348555248,2410.573416,0,4734.861813,2,20,2,1,0.7019788972,1,24,65,11.7985883,0.7158924243,1,84,0
64,68266.44071,18,6,604.578852,15120.92558,12,9.690285797,0.1227163393,2073.841809,23505.95817,24051.67167,0,12,3,1,0.8118683364,2,12,65,10.37819892,0.04265200591,0,26,0
35,43673.57542,13,4,602.8715638,33834.76588,48,4.021060042,0.4276673107,1264.973391,18112.77707,27514.2854,1,10,5,1,0.2082239865,1,83,43,10.52128555,0.7421620536,0,35,0
63,49047.57301,8,2,595.9926883,44743.90999,12,4.028281063,0.3679381486,2126.882166,0,32296.40301,3,10,5,3,0.7796707207,4,48,53,4.82970067,0.1119905537,1,9,0
61,59461.91665,8,1,674.223955,33314.21747,36,15.93145058,0.6545630875,1186.623828,4290.429072,20686.52414,1,9,3,1,0.5396557457,3,25,56,3.482412646,0.454305048,0,15,0
20,69221.71711,17,11,747.10999,35673.16758,60,16.59402759,0.6880327664,3290.03229,31021.67942,18638.03025,3,18,2,1,0.3173411578,4,31,3,8.844125046,0.2198925611,0,96,0
47,39613.84118,16,25,699.8739311,34715.61184,36,5.948968026,0.6176068332,2050.689386,7048.245169,41417.67735,4,22,2,3,0.5466136773,3,31,57,9.858263911,0.0063077842,0,68,0
28,61539.2601,17,22,719.4306447,27215.22955,48,17.3177094,0.6419036892,3399.258432,22175.19276,12346.02069,5,20,4,1,0.7097974809,2,91,90,0.9412052582,0.6349571702,1,77,0
51,85088.07259,12,31,545.4715723,44933.4573,12,11.71280223,0.2983457793,1234.318456,10778.30362,0,5,25,1,1,0.3675097627,1,92,28,6.159793584,0.9211580774,0,100,0
47,38854.6046,16,14,626.743506,20801.17482,36,4.002012961,0.7088096769,1748.125712,18954.12091,33158.47559,0,17,4,2,0.7382342991,3,48,27,3.220755068,0.1559978089,2,99,0
36,53358.56001,19,3,703.8060444,16769.92624,24,5.626194105,0.852994208,1740.192818,13759.45674,8456.099145,1,23,3,1,0.9742927907,4,61,8,9.947150068,0.917119807,0,70,0
56,84621.01397,14,11,676.7924889,43303.56021,24,10.59637136,0.626063403,1730.857114,11450.35354,0,0,11,2,3,0.2326998198,5,68,96,11.77281253,0.2753278626,2,37,0
18,64165.33402,16,39,698.1149356,11650.46706,36,6.19405589,0.6654637229,1692.698626,11521.13427,24740.3081,5,10,5,1,0.5173090798,3,99,94,1.390085188,0.8682441107,1,13,0
45,59666.0297,15,34,671.2394806,8602.088121,60,3.071817786,0.4894259933,3156.45766,0,34440.23326,5,23,4,2,0.6454269638,1,5,99,11.35467057,0.4499361125,0,36,0
39,61651.04163,11,29,753.3235049,30575.13238,60,8.401060603,0.1042322251,2347.361427,19857.2604,57462.80641,2,20,1,1,0.2203129156,3,56,65,7.779144014,0.8271139119,0,23,0
60,50693.97511,9,23,650.2250587,26492.82773,36,13.22004042,0.3460005969,2956.747138,6744.504493,3144.985661,1,12,2,1,0.6047283966,1,43,73,1.255394653,0.852999787,0,25,0
59,76370.09273,8,20,651.1975404,17403.04344,48,12.63729946,0.2940907178,2034.090397,11883.8803,33500.26789,1,17,1,2,0.6842569847,1,82,18,6.86755244,0.7620880731,0,3,0
35,52567.62147,9,33,697.7973468,25443.34348,24,8.266281005,0.7771585663,2821.769624,16298.59686,0,1,4,4,2,0.4907465597,4,91,19,6.196924427,0.6240303936,0,92,0
64,56397.86068,11,23,713.2315894,26120.14485,36,10.06998952,0.06150368901,1502.165725,16041.99067,36090.94336,5,23,5,3,0.5087224032,5,52,24,8.850462836,0.7166147591,1,92,0
64,50124.7849,9,28,682.5010809,21583.98452,36,5.387991015,0.5212155652,2004.143085,10332.74007,26184.56967,3,13,2,1,0.5424048325,2,37,86,7.647183582,0.01140878926,1,92,0
37,69726.72325,16,8,782.411864,33953.30138,36,9.232428675,0.7857425856,2088.331511,5993.231462,1974.079686,2,15,3,3,0.781737369,5,99,32,6.500322468,0.2647631575,0,17,0
60,52187.94914,10,10,744.826198,15664.0054,24,10.70869747,0.264352946,3130.861302,17447.04509,18543.18963,5,13,5,1,0.844891767,3,27,76,0.5391877194,0.1042674791,0,50,0
23,52348.4569,16,17,616.7526046,35190.0753,48,3.717880741,0.5617960943,2441.263723,1446.202232,17379.59279,1,13,1,1,0.4249702008,2,66,78,5.126296708,0.9455969598,0,5,0
37,55759.82055,12,29,592.6099344,28840.10254,24,14.40319551,0.1978264572,2518.237544,10674.44137,32750.77585,3,10,5,2,0.2122095862,1,1,52,8.780288717,0.8539573697,0,15,0
42,66356.00959,15,27,787.921095,12926.18561,36,14.56666388,0.7527467735,2796.946957,17092.01231,0,1,19,1,1,0.6220150002,5,99,6,6.82420093,0.8128067027,0,46,0
44,40037.44511,11,4,598.2000284,27535.83177,60,8.972073783,0.8187743471,1334.98068,26475.30326,24030.1554,2,1,3,2,0.2145352791,5,70,92,1.930002002,0.5431672144,1,99,0
57,52471.5837,15,17,677.4053005,9330.073797,36,6.680444638,0.6884773871,3238.450731,1391.466338,14428.26021,4,15,3,3,0.8612568554,1,10,90,1.85444628,0.2262648614,1,26,0
60,63263.75169,14,3,739.5069586,14008.32663,36,11.45459422,0.3264853825,1364.470943,32703.74873,28449.07792,4,20,5,3,0.5368270774,1,56,46,8.433196311,0.9762818091,0,18,0
19,66696.47595,16,0,627.7968474,39288.31549,48,16.77246305,0.688516454,3173.346192,16403.15484,14035.12233,1,20,5,2,0.8527028058,4,86,97,3.685093904,0.303125285,1,5,0
40,46329.10005,10,22,638.7391773,5338.499037,24,13.9056811,0.639903783,2031.534197,23814.02087,8527.214315,2,24,5,1,0.3779964844,1,28,94,8.328172591,0.6804993923,1,5,0
47,65985.6065,18,31,676.7052174,9549.619536,48,11.07226953,0.4791586067,1899.606787,21718.4716,31623.93543,3,5,4,3,0.5405348646,4,73,53,10.6672487,0.7515803246,0,95,0
19,66190.70547,14,24,645.7266994,21513.32006,12,14.57334695,0.8088539565,2088.581903,17289.32305,11916.30399,1,26,4,2,0.6414528068,1,23,24,0.9494114402,0.5453711128,0,8,0
42,47777.90545,8,28,710.1456842,30798.06264,36,5.448960773,0.06572543232,2942.727798,19492.43272,43833.01978,1,13,1,2,0.1143145303,1,78,58,9.308815093,0.9568235784,0,84,0
27,75070.39934,10,22,705.1514033,7520.00184,48,13.56819867,0.8568357477,3582.123196,25312.2468,9367.702781,5,19,4,1,0.64728195,1,78,48,3.376733788,0.182523032,0,43,0
24,42733.24754,18,18,623.6794138,29671.89867,60,16.67415542,0.8972122786,1827.679955,19380.74559,10371.43284,0,1,5,1,0.13518053,5,47,15,10.00240215,0.4940519222,0,40,0
47,44228.36471,8,35,566.7954394,20634.80714,24,5.21148456,0.7984673619,2832.92761,20949.47914,16998.79514,4,13,1,1,0.9038821203,1,65,92,11.16419319,0.8675626527,0,98,0
58,58570.12338,11,18,707.996428,8264.296405,24,15.30772779,0.4250162279,2110.00809,11669.60937,29491.01444,0,27,2,1,0.07560464434,3,62,57,2.835432731,0.7894923977,0,80,0
45,68608.77054,11,31,628.9399682,29714.89684,36,3.304085757,0.4361158411,1480.06316,8771.243753,6231.911658,0,8,5,2,0.2617220974,4,11,71,11.53544968,0.1203208656,0,80,0
21,65428.65224,10,11,613.9573051,5449.31739,48,16.0748874,0.06246689793,3156.465682,14356.38042,18349.55683,3,23,4,1,0.1594143686,3,11,67,1.300391106,0.8742512259,0,83,0
39,81803.4246,13,29,592.7688376,19567.57615,12,16.50464928,0.2033830179,1911.928453,26652.41758,29604.49774,0,7,4,3,0.461554963,4,92,16,2.598818013,0.978121387,0,59,0
18,93012.6775,9,27,630.7440697,1000,36,13.06514581,0.8320502977,1237.896433,23055.15637,24003.7964,2,24,2,3,0.5524697595,4,7,89,5.093474245,0.1420528436,1,21,0
48,75177.51621,17,4,631.7244674,44456.70815,60,16.23058118,0.8534451942,3726.799395,20185.3421,23730.89792,0,28,2,2,0.9970295735,4,7,2,8.895423619,0.6443731718,0,49,0
23,65777.49573,15,6,774.3138833,44394.09118,60,3.968690213,0.4173856235,1973.522858,10111.52639,8634.318359,5,25,4,1,0.40496889,3,46,86,3.959404365,0.2536963656,0,83,0
44,73550.19716,12,34,634.1500505,21433.12891,24,10.84624395,0.132797865,2175.923082,27061.7887,21803.86133,5,3,2,1,0.4809122279,2,29,78,6.612249852,0.7267309695,0,16,0
43,76115.93961,19,21,619.8122435,26869.03594,48,17.36660838,0.2204644104,1234.301119,0,44922.28826,3,29,2,3,0.1161776942,4,62,29,2.163896589,0.5005407334,0,37,0
55,41881.43388,15,33,766.1739939,23180.66549,48,9.400334323,0.2338100996,1265.699853,19619.33234,5435.381754,5,19,5,3,0.5847431543,3,37,44,8.725436568,0.2536968715,0,46,0
28,28305.78549,10,28,638.7771177,17933.95314,12,10.83066218,0.3331203984,2609.566956,13171.2091,26550.75401,5,27,2,3,0.04546448562,5,50,98,5.585573137,0.7026958772,0,12,0
55,65683.61928,8,4,705.5350833,24821.70281,48,17.83680394,0.8481832015,2801.701411,20387.06042,20772.60851,0,22,2,3,0.5687796126,4,61,44,11.52727556,0.6999348969,1,60,0
51,55451.1318,9,36,643.4052496,24082.4953,24,12.03728222,0.8706314097,2986.043531,17976.41539,20183.87197,4,23,5,2,0.6464284988,5,53,64,0.6505180146,0.1683492712,0,11,0
53,66371.43622,16,1,833.7704022,1000,36,3.577790272,0.6314170575,2455.654372,7029.357674,7658.391417,0,25,2,1,0.02748347057,5,80,46,7.700370796,0.1250290701,1,47,0
41,90528.48261,9,18,639.9822317,45767.98309,60,8.03088935,0.1163128292,3180.01199,13324.41389,14157.15879,2,17,2,3,0.5362837955,2,74,16,8.053649417,0.7472866943,1,63,0
18,72228.86111,17,8,733.7680743,29163.75779,12,6.797584398,0.4177906328,2786.849959,7045.245927,23792.44547,0,18,3,2,0.1501456677,5,35,79,5.918145119,0.1659154528,1,9,0
34,58076.67171,13,28,669.0935452,15081.43391,48,5.331586237,0.6191141837,3448.84283,16859.17544,25575.19203,5,25,5,3,0.6850616628,5,15,72,7.479015496,0.309229949,1,20,0
61,47015.86934,9,0,624.7231678,24143.16098,48,9.170967641,0.06073989996,1596.897803,14275.11844,30085.73754,4,26,5,2,0.249924873,3,39,53,5.011717663,0.6570337575,0,22,0
50,78797.02881,16,2,729.1866256,8393.045047,36,3.235651652,0.06177770793,2771.143669,5419.225003,30732.56318,4,1,3,1,0.9151750003,5,77,10,5.389082243,0.7815762314,0,19,0
62,36297.25755,10,27,669.5610482,35558.6908,24,9.986751527,0.8849778917,1336.330065,9553.176099,17038.86564,2,8,2,2,0.8194989222,4,67,30,5.1984916,0.4527903048,0,57,0
52,55311.56415,16,22,671.8046002,24906.05395,48,12.69682597,0.4158125494,1399.586783,11440.96708,10724.46089,5,3,2,3,0.1854763657,2,80,90,11.5476457,0.9494783794,0,51,0
29,49468.28853,17,9,680.8607494,23060.7106,60,10.88435881,0.3430294031,2556.62024,25616.27208,2225.350227,0,0,5,3,0.6675392208,4,46,27,11.63751841,0.9714736419,1,94,0
38,71645.46429,13,18,574.9760565,23605.75745,36,13.93940538,0.7821256569,1561.063533,20699.38949,30624.53628,2,12,1,3,0.9519352829,1,56,13,0.9833269702,0.1508681847,3,62,0
35,59479.15798,14,39,724.1853841,37421.73976,24,17.41434908,0.5174002734,1401.142894,11085.03504,28173.44505,2,16,2,2,0.3571405806,1,76,63,10.28899648,0.5891603226,0,88,0
28,47627.41128,19,37,722.1262945,10892.8389,36,13.89829807,0.7080377527,2423.560647,17206.47147,44461.30905,0,25,2,3,0.4846682167,4,46,3,6.804726927,0.7739228619,0,8,0
39,49790.28274,9,23,573.4387451,44436.52431,24,13.40611904,0.7393064964,2147.015368,20683.87203,37243.60358,0,8,2,2,0.400353201,2,66,23,10.65214089,0.4013686838,0,53,0
34,70960.44982,18,7,694.0363535,8673.669918,12,5.953787043,0.3287003472,3705.424552,11573.24668,14663.92091,2,10,1,3,0.3400761914,1,73,81,8.668509741,0.684704237,0,89,0
23,84968.37303,13,22,643.016344,44031.7069,36,16.3641665,0.1475891333,1972.901027,14972.8687,25649.52598,0,4,3,1,0.260120797,1,78,95,6.506836882,0.2333562804,0,19,0
18,41509.23996,18,16,735.2620821,32397.49885,36,6.045645518,0.8895585023,2814.735057,8632.051965,42543.63186,2,8,3,3,0.5846879915,2,17,30,11.66215365,0.9556337733,0,20,0
28,47786.24099,18,33,630.5878867,23004.51066,24,11.12447893,0.6806350325,2087.968907,13015.58803,5722.433727,1,6,3,3,0.9374940911,1,10,16,8.790327901,0.09115123394,0,15,0
61,65728.6317,16,32,635.8436865,14797.32309,12,14.16533543,0.6043949508,2560.447139,18880.42995,12733.6281,4,19,2,3,0.7758561485,2,69,93,8.662064958,0.8455025807,1,51,0
30,65650.51517,15,13,680.6249522,32536.34796,60,4.910843697,0.4039281351,1798.551497,20668.44624,18271.58371,0,25,4,2,0.4204713901,3,88,73,11.90168013,0.9995017348,0,62,0
49,76900.38695,15,4,681.8307723,2158.453505,48,14.56284328,0.6421114049,2732.538869,5721.18908,2003.287002,3,28,5,3,0.3981330337,4,86,43,1.771831148,0.9074229131,0,20,0
26,48876.64328,11,32,610.5944729,27972.17504,48,16.24866644,0.1503309549,2131.617959,0,29984.90811,1,2,5,1,0.144327063,4,85,53,6.5597309,0.8633576082,0,47,0
41,74231.0553,10,10,676.6466787,30718.56641,60,7.950495217,0.8005133264,4013.559218,12302.81243,34316.73864,0,15,3,2,0.6779539865,2,24,14,7.052507188,0.4222071892,1,2,0
18,62108.59369,16,8,556.8324529,24651.41173,36,15.06310644,0.137740345,3727.017105,10043.89531,49226.95544,4,19,2,2,0.8292404116,1,83,10,2.777562758,0.2611302348,0,2,0
62,60672.17026,17,22,668.3722452,26466.18081,12,15.98245236,0.07933327012,1707.034922,16096.57632,11677.56518,1,0,4,1,0.06596529712,5,18,36,9.166334916,0.8435004929,0,35,0
21,71571.59258,12,1,685.7498042,24837.45043,36,4.737203471,0.6850249579,2988.676005,5897.71577,57661.63388,2,20,4,2,0.7648139058,2,84,32,10.67032224,0.7572851353,0,63,0
40,55799.14626,10,25,669.1564447,35662.13419,12,3.484642592,0.1610646765,2947.112474,22014.2201,9675.643888,2,7,4,3,0.7659844402,1,31,72,5.2023512,0.7388159554,0,4,0
46,59052.82419,18,12,701.5573252,23397.83589,60,8.176449601,0.3373998319,1928.89982,10553.14116,30332.03063,5,8,2,3,0.158251079,3,90,18,3.799899761,0.845879906,0,9,0
24,39873.10646,17,35,565.6017179,27651.55059,36,11.21151984,0.1196224674,2173.863831,13843.64703,36739.4865,3,1,1,2,0.7092125477,2,94,94,9.770564246,0.919418454,0,36,0
54,50392.84443,8,38,604.6987744,24960.277,48,4.267402445,0.3198902643,4399.058213,23967.47501,28059.18427,1,29,4,1,0.7268174283,5,95,54,11.64348438,0.6095770524,0,72,0
31,66569.42,18,20,548.0440966,22912.31905,48,6.018605103,0.7526288539,2800.666323,0,32269.40857,0,28,3,2,0.7332196,4,24,39,9.636744998,0.8042472225,0,61,0
58,51670.82507,12,0,776.4476991,17826.80939,60,16.77509384,0.1240754286,2839.073242,18185.60267,23795.54697,4,12,2,1,0.6795735885,2,20,84,9.468091258,0.6003345715,1,33,0
42,70796.16163,9,28,676.8148448,25599.48633,12,9.932551078,0.8234422116,2308.017259,2677.286203,1371.280605,2,6,5,1,0.7546410531,1,8,65,7.310414546,0.983956072,0,80,0
53,63840.55816,15,5,636.0312124,31944.49081,48,11.11570256,0.674119125,749.9065359,28039.59999,37581.14704,0,14,3,2,0.0132731621,4,62,45,5.089324991,0.6540898538,1,34,0
31,36292.01346,16,1,668.4939522,29348.27909,60,5.381310181,0.6928904387,2093.869369,0,8459.133939,3,11,5,1,0.05693670487,2,97,1,2.434668692,0.2779157257,1,84,0
21,50875.27934,16,5,686.8007427,22972.77144,24,16.33815955,0.6689511462,1781.355956,22069.71339,63174.39126,2,15,1,3,0.1762151272,1,11,62,3.683748195,0.5861001654,1,55,0
53,45928.37993,19,36,783.6256314,15253.91434,60,14.87075638,0.1946897373,2364.178691,20139.24723,36655.6849,5,27,2,2,0.3167310772,5,48,67,10.1308002,0.3465722464,0,87,0
57,74020.62865,16,13,759.8078609,16416.02457,12,15.45087071,0.2175312125,2924.808907,14273.90324,1357.251949,1,7,2,3,0.4012938558,3,72,26,10.69593575,0.8977432918,1,21,0
41,94602.54051,10,35,804.2460057,12814.08516,36,5.778853039,0.187996918,2439.022453,6903.306876,0,2,19,5,2,0.6273570956,2,89,38,4.67257107,0.2059377607,1,19,0
59,73566.82386,16,6,689.1153891,28958.98852,24,6.980639882,0.1235404462,2950.420283,9205.861188,0,3,9,5,2,0.7904622665,4,99,19,4.11882542,0.3105050498,1,64,0
64,72499.20145,18,5,687.6117179,28484.63086,48,11.09393427,0.3091356837,2654.721419,13120.65515,14143.50614,3,17,1,3,0.932918435,4,95,85,7.761889059,0.2472093989,1,41,0
43,77939.43659,17,30,705.7484993,26664.54975,12,6.4849606,0.2633094004,1338.677907,19384.26232,0,5,18,4,1,0.1306689304,2,51,21,5.939313427,0.2847442767,0,30,0
22,53938.47201,11,17,727.846746,13242.57171,12,12.85855749,0.5011411286,1762.206434,6388.155001,43795.24679,4,4,2,3,0.9298113976,1,86,38,1.675382953,0.9474034331,0,43,0
49,69520.17568,9,4,578.6123176,14056.99995,12,7.705554859,0.3232857612,3282.924338,4337.860519,875.9339245,0,11,3,2,0.9258857185,3,17,74,4.904347765,0.9492757233,0,67,0
60,50227.62626,17,4,675.562739,33060.29029,36,10.68056825,0.3984813509,1646.054143,15722.38919,0,5,16,3,2,0.1793914256,3,70,24,9.903191609,0.9254215797,0,92,0
60,29098.50035,18,20,679.8313824,23177.43763,12,12.23914544,0.2445392911,1607.813447,19924.44243,16408.72872,1,10,4,1,0.155827275,1,62,97,1.426142598,0.9269918889,0,65,0
30,40997.03854,9,16,773.5389837,19088.47601,48,6.664765624,0.4866531616,4070.235571,0,18317.74605,1,23,2,2,0.1700303612,1,35,1,4.638969323,0.9607752175,0,65,0
49,58270.96845,12,3,569.994055,25409.68103,24,6.013479208,0.6269075387,3507.07014,0,34492.64872,1,9,1,2,0.2944302137,3,91,17,8.201742156,0.6059666646,0,6,0
42,53349.87491,11,37,691.6484299,9897.734515,60,5.452605317,0.2924571417,2584.32442,9446.015757,0,5,15,4,3,0.1167119995,2,31,17,11.2782072,0.02297292573,0,78,0
54,61558.6471,14,12,740.3197761,17831.36368,60,16.75884903,0.5068313225,3133.873433,33219.23605,26099.73629,2,23,5,3,0.7198622442,2,78,48,9.153664005,0.2477471754,0,34,0
30,39429.58448,16,16,677.0664682,22701.4661,48,7.80455997,0.7440958411,2971.059016,6567.240128,18009.20811,2,11,4,1,0.396090333,2,72,43,6.30943579,0.8494925467,0,30,0
42,46857.88801,9,15,701.9922452,4939.424325,60,14.94425191,0.1653077403,3236.001383,18630.04982,0,4,10,3,1,0.68412707,1,65,10,10.36799751,0.04101408062,0,9,0
31,66106.34896,15,24,757.8072571,14142.83215,36,10.84604031,0.222915175,2691.278308,11905.1834,141.6013942,5,24,3,1,0.8513645429,2,13,83,9.499621662,0.3053167374,2,8,0
24,65092.07443,15,7,599.5055938,19030.67445,48,11.07235598,0.205786766,2717.061222,17128.45819,18647.97277,5,0,2,3,0.2389202805,2,66,74,3.946828367,0.9463899567,0,70,0
36,74805.77985,15,4,828.5761636,21221.42113,36,14.44366086,0.5911711576,1731.349902,24303.56855,0,4,27,5,1,0.6349419851,4,34,2,5.861525973,0.1974001973,1,76,0
36,54068.36634,11,4,596.3347005,23451.50188,48,10.00344712,0.5995890586,1363.795682,25845.15654,8281.625006,1,12,2,2,0.9993128814,3,5,34,9.383457482,0.8511813217,0,82,0
58,47432.8886,9,28,628.1100234,21985.23443,48,12.29594337,0.596637873,1873.933341,16388.63147,23527.125,5,24,4,2,0.5968181807,5,47,44,10.23997826,0.5397127821,0,81,0
22,61080.60615,16,31,730.3462439,45472.08369,12,10.34372303,0.564220596,1484.780678,20259.98113,0,1,19,2,1,0.8117668246,3,35,68,0.8900824276,0.8944033966,1,86,0
60,73156.08768,8,20,634.0689862,16357.78644,48,16.61045434,0.442946674,3793.24399,15698.62345,6149.867836,5,21,3,1,0.7977556258,2,96,27,8.573249411,0.001113769989,1,89,0
48,63035.53512,17,35,724.8704167,14410.01145,48,3.649849406,0.213510627,2033.013142,32686.55375,6867.35331,3,17,1,1,0.1950546805,2,44,15,6.31349128,0.579924408,1,62,0
23,45344.34368,18,6,631.5520523,21937.75271,24,5.816298137,0.3844947048,3110.076577,5898.437835,52043.74237,2,5,2,3,0.5338432973,5,12,78,6.481110064,0.2093231175,0,40,0
53,76114.63554,16,27,725.7176656,22530.96198,12,4.29618771,0.8255136207,4026.596611,18880.19828,17060.34605,5,29,4,1,0.5081889432,2,48,40,3.833058962,0.7381743812,1,89,0
47,58233.66221,11,26,696.7129165,48471.17823,24,17.73912057,0.820969302,2376.335224,10315.6479,38891.11342,0,23,3,2,0.06853336027,3,20,19,10.42484545,0.3673845731,0,98,0
37,30752.42775,18,28,749.1101662,7735.143347,12,15.7158486,0.09882306694,3335.993917,10109.6918,0,5,8,5,1,0.876978595,2,67,10,1.544459021,0.263647701,0,11,0
56,46033.77585,18,11,747.0777359,18435.57736,36,3.66645939,0.6100013125,2421.811517,18848.686,28908.67042,0,20,5,3,0.7936009696,5,80,77,2.870889007,0.972661477,0,44,0
42,58658.05651,17,37,579.0925724,24580.60984,48,16.59359974,0.83309784,2152.648986,17619.31293,0,1,18,1,3,0.2804454439,2,100,36,5.972491895,0.7342912708,1,18,0
53,66268.96944,10,20,714.9801302,34708.99635,48,4.862578256,0.6601501686,2870.987802,8800.230059,2488.022121,2,0,4,3,0.08405922712,2,91,63,10.40619665,0.1072097154,0,52,0
40,60581.45567,17,11,651.0412741,16918.62597,48,10.71244854,0.07416584199,1836.662434,8517.870799,7668.965594,2,14,5,2,0.9626628814,3,29,82,10.79257107,0.8719555251,3,75,0
63,48480.80963,16,23,655.5122258,17347.56371,60,13.48391956,0.1461190257,2380.635482,21590.18506,8565.763296,4,13,2,3,0.8462038971,2,74,63,2.726934208,0.1300781267,1,82,0
30,47256.83004,13,10,712.5698001,38293.10953,60,11.29352896,0.1786989344,1905.350151,35482.86259,10053.03884,0,25,3,1,0.2755099691,2,48,68,8.360548711,0.3902276677,0,100,0
29,68190.30667,9,15,611.3560642,31399.07652,36,9.462816371,0.4265034753,1729.007109,23060.61348,14115.84457,1,14,1,1,0.08861943309,4,6,50,10.32137842,0.7112280232,0,50,0
51,59258.07516,13,7,810.8488335,25389.97692,60,17.94758857,0.6534994646,1380.550823,21554.16748,17701.2139,5,2,3,3,0.3215974688,2,12,57,2.929848784,0.949848232,0,62,0
28,35473.65595,9,35,586.7601277,30386.17253,12,13.61916458,0.3096474227,1467.980552,12305.15383,43082.39652,3,27,1,3,0.6355070658,4,67,90,4.958509062,0.97290841,0,87,0
33,62594.32779,18,21,711.0536975,14177.68049,24,6.000046973,0.8243074835,1921.328966,7075.734012,11582.14544,0,26,2,2,0.8662669014,2,52,86,8.695866327,0.7542690698,0,16,0
42,49721.42709,13,17,752.4906625,1000,48,11.411318,0.3462500581,3156.059994,18514.44683,39333.01043,3,1,3,3,0.2230620487,1,65,87,9.270872977,0.203308052,2,11,0
48,34193.47088,11,18,711.9882425,35767.82809,12,17.53264804,0.8948637326,973.9722638,24675.85375,3343.97523,3,22,1,3,0.6465533859,5,56,74,7.935189133,0.3923824408,1,98,0
27,40883.58937,19,11,724.0804181,14953.71883,12,16.91527878,0.7969812244,1819.624716,28833.54473,27838.56064,3,29,4,3,0.9497136741,1,27,25,10.72355492,0.01428688195,1,52,0
59,29495.24939,17,33,685.9326566,33774.78515,48,5.6462566,0.1118897642,3576.949786,7869.769254,19378.7036,1,6,3,2,0.1837702799,4,79,90,5.664341839,0.2870070385,0,14,0
21,84579.28535,19,12,675.1906459,30049.34314,48,17.98555054,0.1773533331,2923.904714,5761.223001,50820.13089,4,23,1,1,0.03245469335,4,82,74,9.966006587,0.779746934,0,97,0
24,61104.67931,13,0,616.1490565,16991.69763,60,17.04272223,0.2541061977,2457.994605,4480.551389,19746.77472,2,12,2,3,0.6804714224,5,5,57,9.701136589,0.5861751049,0,30,0
26,77236.08392,13,19,719.4615159,30202.19963,36,10.42241254,0.06755465537,2630.81106,10073.03546,20712.55616,0,20,2,3,0.2133659216,2,65,62,4.548709576,0.5860450186,0,96,0
44,39904.4335,10,39,653.6299269,19336.94611,48,11.47513279,0.2946833955,2613.103206,15697.60403,0,0,25,4,1,0.9323645902,3,83,74,2.966819703,0.0450116843,0,55,0
18,63369.73464,15,22,732.0916097,35172.35089,24,13.528614,0.37169895,2961.446396,5209.042179,0,5,1,5,2,0.3460396898,2,66,1,0.8620941911,0.5863524562,0,40,0
56,31281.4311,16,31,704.8735797,28365.04101,12,6.989340128,0.8515622999,889.329234,23817.01382,18404.24741,2,5,2,1,0.001772047951,2,37,51,5.942298487,0.8787510977,0,55,0
52,57662.06332,11,23,711.2889848,32945.87593,24,10.91942984,0.4449063359,2529.881206,34120.48171,7950.918458,5,15,5,2,0.520751079,2,97,95,5.754811026,0.8762485279,0,48,0
22,65397.15365,12,36,592.3722131,23709.98802,12,4.227563521,0.379575662,1738.549498,22336.5155,0,1,18,5,3,0.5040395409,1,33,84,1.479624484,0.9504986165,0,69,0
34,55692.14205,10,6,626.6189325,25489.11091,60,16.03159053,0.5388923622,1841.418196,28197.30901,32212.53545,5,19,5,2,0.102755077,2,100,2,5.458588223,0.0001678748086,0,60,0
52,58636.69935,14,37,665.3735825,45251.00587,48,9.680942877,0.3339558422,2570.458309,22821.18995,13504.38917,4,0,4,1,0.8224533066,5,76,90,1.741580162,0.1518955097,1,43,0
38,58107.32658,14,22,653.0576752,22776.13396,12,8.542373996,0.6078006968,791.8878546,0,0,1,2,1,1,0.661133563,2,51,59,10.41495185,0.9009112383,0,100,0
39,35875.92959,12,36,584.5510284,24030.84264,24,7.339946883,0.8478327895,1951.675284,6652.257884,2637.569536,0,6,4,2,0.3544445828,3,67,56,5.316791726,0.5085615389,0,3,0
18,77590.17774,13,21,619.0688749,20629.56104,12,16.01522358,0.09621483431,1989.470309,12240.99068,26134.49138,1,4,3,1,0.1467783627,4,41,53,3.634390001,0.00733370456,1,97,0
30,75824.55039,8,2,682.3695669,21740.19035,36,4.275006136,0.6365601457,2234.401203,36822.80379,27896.99678,2,27,3,1,0.3216694602,2,82,96,5.656288064,0.09261039841,0,34,0
25,55705.32363,17,27,598.1549967,24217.07586,24,11.19922161,0.4265210967,2719.913291,10199.37805,15352.62832,0,27,5,1,0.4263242683,5,53,31,5.816898256,0.4557197781,0,30,0
39,66599.71057,10,34,772.5963625,29392.70525,36,6.249062391,0.6364795771,2527.977944,27263.45024,23445.88782,5,24,5,2,0.4286200938,3,14,74,5.645820077,0.5687000503,0,83,0
21,76453.84285,10,25,601.2442288,29029.8508,48,10.51582713,0.8449901581,3126.629751,0,38554.67865,1,3,2,1,0.5599497443,2,82,91,4.477623576,0.8765804192,0,33,0
60,63804.63695,16,10,715.6908108,18962.26351,12,17.14093815,0.134529136,2551.150238,32877.39535,0,1,2,5,2,0.7327809476,3,39,62,9.728581278,0.3764980316,1,51,0
30,49752.85155,15,27,674.0989293,35011.94301,12,7.255529582,0.5266990416,2390.014022,15753.10207,10664.59649,1,23,3,2,0.07606873315,1,68,47,4.258303886,0.4702948465,0,2,0
35,52397.22091,15,29,681.1174866,9557.321705,24,17.90068699,0.341960607,2813.071342,12249.68231,26143.07903,5,22,2,3,0.865958198,1,94,78,8.982101739,0.2107775597,0,93,0
55,38020.76173,17,30,662.405493,5843.968772,12,12.69951908,0.770508427,1343.047736,7729.667745,0,2,29,3,1,0.8032516339,2,95,9,2.20824492,0.7262336196,0,15,0
22,58321.12222,12,32,672.4481312,17191.73877,36,15.44235855,0.77289579,3038.948932,33279.59317,20979.9294,1,24,3,2,0.02357997117,2,15,45,1.942040735,0.4778778031,2,56,0
57,80698.93828,10,14,671.0183468,42246.95304,60,6.495789271,0.4302245349,2471.469639,2260.21223,33787.64879,1,5,3,3,0.6789870218,2,16,92,8.955647325,0.8469785082,0,80,0
27,42296.16673,9,21,607.4918477,21348.5991,12,9.369789253,0.3260648574,2882.211961,9823.194434,1828.232315,1,11,4,2,0.5530612761,3,100,62,7.416670074,0.4690363879,1,81,0
62,47435.44441,9,25,676.310965,27117.75764,24,4.44207491,0.7905520716,3391.172972,24646.27229,23990.00281,5,29,3,3,0.8729507107,5,95,38,2.254200552,0.1002350238,0,86,0
36,61445.30453,9,4,583.3300496,4067.306157,24,9.550233296,0.419275997,3018.832636,0,27973.06288,3,28,5,3,0.08610034972,1,65,76,6.428567038,0.5284300299,0,85,0
28,46887.78107,12,8,638.4600007,15386.98632,36,10.64992533,0.6064744227,2210.748888,0,26729.91187,1,24,2,3,0.3417920493,2,77,77,5.719808212,0.7268247294,0,71,0
21,41845.71069,11,8,707.5868552,21195.5106,60,9.211083557,0.4916640475,1646.409755,13926.38062,8661.913075,5,28,5,1,0.3389676789,3,11,45,6.327854814,0.3441223045,0,21,0
38,80165.8859,19,20,799.6888657,37213.14657,24,15.12245145,0.3173540344,2050.495779,21822.30088,9904.374058,0,7,5,3,0.641697346,4,89,18,3.802067286,0.686147482,0,42,0
25,55910.60134,8,28,662.2342304,21124.77727,12,11.72549231,0.7606714307,3846.045468,17786.25173,10700.84498,1,25,3,2,0.8730320485,1,58,40,3.273906799,0.5389323692,3,30,0
50,52966.97274,19,33,635.2579897,27746.90433,48,14.32036788,0.4820518108,4615.460434,4564.950966,6669.325495,0,27,4,3,0.6545622054,3,12,41,1.928555712,0.8032098617,1,69,0
61,65314.2423,13,0,654.5235513,16881.00267,60,3.391974538,0.1750990881,2139.827072,25258.62402,2935.147741,4,6,5,3,0.7133284167,1,34,73,4.498088998,0.2378929014,0,16,0
55,79902.6063,19,17,719.5247358,29952.57299,36,3.838967584,0.5952717711,3094.300186,22112.7246,0,5,10,4,3,0.8705090735,3,99,99,7.207509268,0.2873213531,0,32,0
45,64937.67838,19,8,735.7330651,38277.6497,12,13.89176544,0.8609857484,2725.700614,10762.63068,14030.15826,3,19,2,1,0.1621688002,4,28,54,6.869520424,0.6624495521,2,49,0
55,53380.42809,18,18,720.1448617,9597.718675,12,8.73414639,0.5311520841,2696.654246,19601.42833,34589.4281,1,23,5,1,0.5316895074,5,79,17,11.17295749,0.9966541996,0,22,0
45,67205.56167,14,9,785.5670454,30651.09735,36,7.335633302,0.5853934389,3016.640296,16959.12128,33998.31815,2,1,1,2,0.09879925202,3,75,32,10.73184632,0.9378233291,1,14,0
35,73350.94759,11,33,692.5561577,26731.4427,60,6.529987498,0.5577900964,2600.630117,16115.75267,23313.61201,2,25,2,1,0.7926088768,2,69,81,7.03826837,0.7591802915,0,100,0
18,68192.12623,14,29,598.1237322,15228.34792,36,5.367699951,0.3589614295,2363.122446,0,15671.48561,5,23,4,1,0.3493440036,5,87,87,2.755330507,0.7653552422,0,39,0
19,49644.96341,17,12,636.1103019,30040.96317,60,10.46660343,0.8179521716,2591.742468,24960.11955,61036.89678,4,22,3,3,0.6951382873,4,89,55,2.857920539,0.435720771,0,100,0
44,64885.70534,11,16,601.4579017,10829.33701,60,3.168175756,0.3789508128,2408.20854,22553.59795,32740.04707,2,3,4,2,0.01202534113,3,36,20,6.48618745,0.3947189082,1,70,0
63,64713.76678,12,20,592.6353619,27582.85768,60,5.001223081,0.3200520406,1933.203347,28713.94543,9421.696178,4,24,1,1,0.9038588442,4,45,64,6.006523948,0.005849800046,1,80,0
35,74762.52967,10,30,677.8249059,19205.68356,12,6.895976332,0.5948995936,3692.490948,26228.5205,7446.736522,2,14,2,3,0.6373214834,5,40,30,5.152192621,0.05409868994,0,34,0
33,47686.86082,18,8,575.0740906,49469.54827,24,14.07197149,0.6318435868,1231.462469,16037.47254,39551.62564,1,5,5,3,0.9196934368,1,71,15,11.01240565,0.9904343948,0,51,0
27,58526.03065,8,21,721.4113682,15927.37748,12,5.394975354,0.8354790954,2437.0054,15367.99937,23121.05794,3,2,4,1,0.8316498256,2,38,67,3.341313682,0.5583407886,0,83,0
41,65230.1689,9,6,697.5484007,29037.42142,48,12.50146456,0.1014175282,3503.457909,32410.89074,9699.628772,3,2,3,3,0.6729697988,4,78,58,2.78037686,0.4166104858,2,100,0
50,62203.9288,8,16,678.9498887,18985.4806,60,12.82053711,0.5167491161,2285.62414,30835.87041,32911.64868,5,1,2,2,0.7942336294,3,31,61,4.962825683,0.05116202469,0,90,0
27,67611.6736,10,21,710.6829357,18098.72117,12,6.36919203,0.2074606313,3566.551667,29798.0982,9979.917899,3,24,3,2,0.2013122467,4,12,49,2.109324712,0.06458385483,0,61,0
51,44836.70126,18,17,631.1425959,18920.93253,12,16.62303529,0.4879759151,3169.896226,6998.260744,29228.31772,1,21,5,1,0.3717336962,5,76,24,4.712846065,0.3715849507,1,49,0
29,82214.88475,12,2,671.0499025,28469.39326,60,9.698889957,0.7921760267,3024.371639,1717.357176,20848.7103,3,21,2,3,0.1188657695,5,13,82,3.922469862,0.6117867374,0,13,0
48,86444.97261,16,20,697.5815905,38608.77749,60,14.6637269,0.5272207051,3848.794091,15534.66191,1484.999094,2,25,2,1,0.0977433861,4,74,90,10.10399023,0.4757962028,0,98,0
45,68694.20521,8,5,721.2899746,9211.707449,48,15.34103936,0.8939791248,2376.905662,14310.15163,23389.14015,3,18,1,1,0.9132584204,3,60,64,6.042238655,0.6133016393,0,51,0
63,76125.51816,19,26,686.4583025,23064.03004,36,12.88163811,0.2844216993,2327.86248,24279.57652,11272.72952,5,1,3,1,0.1239984824,1,32,23,9.18374542,0.3428430141,0,71,0
45,50681.68293,13,2,629.0865216,6186.948372,12,9.677221654,0.5479270667,2256.41032,21670.6997,17757.19623,5,8,4,2,0.8153423292,5,68,95,5.948874872,0.2138183488,1,55,0
63,79870.49984,8,28,662.0146446,14630.67842,60,9.285959352,0.338958414,2213.794303,34493.18822,37349.75921,3,20,2,1,0.8368599057,4,6,1,4.799433489,0.6341082398,0,54,0
56,54656.54797,11,21,599.366231,23099.68353,36,16.09098484,0.5271914294,2640.439087,8122.201431,21099.95551,0,19,3,1,0.1390875051,3,42,52,4.813905715,0.2861139479,0,62,0
61,67958.44468,19,8,645.6122856,39689.61195,48,3.013255448,0.160527456,2290.208519,21160.24598,27668.17397,5,13,3,3,0.8204235901,5,6,45,1.654638917,0.7013611573,0,99,0
52,47982.03536,16,18,644.9580807,32271.4761,12,5.954758293,0.8162609269,2748.9817,953.5080163,23362.11127,1,10,5,2,0.4494289237,3,14,71,1.793985766,0.03862498283,0,44,0
21,56505.17861,10,34,818.0629608,34506.91784,12,8.886224802,0.1076237883,910.2064446,22611.45778,28785.73839,2,11,3,1,0.5633127157,3,82,31,5.132424564,0.808134343,0,44,0
59,64665.07536,8,6,673.9098859,65468.60804,36,15.65850616,0.5148055699,3115.78282,21064.96028,26153.69025,2,4,4,1,0.569030922,4,24,7,9.051292066,0.8477277571,0,63,0
55,64368.68996,17,23,661.3036436,38004.38072,36,6.606108158,0.8673647391,3172.501246,21186.39959,5807.840795,4,22,1,2,0.2721294974,3,38,84,2.949631314,0.8175797702,1,87,0
26,60858.50327,12,20,671.2627599,16310.87336,12,11.15454693,0.7373708984,2018.794515,27795.65123,24114.84335,4,8,4,3,0.7405507326,2,45,67,1.863282907,0.6610296214,0,29,0
52,67077.44844,9,2,633.0930217,17676.33653,12,8.05652754,0.4168644898,2960.804755,27114.53983,13205.54606,5,4,4,3,0.5278352291,5,19,31,11.46915359,0.9122085054,0,82,0
40,83712.92646,13,20,651.8965036,1000,36,4.343607045,0.3968557816,3927.980657,11031.8504,38642.54017,1,2,2,2,0.1839441779,5,36,86,6.729821016,0.8098972921,1,100,0
50,76751.24782,8,23,668.4013094,1000,12,16.40147052,0.07719580021,3047.891743,15951.62099,33037.18453,1,2,4,2,0.4923413969,3,14,47,4.025777249,0.8801695037,0,86,0
38,69499.71433,17,36,641.859021,20516.62885,48,9.53936898,0.1534225065,2930.293666,16261.2982,8959.35137,0,18,1,3,0.06995144192,2,86,85,5.114134205,0.9303698811,0,78,0
28,73471.70416,14,7,629.9305125,39668.14604,48,5.160989421,0.8884164457,1595.776293,17771.13007,32398.20968,0,29,4,3,0.1212528003,3,92,47,7.016614676,0.5821503837,0,73,0
23,68358.12947,9,25,683.28456,27765.91511,36,10.47562293,0.8378840068,3601.143963,27035.41423,495.6923796,2,27,1,1,0.2015025479,1,44,18,9.107208536,0.9584685663,0,30,0
40,65784.43344,10,6,623.5217421,28170.49281,48,3.742141997,0.6853941785,2121.28809,20265.63251,41365.85916,5,24,4,3,0.4397508696,3,20,94,0.6393981981,0.4289570456,0,64,0
48,59900.10361,8,32,615.8775787,42894.04754,36,13.51053367,0.08046996822,2885.97955,15446.04307,6553.042495,1,9,3,1,0.1662621945,5,82,11,10.72996663,0.6571532289,1,65,0
55,55817.60124,9,13,716.1389238,45670.06071,24,5.155131987,0.8694954375,1004.963525,17600.20002,23912.70512,4,0,3,2,0.8336955764,1,3,48,8.974078253,0.675397027,0,59,0
32,71376.03577,19,31,641.2331142,29271.80247,24,16.17929345,0.1601545729,3704.103408,18056.92484,0,3,26,2,1,0.701475636,3,38,22,6.455814199,0.4283366748,0,35,0
57,63171.09028,15,1,759.0360227,53194.16995,24,17.96839334,0.06284726392,2151.132652,7467.586187,28219.43308,4,10,4,2,0.179167062,5,59,2,6.5681535,0.856882728,0,63,0
58,82721.11667,16,12,700.8983174,16905.02155,36,9.492433032,0.5391796379,1584.800578,39082.53253,18897.72348,5,3,5,1,0.7409266762,1,61,58,10.58328559,0.3202871292,0,88,0
33,60586.10121,17,28,682.0789147,37233.61066,24,15.66059934,0.756241538,1391.241898,8630.906791,9409.287515,2,11,1,2,0.1065019391,1,2,21,9.227595419,0.9621277481,0,26,0
51,63118.07181,15,36,660.057877,11445.17129,24,17.96168939,0.8200929478,2025.829247,15983.3405,18511.74587,0,15,1,2,0.8702821099,4,85,44,3.320116395,0.7106822713,0,10,0
53,94590.19395,19,39,709.2722122,46696.20641,12,16.81527837,0.3201962088,1589.986322,20980.78321,3645.477671,0,23,2,1,0.6576639441,5,88,11,3.290009904,0.6948139423,0,1,0
26,49214.90601,15,25,761.7641537,14961.43233,24,6.010886681,0.6831998482,1081.070226,39036.41253,55239.30421,3,25,3,3,0.02848813947,2,45,33,7.299142001,0.04258591243,0,39,0
45,47346.60719,15,37,688.5359598,15003.10621,60,7.154787486,0.5987867449,2947.474202,28239.00698,0,3,10,3,3,0.2555787251,1,55,73,10.58701225,0.8585532741,2,38,0
22,34178.65917,17,30,710.7910322,9477.642707,24,6.355618918,0.4354375719,1822.829332,26706.18751,12774.54236,4,24,5,2,0.3354266402,1,5,16,8.075104848,0.3870580246,0,23,0
50,69150.01149,12,37,722.4703529,14237.60551,48,10.88290478,0.7945898618,4393.379696,0,47976.43086,0,21,5,2,0.05491694735,4,63,15,5.394299618,0.08279510089,0,11,0
33,43091.27234,10,5,692.4675117,35564.94917,48,9.327311771,0.5233323331,1981.140266,16709.76675,0,5,5,3,2,0.1696236186,2,55,89,8.464644443,0.6091886428,0,36,0
47,46335.1793,11,28,750.5573399,19974.89837,36,13.72596526,0.7506945449,3512.884319,23623.49803,15152.94876,4,27,3,3,0.7358532085,2,6,85,10.2095711,0.8011826803,1,28,0
32,52839.63288,14,17,643.6081041,16852.0556,36,3.123338611,0.1601244439,2671.43394,31409.24257,8000.816309,3,1,2,2,0.01940299869,5,39,61,5.570956855,0.2908439277,0,92,0
60,64755.21846,19,20,756.0516921,24495.26314,48,17.77787503,0.5682904736,2002.398513,12229.37745,17653.32618,2,25,2,3,0.4462457005,5,80,22,9.030894573,0.1335145416,0,35,0
21,49407.19052,13,7,740.8541463,38499.54105,60,4.992813631,0.6465809932,2338.783981,10862.22555,9526.373237,3,18,5,2,0.6111450556,1,10,94,1.68574556,0.7195438381,2,65,0
55,78367.78711,15,14,650.1357139,29462.09433,60,15.14260653,0.7949354255,2069.752294,34556.32179,26822.1122,3,29,2,1,0.1697836204,4,45,31,7.24828818,0.7667055132,1,75,0
34,88234.20939,13,34,655.7462461,7074.894029,36,4.987973745,0.8749950019,1775.750649,15820.32079,29121.35151,3,1,1,2,0.5885195355,2,74,8,1.125413919,0.02812738639,1,3,0
40,54266.63621,19,14,667.5070725,27495.43593,36,10.127716,0.1175423262,3373.839278,23843.70896,5265.099801,4,19,5,2,0.3332241977,3,63,2,7.335003813,0.8548311049,1,34,0
35,35737.86754,19,12,717.6404355,24318.69306,36,13.08390527,0.5190158515,3526.869583,13339.62263,38866.64954,4,14,4,2,0.1663972108,1,21,30,6.302538746,0.726354443,2,32,0
41,76450.19253,10,9,743.5375045,12650.15672,48,11.07822022,0.5015644783,2511.191136,18529.21011,42798.45057,5,15,4,1,0.1552498067,1,28,2,1.51084579,0.7940639125,1,2,0
53,75255.81469,16,1,572.3252615,28869.34205,12,13.78977873,0.2316907409,3148.959298,33640.84885,41264.67541,0,25,3,3,0.1844316595,3,11,59,6.625357496,0.20238985,0,62,0
27,53101.38389,15,3,602.3794411,26828.45759,60,14.70557597,0.3804474787,3464.116438,28378.44608,30053.94281,4,9,4,1,0.5643833054,2,69,64,4.849338551,0.9861154219,0,35,0
49,80357.19641,11,5,655.5905319,26947.64643,24,7.151110744,0.2714978166,1782.765403,13476.77145,6431.953986,2,24,4,1,0.2441393681,4,30,3,4.560751584,0.8836037895,0,26,0
54,52220.37135,8,37,674.7781108,8972.62476,36,9.424295853,0.782602062,2589.952085,20968.93937,16427.43528,0,21,2,1,0.03239435914,3,78,77,9.315406237,0.8508287801,0,8,0
27,96345.62001,13,32,677.525248,1000,12,6.276166626,0.1349896518,3244.136398,4949.782251,11432.78191,3,13,5,1,0.7337617242,5,64,41,2.713598415,0.9235967524,2,95,0
19,90038.3259,12,3,652.5955932,17657.58081,48,12.91081177,0.2329852694,3145.327545,13636.69713,25673.23216,4,2,1,2,0.4638641333,4,8,41,3.32965924,0.3677824683,0,39,0
36,35513.26094,11,27,655.4695407,12807.8214,48,12.21544358,0.8922104274,3529.922695,28337.02007,30501.48247,4,15,5,2,0.4447600986,5,53,80,11.43043564,0.7005876632,0,53,0
26,78048.80188,11,33,786.066102,40776.31509,48,9.565022126,0.3754802085,2736.047911,10992.87124,3140.401339,0,9,5,2,0.8612504967,3,70,18,2.511351132,0.7596995955,1,74,0
58,15000,8,34,850,8800.780103,36,13.49115634,0.5720368142,2025.432597,34937.56433,33932.15212,5,4,2,2,0.7552550862,1,91,96,8.622032004,0.1353147958,0,15,0
32,31610.80751,19,37,766.6997805,9316.751182,12,13.5806078,0.7468638617,4139.433499,13790.61208,9986.785378,4,16,5,1,0.4657530722,5,51,29,5.310085389,0.722817535,0,68,0
43,72711.49198,10,0,650.9316553,22470.9467,48,9.629924576,0.152317513,1886.410256,4631.274573,0,4,4,2,3,0.6352662481,5,4,85,10.99335963,0.08630176338,0,19,0
29,61058.22736,16,36,633.2992503,20553.91191,24,4.223547691,0.7443034095,2480.373367,13294.43604,20255.89589,2,25,1,2,0.4379379742,1,68,38,7.880804995,0.7479401536,0,18,0
50,66483.0853,17,28,530.890264,32820.4678,36,10.15883814,0.5460597136,2378.306463,32154.88871,0,5,24,4,2,0.8905354217,1,80,17,6.568992763,0.101539331,1,23,0
20,60570.99092,13,6,674.2177571,29094.50459,36,13.84682924,0.3528805311,3014.043308,35823.17368,22031.18747,2,25,4,1,0.789692152,5,23,52,0.5678932242,0.8512614924,0,89,0
60,48833.3518,14,28,760.6631478,31405.38514,36,7.285165706,0.4171155881,2991.142365,17284.05386,32207.55952,3,3,1,2,0.4488126217,2,85,80,8.834502543,0.1714766325,0,44,0
30,42979.27739,9,18,689.2956709,11812.1111,48,9.569602651,0.6019391857,3128.089163,22744.93721,10690.11656,1,26,1,2,0.2449044088,2,52,69,2.174060447,0.3891913295,0,11,0
24,62982.80871,17,35,601.8706633,56972.34095,36,6.26551541,0.07391948745,4462.308124,18465.40954,26953.40103,4,6,1,2,0.4186747164,4,69,1,2.789460274,0.5839516869,0,93,0
56,62506.49434,18,8,772.1635217,18744.92901,24,8.982690644,0.8952364453,1489.101771,28965.13087,11506.11114,5,26,5,1,0.1688810877,1,72,69,5.352474558,0.2418577844,1,95,0
44,74922.44617,13,20,703.330669,42987.73865,12,17.00579849,0.2859745218,3568.9401,26786.08326,33390.26456,5,14,4,2,0.9911681561,3,49,71,10.65093152,0.9533746425,0,96,0
59,56291.10456,10,19,723.1194123,5873.788694,60,14.10775788,0.638594944,2881.922879,22399.19675,43383.19989,1,9,5,3,0.9092379955,1,54,76,1.21329013,0.462949444,1,95,0
35,59731.73542,14,6,686.8585574,41983.87576,60,15.96069121,0.1945292613,2257.265604,16397.4452,3153.8084,4,14,4,2,0.8123888222,3,79,48,7.660224774,0.07556230726,1,45,0
28,46412.25358,15,25,662.9887899,24849.04523,48,3.852098773,0.1917560723,2695.883841,11022.67237,13954.10826,1,1,1,2,0.2042724357,2,53,77,6.422714744,0.7538846509,0,17,0
42,33066.41511,11,0,588.9928276,14349.72783,24,10.51602311,0.5198628392,2371.337421,16018.96926,28781.23648,1,24,4,2,0.2354049951,2,7,73,3.01933998,0.3863817145,0,73,0
35,51243.30063,17,29,544.8671879,41923.08506,48,8.968041867,0.5457692633,1979.203815,9692.87871,37051.78905,0,28,2,3,0.90136279,1,46,75,2.730504477,0.9379216314,0,63,0
45,64971.04102,9,21,630.3507713,22828.15147,24,16.69823279,0.6241718233,2042.29553,11923.91829,17499.82016,0,21,4,1,0.08968096252,5,47,100,7.898320951,0.880637243,1,86,0
19,57151.17126,13,26,638.7972838,35347.00077,48,13.85741922,0.3359372595,1908.924591,6055.843212,4377.232282,3,8,5,2,0.7592701804,4,82,95,5.593919147,0.482224201,0,87,0
19,63230.23904,9,31,667.6627698,30506.9072,48,13.72495349,0.1384471403,2186.774701,4184.993918,44093.25861,3,20,2,2,0.026404199,2,33,57,8.921187148,0.2170854711,0,82,0
23,65818.95804,9,15,708.295361,31511.47109,24,9.746537744,0.2337686263,3349.748432,25711.33497,29711.9098,0,14,1,1,0.8088257836,1,37,4,11.84875045,0.5809201869,0,36,0
31,61341.54567,19,16,580.452531,25739.48293,48,8.715751741,0.4558355931,2399.693911,23778.31237,24628.9527,5,14,1,2,0.3689586876,2,73,32,1.07090869,0.1886958764,0,71,0
45,72830.21463,13,27,734.4683788,43049.78182,36,6.935598683,0.3288017977,2172.35226,22281.9315,29348.61907,3,10,4,2,0.6969121238,1,33,3,2.28993832,0.4725669368,0,79,0
40,55050.27112,19,3,615.8607823,21217.15604,24,10.94752207,0.6495315397,2857.383371,39157.48638,40615.39573,2,11,4,1,0.5765200167,3,50,86,2.07869999,0.7588174193,1,72,0
56,68835.02824,19,27,687.3813222,35848.15007,60,8.305560127,0.5379754739,2760.045366,5809.288024,6528.554945,5,29,5,3,0.3527631365,4,37,86,5.537863199,0.7030954261,1,62,0
42,64581.65069,11,25,640.6851532,9657.439459,24,13.50408068,0.4936915359,1708.736232,2654.482574,0,3,18,1,1,0.3111445975,4,7,56,7.714252667,0.6180597159,1,69,0
26,79521.90674,11,27,640.4510362,30803.05766,12,3.152858641,0.6824267733,2864.279884,21750.04438,38947.71951,5,24,1,2,0.6115133803,5,40,56,9.559479051,0.4577669632,1,61,0
25,61349.75529,19,28,633.7747623,16834.71482,36,3.517970568,0.8096097233,1705.24527,28460.55084,0,4,29,4,2,0.2691834097,4,95,44,3.810948882,0.9959301593,1,27,0
20,39756.01588,9,13,646.5471496,37155.16275,36,11.39243305,0.1018940809,2277.102608,21751.16699,13875.16208,5,20,5,2,0.4303382815,1,59,28,2.045138617,0.5016459645,0,24,0
45,57844.07438,8,31,752.1529989,22119.58788,12,15.22051658,0.6762120091,2588.514375,20742.69364,17819.7134,5,14,1,3,0.808108433,3,88,37,9.530573848,0.1844213337,1,38,0
56,75270.52585,17,12,723.7887825,28462.87319,60,15.67928987,0.3340922916,639.3979287,21841.31475,16216.28113,1,10,4,2,0.3024249531,1,68,69,1.180878724,0.5503360855,1,29,0
41,88708.00995,8,34,726.1542314,37947.4131,24,14.85923152,0.397835105,2336.877922,11510.98363,7327.742085,5,16,3,3,0.3672903821,3,73,84,1.557187527,0.6541675228,0,10,0
18,51045.34711,17,10,691.008943,49217.45481,60,13.36217429,0.7684678784,1949.255005,0,33350.53783,3,17,2,3,0.4197460628,4,67,62,3.681645836,0.5792046011,1,62,0
53,78855.98023,14,18,703.0150589,22528.20447,36,16.91876702,0.2855635797,1054.648767,15986.96719,12571.08888,1,11,2,1,0.9022549097,1,48,62,6.550885963,0.4526572255,0,63,0
63,87284.59876,10,11,702.1629919,1521.70329,12,10.31478889,0.2442746468,2378.472677,10153.6193,24649.85927,0,8,2,3,0.1943536067,1,98,34,3.888100173,0.5311013522,0,98,0
25,80459.19354,19,9,645.2408567,26987.69012,12,3.760441456,0.3348459377,2142.241987,26499.38819,3235.853354,2,16,2,1,0.2332673052,2,79,18,11.50113235,0.8905293932,0,40,0
40,68063.39273,19,38,765.2329588,34488.92214,24,9.764674993,0.8512513131,1051.604953,12508.6994,23027.521,0,14,2,2,0.04501531168,4,42,57,10.31188339,0.4079868095,0,1,0
28,67855.85945,8,22,719.8918179,23988.8322,60,12.13503683,0.1853544454,2659.553971,11981.06204,31432.75847,4,11,4,2,0.5438100049,2,61,66,6.781416716,0.499532142,0,28,0
24,51930.66738,11,26,698.4204933,50692.41565,12,13.15460255,0.4747012145,1845.252038,16442.78845,22561.43081,0,20,5,3,0.7223113946,1,88,1,9.518484373,0.1048463208,0,26,0
23,42195.77009,14,38,666.4223491,17389.57799,12,7.151588096,0.6398127762,2776.561329,4257.837118,11848.56231,4,27,1,3,0.2970162101,4,61,32,5.960889984,0.3802675254,2,25,0
63,54330.17306,9,23,667.0804,33301.19239,60,11.4224682,0.7192726507,3398.724459,20816.74858,0,3,7,4,2,0.2639347393,4,36,98,0.5547872539,0.09483358179,0,11,0
37,41358.87422,19,17,641.035626,13511.16686,24,11.43816697,0.2440647963,2485.533613,0,23890.43993,0,0,4,2,0.3402051508,3,28,44,8.599538407,0.6083019901,0,74,0
35,58040.57623,13,37,732.280195,23284.7878,36,16.53190825,0.1554822151,2730.526634,27091.53778,10772.61785,5,25,1,1,0.05703195945,2,72,66,5.873685304,0.05638223527,1,41,0
38,71466.79857,8,39,631.0532868,37485.30589,36,9.852348532,0.3134551827,2925.181456,20859.39833,23240.84826,1,29,2,1,0.6264484437,1,52,75,7.666690028,0.3103537398,0,9,0
20,77213.84245,13,22,789.3726761,49694.00613,24,13.30931168,0.1225433454,1162.418303,8183.375199,27307.21817,4,19,4,1,0.1413771726,5,10,27,6.876817408,0.04543821303,0,87,0
20,43081.01612,10,32,676.7066757,18813.5776,36,16.77958306,0.4674575538,3527.717112,9525.690739,44368.47198,1,28,5,3,0.4160410252,5,16,85,2.04149816,0.8028222896,2,79,0
60,39083.89765,14,0,663.5496949,16824.93239,60,15.18792151,0.6022890517,2880.893786,0,24048.20848,0,6,5,3,0.6657847946,5,59,52,3.761671606,0.1109992574,0,41,0
61,80815.5992,13,26,638.1436085,48091.96966,36,7.44174411,0.08938455095,4422.343194,12435.93985,20812.49519,5,28,2,3,0.05822370987,5,50,70,3.063619,0.9215405448,1,34,0
46,54878.98936,13,18,688.9205667,14640.36379,24,15.26065856,0.7167395392,4012.888826,3030.581158,40571.50972,5,13,2,2,0.5719489342,2,37,6,2.335971335,0.4603464647,0,74,0
64,57408.75744,15,21,627.9824518,40361.97515,12,9.301649439,0.8064764258,1842.249406,15905.87133,31297.25353,4,20,4,3,0.1293987168,1,1,39,4.953426977,0.2437453331,0,17,0
60,85102.2707,10,35,683.3793778,41738.80192,48,9.254522208,0.456561633,2864.661083,20790.89744,3034.88964,4,16,3,3,0.805212651,2,51,82,11.14110098,0.4539083611,0,23,0
21,69734.17116,14,38,751.4552807,19520.90788,36,15.20590778,0.6633016616,2165.989899,8681.876054,7790.98751,3,11,5,3,0.3771939093,5,59,27,5.391987351,0.6764718716,1,58,0
27,45429.21331,10,22,683.4388403,43318.34879,12,3.192980375,0.3828460191,3393.888202,24232.43798,14385.2982,3,5,3,3,0.1854976883,2,2,24,4.384735366,0.6255642323,1,87,0
30,89315.76664,16,20,614.3591191,38093.24699,12,15.12120011,0.6370846079,1900.080649,9406.901754,66.27229777,0,21,4,3,0.3107714693,4,34,27,10.8460636,0.8122204153,1,85,0
52,68082.84151,8,31,671.2948973,19919.87993,60,17.37182361,0.1139401252,2147.907582,0,59119.31867,0,0,2,1,0.9080685676,2,92,96,2.468473067,0.5105322833,1,6,0
31,50911.56395,10,21,612.1495097,28406.27168,48,3.997274592,0.5830653554,3573.212865,12161.73265,9348.762416,2,21,5,3,0.5238868693,3,70,75,4.373837126,0.4620125102,0,89,0
39,77419.49955,14,25,669.6017321,24766.59781,24,11.03647151,0.05576646672,3001.493056,24726.7551,20777.14987,0,0,4,2,0.363433004,3,59,2,10.12344602,0.2822179286,1,7,0
50,57780.10503,13,38,758.4605249,25993.46724,12,10.99635404,0.5090775879,3149.510081,26546.86724,22852.47397,1,20,1,1,0.6815901082,3,20,54,2.075883196,0.9036439039,2,25,0
51,66531.4343,12,20,714.9038863,13047.2024,36,4.636813051,0.6608332199,2471.253058,30382.18863,27274.06898,4,9,5,3,0.3370770016,1,51,12,8.320136468,0.1790279194,0,91,0
51,66422.68292,12,31,653.5135518,21891.78456,12,17.51262892,0.2080479967,3012.939926,24251.75959,21648.80913,3,12,2,2,0.04413267056,1,50,70,5.822940913,0.3375936779,0,37,0
34,75892.21675,14,31,720.2401623,14779.92759,24,8.107983934,0.8810393527,1355.826255,0,6585.559046,2,28,5,2,0.06877089684,4,84,24,3.193336048,0.6954839178,0,76,0
40,68598.15872,11,35,754.0064116,6246.475321,36,5.876043612,0.7955561368,3809.993375,4474.92102,23478.00735,5,6,1,3,0.5346812105,4,52,24,3.266046226,0.4901424684,2,67,0
39,48082.43379,9,13,671.4364677,32371.31299,12,4.25064562,0.3019531122,2844.785836,23943.04185,8613.893435,2,15,2,3,0.1824833906,3,77,16,4.807958985,0.6943862074,1,76,0
46,82436.11366,18,0,715.6982221,19810.53116,24,3.381775262,0.2557643803,2914.288401,10698.72378,6994.973113,1,27,3,2,0.7628890728,5,49,36,1.496745842,0.7868095671,0,84,0
48,56584.55447,13,29,693.0571964,30314.47601,48,15.09464203,0.7516813796,994.3786352,6279.342932,39523.81548,4,10,4,3,0.7237411365,5,22,34,11.24736805,0.5699356535,0,6,0
34,60865.4059,8,14,693.5260014,18397.88433,60,10.81465769,0.8970519368,3889.649175,33363.2357,50866.09848,4,20,1,3,0.07180947716,5,77,55,9.368733362,0.6528500583,1,76,0
49,53143.10353,16,24,594.6327028,18377.33827,24,4.980661597,0.5130362131,3066.397295,22795.4659,1150.190899,4,7,3,3,0.4833949919,4,51,8,11.13008025,0.780857103,0,69,0
30,67548.39076,16,11,759.8844578,40647.65155,48,11.90304834,0.3945778668,2429.448621,18393.50092,0,1,25,2,1,0.03596493424,4,1,39,2.842546167,0.07396177875,0,29,0
29,57830.47026,16,13,693.5752004,34035.63479,60,3.426157676,0.5414804119,1864.90906,10525.0142,21827.95272,3,24,5,2,0.1861360701,5,39,25,2.002663067,0.1196055117,2,86,0
39,50175.7427,9,3,652.0511146,16362.07608,24,15.64358317,0.1627180816,3829.888493,23026.08276,4617.863452,0,27,1,3,0.7028759762,2,48,16,8.878595585,0.1737444768,0,12,0
22,68320.54222,16,22,577.2608762,17078.66727,24,10.93569284,0.7642379503,2568.493518,29231.86026,56802.07966,4,19,1,3,0.4824976468,1,99,61,11.00304335,0.1812591272,0,53,0
22,38410.08367,15,14,620.2263523,20422.41686,60,15.82093934,0.1264025758,1329.093838,7162.243728,29584.65003,4,1,1,1,0.9396875475,4,73,78,9.914161694,0.6951746227,1,62,0
36,58078.9613,17,29,737.3135167,8975.194081,36,4.76987874,0.2089346864,2957.779105,5079.438911,5013.781575,5,29,1,2,0.7092309784,4,50,35,2.730434012,0.1122141845,1,74,0
42,44815.03457,14,6,676.6543667,15947.84582,12,17.49517364,0.8679371491,1614.583138,17807.09303,34699.51235,4,3,5,3,0.2209517166,5,8,77,9.924993806,0.1819144072,0,89,0
41,22411.02355,12,17,662.2856189,21339.71572,60,9.687101915,0.2988330633,2152.817366,11895.41903,19263.49482,2,5,2,2,0.1487486255,5,85,30,1.686147742,0.6232642454,1,86,0
32,53045.15764,13,22,717.6069824,10898.93624,12,3.033964684,0.8484977902,2607.562186,28769.88868,20559.46574,3,10,2,2,0.3295172126,5,2,64,1.793200941,0.2190667756,2,10,0
22,89918.4179,12,31,691.6494912,10592.0375,24,5.707232198,0.3070943223,2025.624216,34508.26932,45379.21195,3,1,4,3,0.294963436,3,32,62,3.883879982,0.09587632109,1,15,0
53,86954.33142,13,37,649.7516185,31872.57436,48,16.35427859,0.725135777,2978.808008,3662.52533,32024.10674,1,29,3,1,0.6589569516,2,24,53,2.423744272,0.01250653964,2,86,0
45,64185.27731,18,30,660.6351801,37507.85692,48,3.720342604,0.6839637972,1937.891669,5849.170383,7396.154071,0,11,5,1,0.3879148588,4,36,72,3.386560335,0.9071007165,1,75,0
62,33458.30087,8,31,687.9918731,47274.53786,48,7.192945874,0.8050249217,3393.161881,15993.51278,0,4,0,1,3,0.5949079525,5,85,26,0.9495647534,0.9201509408,1,30,0
26,36087.47501,18,5,698.7141773,43777.38605,12,14.46652733,0.65775996,1756.009187,7659.618345,475.3865173,0,7,1,1,0.4772872337,5,38,96,2.624008216,0.3442409127,1,61,0
54,69386.45728,16,20,734.5838683,27490.68643,48,8.571025383,0.7567134242,3215.748442,18326.45245,39349.14681,4,17,4,3,0.07324179308,1,48,31,7.921760349,0.1457560927,2,96,0
33,67109.24844,17,26,690.8734832,24348.05175,48,13.85531333,0.8535193464,1088.784,20874.74644,0,5,20,1,2,0.2900534065,1,3,66,7.836207694,0.459317432,0,79,0
35,27658.54428,15,37,613.9638353,50221.82916,60,3.786139766,0.3396196304,2474.114308,12924.44872,0,4,9,1,3,0.5752252244,5,49,1,0.5026265229,0.6451175552,0,16,0
20,70879.87585,11,6,633.7941197,32446.86606,24,6.567580879,0.8932174184,978.7880072,24061.36157,8983.897509,2,2,2,1,0.06234526363,4,97,10,11.17538732,0.5038515025,0,95,0
51,85892.55179,11,21,690.7501548,42868.12481,12,10.14987016,0.2047669993,2121.075415,780.921585,24174.84369,5,2,4,3,0.860441671,5,96,85,6.505375109,0.8649794193,0,79,0
46,56527.68109,8,9,759.0444254,20996.80833,36,7.621837438,0.0757859676,3294.131181,18745.97675,22201.90444,4,12,4,2,0.7653592857,1,92,83,8.760132343,0.03224404794,0,98,0
55,43980.03668,12,15,732.3192423,20715.68251,12,9.451895267,0.8856284561,1536.605577,53045.98257,10125.59514,1,16,3,1,0.325458821,5,8,93,4.07724002,0.7208359811,1,84,0
28,39148.83779,18,21,647.0833805,37018.17487,12,13.35309818,0.4252430844,1202.335671,0,18936.67736,1,7,1,1,0.236540341,3,78,54,0.5324533184,0.8622731686,0,45,0
27,60333.6569,13,18,716.748071,17258.58483,24,7.486834961,0.6866489573,2505.093325,7365.197332,17695.56141,1,11,3,2,0.9288845255,4,37,59,9.940570741,0.9773969503,0,60,0
55,50016.88814,16,8,634.3995713,38403.12056,24,8.423918886,0.6198014468,2827.53582,17463.52267,9524.132216,3,25,2,1,0.8553426382,2,55,93,9.80694974,0.8878205369,0,100,0
56,49981.71009,16,6,697.9605677,17470.13916,36,12.62151633,0.1841653084,2627.6964,538.1524806,26765.49233,1,29,5,3,0.033422271,1,85,31,5.042319668,0.08633038187,1,18,0
47,85547.66105,15,32,630.5547734,39350.32687,36,15.83495044,0.1151388492,3318.776923,18116.0133,1748.723722,3,14,1,1,0.7512018263,4,46,84,0.6133458426,0.4235746308,2,70,0
34,54987.79505,16,24,636.8619081,14346.99741,12,16.06094659,0.2697506729,3387.971939,10211.23883,20210.09843,3,2,4,3,0.4596153074,1,89,81,6.483070745,0.567115962,0,96,0
51,76291.14808,13,36,652.147166,39212.23892,12,13.01891619,0.4968767288,2717.207964,25728.99356,48543.88417,4,1,5,2,0.495765274,4,87,77,5.207484426,0.9771689952,0,20,0
44,53647.30685,9,1,764.9026787,21075.38049,36,6.618906542,0.8090895854,3093.859893,7557.206545,31917.46673,1,21,5,3,0.5414287387,4,25,39,2.645793302,0.9921907807,2,84,0
56,63622.2981,9,11,773.3977021,13894.71356,12,3.132285254,0.5986787176,1472.033075,13545.31813,32048.14981,0,2,3,2,0.5835453466,2,41,2,6.264000282,0.4477095448,0,36,0
40,99285.8902,9,28,638.299068,26647.89401,24,10.26516135,0.2927084761,3071.040075,22879.32778,25718.08026,3,27,3,3,0.6248954326,4,13,33,0.8168028784,0.3861257029,0,36,0
36,62173.52851,17,9,676.1726684,18618.26323,60,10.59849221,0.6970969878,2487.940156,16797.32161,32976.99527,2,25,3,3,0.311114023,5,85,66,10.31862171,0.3727352397,0,42,0
43,49935.96203,10,13,679.2308782,15959.06441,48,12.69795515,0.6296620773,2457.765089,14885.08944,5459.743124,1,27,5,2,0.2761481209,4,92,44,5.041372598,0.03919615131,0,72,0
59,57699.84357,10,1,701.4740133,30158.40244,36,16.79178698,0.7230694566,1955.0544,12783.45967,20910.77438,4,15,3,1,0.7114391461,1,43,28,8.374296807,0.8316616205,3,91,0
53,63345.38661,14,16,744.1312853,36508.0284,36,15.12286996,0.1772741906,2972.61957,38017.44027,7961.552878,3,19,4,3,0.8466522015,2,48,10,11.56759864,0.004860852151,1,80,0
47,50336.33795,12,13,691.1792544,16318.16286,12,14.41466851,0.05519370073,3167.825417,9271.294627,9905.902965,5,23,1,3,0.4815531236,3,38,64,1.575523417,0.7894353573,1,91,0
42,84091.53807,11,29,630.641513,15171.41366,60,11.85727616,0.5982457645,1659.311571,0,0,2,6,4,3,0.9312696786,5,46,96,11.03133736,0.1412944923,1,89,0
30,52502.96492,15,39,681.5034128,36620.79421,12,12.99986165,0.3915701481,4055.382469,0,10614.04952,2,14,4,3,0.2419045348,1,23,62,6.605488569,0.8772720451,1,8,0
29,54079.81863,14,39,717.4735566,26692.03051,24,8.741664556,0.1763364275,3171.15744,17137.83803,7659.159351,2,21,5,3,0.5805526139,3,74,94,6.53133301,0.4018073727,2,86,0
39,78265.00427,13,31,591.2601486,38740.50387,24,5.277417601,0.294078009,1737.97398,12663.60114,28144.33847,1,21,5,2,0.2493295395,3,97,4,11.91796802,0.197096522,0,27,0
26,61983.9919,14,9,589.6094141,30333.10146,12,10.57049438,0.4021779022,1388.166742,17382.10294,0,5,27,5,1,0.5829945321,4,73,74,6.393229085,0.5569041466,0,75,0
38,30701.38024,19,7,736.2097066,4880.203831,24,6.744217713,0.3698576929,2565.310656,22358.52029,0,5,25,5,1,0.1783762192,4,42,95,4.308243446,0.8114011819,1,66,0
43,62345.07846,16,4,579.6171877,15597.84092,60,17.09433829,0.1177739707,2567.977837,22920.91045,36495.11653,2,12,1,1,0.03906086009,2,7,57,1.934407591,0.3899802782,0,38,0
51,67998.3177,12,24,652.9421924,11866.97379,60,7.304539883,0.3269981549,2013.878251,22562.25357,28561.17485,5,24,4,1,0.661533641,5,44,95,4.933323225,0.6207549446,0,21,0
64,60066.14035,10,29,702.766145,25290.49824,48,5.077855378,0.5632202288,2543.699397,7540.013201,16511.5428,4,27,5,1,0.09532732791,3,68,13,2.887933033,0.2611951535,0,74,0
27,45316.62988,11,9,715.3927256,24267.2188,48,5.687083748,0.06428653794,1604.804617,4700.211857,15393.73319,3,25,3,2,0.3836724523,3,38,51,9.062720656,0.7183017609,0,75,0
19,60790.29315,15,14,657.9859104,1799.674245,24,16.53086949,0.4907932998,2322.926017,27441.2375,36463.68935,5,21,5,2,0.1900842144,4,89,53,7.679259954,0.1456336111,1,47,0
62,70170.98528,16,5,729.2724221,15734.19984,12,7.430048305,0.4894069254,1595.71507,4636.881755,29800.7538,4,19,2,3,0.2521148756,2,36,27,6.802862221,0.131487792,0,13,0
42,62895.46822,18,9,695.0032132,19462.51078,36,17.64655239,0.3980114588,2297.638367,15490.43789,1839.530873,1,17,2,1,0.2921277341,2,13,25,7.654744477,0.1131598525,0,64,0
54,77103.79109,10,10,675.4329828,24109.6571,24,17.48665407,0.619957667,3763.393481,8001.210508,0,4,14,2,3,0.8508993529,3,22,59,4.346971343,0.09933860162,1,41,0
34,52284.99039,17,31,589.0128336,30742.89333,48,14.43230887,0.125360827,2977.108684,22930.88246,20114.25506,3,28,3,2,0.8401790699,4,14,81,2.387144707,0.5605203568,1,98,0
57,65896.60711,18,5,740.9718225,19454.52484,12,3.422151377,0.3711459374,3024.728679,7922.608033,0,5,19,5,3,0.6776775795,1,7,29,7.115614395,0.9185717065,0,46,0
51,30984.48657,18,7,691.6513226,15730.98152,36,15.45047899,0.6606553601,1728.458376,20678.99578,29115.69055,1,15,4,2,0.5814935912,3,28,38,1.036984146,0.9908656687,1,24,0
53,61853.5666,12,4,794.8249941,19800.71924,36,6.291494331,0.5553560491,1340.909937,9505.287309,22737.43627,0,0,4,1,0.5759729614,4,12,53,7.583861521,0.05027598855,1,53,0
18,41379.38812,9,1,748.5853506,15267.75712,36,3.544384008,0.05931350151,2204.115326,32999.35454,5610.341182,3,21,3,2,0.5681761614,4,98,88,10.73863056,0.5778992537,0,94,0
58,76304.56116,13,32,744.0166712,33653.07304,60,14.98035417,0.4178310968,3801.146896,27333.80509,19913.10549,2,22,5,2,0.7534916119,4,57,78,8.071236126,0.1750694049,0,42,0
35,62689.15038,14,19,689.9026601,15012.03358,12,15.80376687,0.22645065,2848.296281,11158.47542,0,5,17,4,3,0.3159197652,3,83,46,4.548400419,0.008445187724,1,4,0
40,32333.78553,10,29,700.0291974,29963.56135,24,10.72610548,0.1186580866,1420.408636,17237.47971,22148.93854,2,26,1,3,0.5656153971,2,71,2,2.078556655,0.1856525917,0,43,0
30,47502.48165,19,33,679.8580884,37759.42278,60,6.792983527,0.6555624862,2302.436156,28002.32323,36063.22105,5,0,3,1,0.1130191359,5,70,67,8.27429666,0.4122945344,1,76,0
31,60005.78699,18,7,653.6189254,35957.10728,12,16.71794734,0.761334952,2998.908797,5038.185546,23586.18692,2,4,4,1,0.6607678162,4,77,60,6.461413406,0.700630544,1,83,0
31,45010.7173,16,1,725.7376369,32880.00624,60,7.095188617,0.3804851577,2807.267826,23658.57748,19450.86274,4,29,2,2,0.6306472026,1,43,72,7.315157039,0.6676193735,0,93,0
36,62263.81792,18,31,648.99422,20503.7779,36,16.76702812,0.3320421179,1692.212008,23970.78858,26015.3749,2,16,1,2,0.9545709692,4,15,70,3.808293366,0.3152418387,0,9,0
39,47534.21865,12,35,628.552588,25476.48395,36,4.983749605,0.4169221162,2116.265178,31327.74915,22855.13945,0,9,2,3,0.7812995878,2,28,95,9.386417932,0.4811540258,0,94,0
34,33043.78232,17,8,695.8610946,16320.19901,12,11.68176746,0.8920786814,2696.627654,12668.10597,27196.75952,5,20,4,1,0.5467892621,5,23,3,2.060403737,0.5284075089,0,45,0
20,45978.67548,9,12,635.9718349,14593.94768,60,4.603760797,0.5578456222,2355.324626,6545.724009,22953.11267,0,11,1,2,0.06156100941,3,45,61,1.303137897,0.6958837232,0,57,0
33,63930.67027,8,17,820.0798956,13166.55573,24,15.83632764,0.2473290102,4269.156271,22553.00405,12912.96603,2,3,2,2,0.5182968269,1,54,7,10.87035631,0.05830231406,0,53,0
49,69232.9668,16,27,557.3780646,24616.20339,48,17.28013292,0.755061463,2279.123479,24701.56811,4305.346725,2,17,1,2,0.4574192302,3,85,18,7.899792528,0.2213962923,0,24,0
33,45381.43174,14,32,655.5558253,17624.75259,48,3.270190973,0.06857866145,2302.764252,29698.95113,6176.986546,5,27,2,2,0.06546792629,5,72,14,4.880523268,0.1773403596,0,29,0
32,66735.38501,14,29,543.2269093,21117.88635,48,10.91952325,0.3456821584,3194.089976,7118.805849,38558.56692,2,18,3,2,0.9582677153,2,72,69,3.320414445,0.4873693545,0,90,0
56,43779.54187,14,16,700.3482215,43664.32752,48,17.46690844,0.7284228052,4345.900936,20982.61176,39177.48292,3,0,4,3,0.5309969806,4,55,82,3.540816116,0.178374142,1,81,0
36,57399.20208,9,29,568.9539547,12742.01163,48,4.5987612,0.4840003341,3334.301259,20561.96804,12951.7366,0,19,1,3,0.8655978037,3,55,60,6.130471795,0.6697905229,0,1,0
23,48841.38861,12,27,619.4472978,27232.29607,24,5.727545082,0.3034809502,2506.673838,13233.95005,32363.04371,3,18,4,3,0.8821062473,5,26,17,10.12375353,0.1191674387,0,29,0
34,79781.85067,17,25,607.7911478,36786.91025,12,7.141497426,0.06401252586,2158.308961,4262.714286,21677.90215,3,14,5,3,0.1650903655,1,79,27,11.12893548,0.9752065515,0,3,0
21,56667.632,12,31,690.7788952,7458.25349,60,14.30890268,0.2764238615,2198.717867,18117.8976,35102.51696,3,21,4,2,0.9860567239,3,55,76,11.73077133,0.1481547756,0,16,0
56,55015.4573,14,29,721.0009893,37585.01194,36,3.405368259,0.5232559352,2978.181415,17117.46822,10266.00036,5,24,3,3,0.567525365,5,51,34,6.261379703,0.4392745413,2,90,0
18,69538.52902,17,35,647.0351535,28617.99083,48,5.168527232,0.6155881049,2985.252753,24352.41198,28207.9167,0,15,2,2,0.2178670912,2,32,41,1.335752504,0.5585942023,0,55,0
51,63075.94659,17,17,685.7461523,9204.272739,36,13.73608381,0.6841620098,2413.384799,26136.44149,30621.66943,0,24,5,2,0.7803508282,5,83,84,9.061137279,0.6736637472,1,16,0
44,59018.77525,18,13,645.2205686,28448.86104,60,15.36676347,0.3934396364,3577.567008,0,40823.14553,5,24,4,2,0.06677882089,4,46,93,3.768805848,0.7176685628,1,25,0
32,74377.33374,19,38,738.8749851,33831.69066,12,7.033194655,0.1597854279,3657.079519,14186.77249,21608.1079,2,11,5,1,0.2983598454,5,12,13,6.82086148,0.1423455374,0,11,0
29,67537.23371,8,13,695.5237636,38285.80006,12,12.74244067,0.7172893558,2921.537674,25825.78861,6573.593243,5,14,2,2,0.1543006912,1,35,18,7.111429152,0.8844251072,0,2,0
44,22842.80075,8,23,677.8476834,10370.5228,24,14.02245672,0.1200171744,1709.924597,17111.24582,21065.42177,5,27,4,1,0.6531651262,1,15,41,4.399780787,0.3931441785,1,22,0
48,48772.17693,19,15,635.154456,13532.75821,60,6.626813923,0.3623436883,1886.510577,9401.521461,0,1,21,1,2,0.11831351,4,17,65,3.584757254,0.04842665762,1,2,0
62,86340.20284,18,29,548.1275754,27532.34115,60,5.964953496,0.1133026146,2890.561876,8493.204777,38966.89254,1,5,3,3,0.1559023419,3,100,29,8.511632278,0.8343570167,0,15,0
18,43666.91287,15,34,698.7875062,31853.06589,12,11.7877691,0.8898879459,3382.745948,9361.578494,17967.14609,1,23,1,3,0.2592610186,2,99,1,11.19136964,0.2906350809,0,58,0
34,83498.16299,9,12,660.3286722,35664.30642,24,4.206234159,0.5355004887,2381.819467,16097.7766,29779.47769,0,15,5,2,0.3897330799,3,30,83,8.906050635,0.9977030753,0,34,0
61,59548.40095,12,30,662.5106303,14564.62841,12,5.937997378,0.4865446906,2554.003227,11386.11566,8168.747694,2,26,1,2,0.1559226155,1,67,73,4.892648413,0.9826592026,0,91,0
56,75802.09355,14,35,647.2714876,26943.24702,60,15.29775561,0.1114280886,2243.814508,1031.007574,23862.87301,1,4,5,3,0.234597009,2,72,53,4.494900719,0.2903402972,2,34,0
22,66756.52223,16,26,649.7573974,35682.67549,36,5.670382374,0.4969349731,1277.05486,22476.08057,31131.98359,3,25,4,3,0.6843465432,4,85,60,10.95747252,0.05611608503,0,66,0
23,44826.11769,10,8,533.1540411,30978.29724,24,4.870226087,0.5735320647,2427.608275,8906.463188,12857.28103,3,9,5,2,0.989861149,1,19,75,10.39832545,0.8240185582,0,57,0
39,60894.06533,19,7,709.4924591,34379.0222,48,16.00164782,0.2466054604,3164.79672,12110.70257,0,0,2,3,1,0.6800944663,4,19,18,4.949961582,0.4850528915,1,88,0
52,74133.49239,10,8,617.8096252,4290.188033,60,15.97077728,0.2732685182,1858.321308,0,13940.88786,2,11,4,2,0.566317391,5,82,60,5.308374371,0.4918366623,0,81,0
44,70314.48774,17,0,556.4958455,19561.19063,36,3.161238406,0.1138336537,1540.540843,6704.573184,15474.24215,5,15,5,2,0.2294306043,2,20,17,1.893585904,0.1553189536,1,9,0
49,72921.23533,15,9,778.906965,19922.0189,12,15.43474854,0.8918407738,3319.711382,0,6269.323006,2,6,2,1,0.09918516913,3,63,46,9.843866905,0.2341350098,0,6,0
58,88619.91984,16,39,747.4078276,37013.65918,60,8.133843365,0.4193485548,1651.860493,15783.67229,8347.941302,0,8,3,1,0.06111467494,5,80,55,8.715222337,0.9880277836,0,95,0
54,76368.53309,19,16,722.9905705,30541.51552,24,13.56862803,0.2007031736,2154.185493,19315.97794,6458.811253,2,28,4,3,0.09452132025,4,12,11,7.952706583,0.9013912795,0,97,0
45,57777.70411,9,6,696.2578022,27243.1366,48,5.336770539,0.2567135765,3528.133016,17579.91427,0,2,18,1,2,0.09835683103,5,44,43,11.59955113,0.5967259583,0,70,0
57,40325.02586,12,11,700.3663153,12227.86268,24,11.04218795,0.08086924361,3959.58673,25697.73444,0,0,9,1,2,0.4649474211,3,15,86,6.301735916,0.03294370187,0,92,0
43,68505.74156,12,39,634.3606488,42201.92358,48,5.924893067,0.6635403528,3771.39814,30352.32724,46720.73639,5,13,5,2,0.0251163671,2,16,3,11.8677909,0.1514006397,0,68,0
27,58143.0999,18,14,592.306477,22511.87618,48,4.639990964,0.664170887,2070.006027,12149.50551,22606.7513,5,25,3,1,0.6110636778,5,21,53,10.77157004,0.1792327405,1,46,0
38,57383.79583,15,1,649.615182,13358.7956,36,6.591833989,0.8922293801,2462.363705,15702.42752,30093.48287,1,15,2,3,0.5755377625,5,50,87,0.7900021205,0.8374144417,1,94,0
42,39241.28689,10,15,687.900739,42403.69825,60,7.739736882,0.5486400186,2614.140947,15727.75956,32230.76945,0,8,3,1,0.5319252809,4,73,98,8.583255018,0.3702655428,0,21,0
57,44177.08207,13,37,650.6454985,17938.1687,24,5.408847715,0.3241984902,1894.884613,23967.72736,24804.34388,0,2,5,3,0.01719801005,4,37,80,5.696728769,0.8870843258,1,91,0
40,32640.16583,15,16,831.6011269,39549.79051,60,8.675894594,0.5606853056,3215.232589,18319.80775,35746.9851,5,20,3,1,0.1637854105,1,38,70,6.53578673,0.8538329656,0,80,0
55,86641.33329,14,22,656.3059328,40271.10961,12,15.30795956,0.4083728637,2737.363832,16109.61583,15251.93538,4,9,3,2,0.9017031049,3,65,57,0.6987529553,0.9511702441,0,18,0
34,75007.85677,17,13,591.9685963,24840.74495,60,10.33247331,0.404808671,2137.580954,12964.68028,20291.43411,1,14,5,1,0.7663165059,2,52,75,11.07070474,0.8733124097,1,55,0
56,57962.06826,11,29,593.7108676,6015.264193,36,14.89663106,0.7220242023,2298.324434,5184.856616,26561.06078,5,0,4,3,0.06242108308,5,7,65,5.170523702,0.9109600413,0,63,0
63,46166.82089,15,22,653.0373903,7689.026435,24,12.59718794,0.2175866799,1594.229098,28890.19685,24595.92252,3,23,1,2,0.5455221975,4,68,60,8.878265611,0.2962297561,0,58,0
59,54809.09792,10,24,804.8038357,19722.06753,36,4.860801003,0.3769319726,2497.110669,6099.123019,25221.1196,2,24,4,2,0.02738006808,1,48,79,8.60661874,0.5425369434,1,1,0
48,71740.5467,8,14,760.6173657,31525.93942,24,11.79787219,0.08423105239,3455.71774,27972.0859,25088.96345,5,21,3,1,0.06957337474,1,93,84,9.494191278,0.7338864103,0,3,0
49,43021.44815,15,34,715.446651,18025.82207,48,10.14394801,0.4737656439,1796.109894,5161.923774,9026.843727,2,16,5,3,0.1886406713,4,65,30,0.584336714,0.3734027775,0,53,0
58,37197.95216,16,21,664.4249657,4908.55146,12,4.127076558,0.3831621791,3175.295433,21675.32167,17564.5784,5,8,2,3,0.9559371055,2,13,41,2.935191489,0.276431243,0,9,0
26,40983.34131,18,19,850,17159.48291,24,8.175881762,0.2454700027,2533.663119,33499.03548,25604.30644,4,24,1,2,0.9951303059,1,7,26,1.885692122,0.4441722128,1,69,0
44,87787.65715,10,37,693.7474706,28188.35966,48,8.969277562,0.1094504001,3713.911577,14090.50759,37247.33379,3,19,1,2,0.3176895815,4,64,59,2.192710809,0.2937296061,0,80,0
34,50169.32872,11,16,694.2355349,9080.519371,36,16.60318695,0.08871247558,666.9271374,6119.155896,21206.45707,3,15,4,2,0.9744707629,5,11,99,5.726924858,0.840504223,0,89,0
24,69518.76486,18,33,751.1921535,26049.24871,24,4.673123269,0.5161733872,3197.404322,29512.52486,56587.57154,1,2,5,3,0.7468736077,3,87,95,11.95386558,0.5558002773,1,31,0
59,44531.5859,15,0,599.0186362,22622.65411,60,15.86412339,0.4031185211,2359.514812,12861.59399,2075.602096,3,27,1,1,0.06463922737,5,86,10,8.883311736,0.9001531479,2,88,0
21,59430.22343,10,3,672.0460664,10284.29227,60,10.92598484,0.757693871,1843.298069,11051.24943,3631.244295,1,3,2,3,0.7963078941,5,20,50,6.14168223,0.6789008414,0,31,0
50,81316.97627,19,12,688.736092,51603.20789,24,7.613204791,0.09943819821,2807.949348,7645.398904,12542.11095,0,27,5,3,0.3436234416,1,33,34,9.53663199,0.7823710998,1,62,0
21,37514.79067,10,16,643.6516024,25412.95581,24,5.783726887,0.8050580194,3656.630223,10354.25794,39161.05918,2,18,5,1,0.3741293522,1,97,37,7.082746663,0.2829537336,0,65,0
54,77003.60157,16,26,697.9208284,5116.15105,48,7.719384096,0.1331522761,2305.665478,12209.0251,5795.144905,2,17,5,1,0.03726678806,5,75,64,3.329221954,0.3883287946,2,31,0
20,40309.14099,8,26,704.9704425,43673.41104,36,15.34531122,0.08727777767,2964.53736,15364.82938,19240.66946,1,28,5,2,0.2645518978,2,15,94,7.817696902,0.4089732114,0,59,0
46,68985.00796,16,35,635.7045926,39150.50204,12,14.31993258,0.1789136115,1793.246789,14885.47111,27295.38816,3,1,3,3,0.8004247774,3,54,67,8.971103681,0.4751759304,0,22,0
32,49811.17857,12,2,577.1304358,16018.5924,60,8.616168922,0.2443260934,2466.402332,12930.19899,0,2,13,5,2,0.8233988991,1,61,17,11.61579128,0.7457698342,1,66,0
44,78291.26101,13,23,687.5563296,20364.06997,48,4.43084851,0.8537756187,2613.040746,12911.79636,27536.06542,0,21,4,1,0.3457843272,2,50,86,7.780168455,0.814439763,1,2,0
41,58225.43637,13,34,738.7048282,11673.79939,12,15.95599036,0.1529161428,1584.595601,18803.66883,12361.08239,1,28,4,1,0.2622228592,4,91,8,6.345693525,0.4020754698,2,47,0
40,29161.74197,8,26,716.0347492,18609.09687,60,5.639345957,0.06868088239,1395.928273,300.897656,25855.11685,2,0,5,3,0.7500790616,3,83,26,6.426557925,0.28219795,2,67,0
19,53745.08137,14,34,707.6332673,5458.780704,60,14.14426381,0.2507674969,2527.062343,15412.44505,62710.57459,4,26,2,2,0.246027455,2,7,7,7.079416467,0.6957281682,0,76,0
55,71432.75171,8,33,624.0143074,29880.56161,24,12.11816214,0.3675064443,2473.709352,19000.16859,10210.19238,1,10,5,1,0.4453951242,5,48,45,6.59951582,0.7051630052,0,15,0
20,45459.56406,10,25,697.9775435,12213.14681,12,8.524975659,0.1066744602,2778.403418,11584.00032,39120.09922,3,27,5,2,0.7040623396,3,68,99,10.45288347,0.2376696652,1,49,0
27,65880.07545,10,13,657.9720216,44276.73487,36,8.735537821,0.1496309511,1710.074513,15326.02157,12031.77907,2,5,4,1,0.002414917193,5,5,25,4.603667826,0.4564559925,0,69,0
44,72420.40557,17,9,724.0278302,35226.927,60,9.998926602,0.7503437111,2807.212645,7334.854447,6249.039219,0,21,3,3,0.1417049269,1,26,75,8.440659257,0.1653812797,0,25,0
51,58895.36831,13,18,729.5904468,25587.32805,48,6.726372722,0.7972902738,1244.245582,29497.58546,29925.84743,0,26,4,3,0.7378243108,1,13,45,1.590647118,0.6379198054,0,55,0
27,44981.42373,9,20,666.1848566,24927.34046,24,9.250189704,0.5670345225,1527.851956,22157.21734,16330.06354,4,2,4,3,0.3810609382,4,67,38,3.150604423,0.4846390315,0,96,0
33,49090.63009,9,5,751.9369739,21982.48752,12,17.38355516,0.2852438958,2693.210997,10090.22196,15497.07381,4,4,5,2,0.9864466351,5,100,67,10.83632925,0.3180575269,0,20,0
45,52518.69991,9,30,666.2020762,32078.28979,24,11.03898538,0.8099696524,2053.828518,11649.26366,6070.958285,4,10,4,2,0.1935288488,2,13,76,1.122739636,0.2492321164,0,78,0
24,98942.31151,10,16,702.5288932,4424.117287,24,17.82856068,0.2449399253,2568.612981,7870.562294,0,1,17,5,3,0.2686738378,2,69,22,7.032223406,0.4989526763,1,70,0
49,69478.40992,12,18,653.8041661,27573.1269,48,5.387116007,0.07988344321,2685.99996,183.6031449,7850.941121,0,4,4,1,0.1191216385,2,56,45,3.719006268,0.05171852299,0,77,0
55,46477.66884,10,28,609.4369635,14757.70698,24,9.339000758,0.06177145821,2372.751121,12368.0491,0,1,0,1,1,0.6223264098,3,33,64,9.005032635,0.7437167683,2,13,0
18,58042.51839,11,38,798.2519485,28578.11963,48,3.73850711,0.8024049313,2069.886623,21540.11271,21830.62408,3,15,1,2,0.2995610688,1,49,55,10.31736244,0.3307831191,3,47,0
30,43378.51454,19,31,596.1546604,19795.36561,12,8.962789735,0.8388318227,2467.11562,13467.9954,18722.72177,2,8,2,3,0.7501773298,3,39,46,11.60529054,0.4949299622,0,99,0
47,100454.6835,11,6,676.4015321,28426.2628,24,6.81828781,0.3399853895,1438.941988,8441.169052,34640.7364,2,28,5,1,0.5138534654,5,86,100,11.20971296,0.4898435276,1,30,0
53,70058.46339,16,24,660.698134,13402.67268,36,16.9553876,0.3899949533,2198.321559,17257.88071,21833.63708,1,13,5,3,0.5727986333,5,8,93,3.067691083,0.5621598692,1,39,0
52,51738.65792,10,33,709.7820093,30803.89333,48,13.00254447,0.5884869476,2892.375824,8915.642861,11491.99437,0,11,1,2,0.9585420776,4,62,65,11.4354775,0.2831261429,2,60,0
48,70162.73874,17,5,647.278118,29460.80269,60,7.66687663,0.4838158773,2634.115702,9735.236518,0,0,25,4,3,0.6934511583,2,86,100,4.934933811,0.8516412184,2,57,0
37,109114.438,12,7,624.7608816,37370.92666,60,9.115320939,0.1726339423,2305.768203,19048.63191,0,2,25,2,2,0.73914323,5,20,32,11.31860796,0.3107260489,0,13,0
22,51023.19591,16,33,648.0688049,22216.31771,12,6.219060112,0.1599078071,3889.488846,4133.245384,22390.22895,2,14,5,1,0.3655732821,3,32,27,11.73042131,0.8356219493,0,75,0
33,58830.46539,16,24,693.841345,20013.55247,36,17.20630615,0.1982758747,3608.337546,3416.817368,9140.6453,5,23,2,3,0.09278793761,3,12,94,9.713222958,0.159917974,1,70,0
38,58862.47835,12,3,620.1474107,44327.89164,48,10.69268248,0.629393962,2449.981476,5777.1678,31806.72685,2,26,5,1,0.3061719145,5,57,28,0.5497725173,0.2264081865,0,84,0
56,48974.30562,19,2,620.7941195,32257.17297,12,4.863764859,0.8389485212,1196.296857,4879.984227,13749.13855,5,6,5,2,0.009376274704,2,36,23,9.455772977,0.7984650337,0,51,0
27,54439.09127,16,32,716.9919276,23261.60105,36,16.85521474,0.4393983343,1932.486755,26248.73297,21034.14369,4,14,4,1,0.3877649546,4,15,100,2.561153236,0.6558503832,0,60,0
55,59543.60443,18,10,677.1914385,21356.20634,48,17.15558503,0.7342893499,2054.086559,11044.53553,7683.923559,5,25,4,1,0.9343718167,3,89,71,7.5977493,0.2395300084,0,71,0
52,64693.88797,12,39,727.8908668,31536.50316,60,5.350313509,0.8442897338,2595.918566,22797.34685,32468.38599,4,0,1,1,0.5579713838,3,68,65,7.031686257,0.3474892686,1,83,0
53,64975.45681,12,39,717.4294065,46799.76023,24,12.03202174,0.4070409202,3248.876929,10676.35566,19957.71084,1,23,3,1,0.6014389272,2,98,51,4.454328278,0.6238225872,0,9,0
46,59632.65217,16,25,710.3430776,1000,12,17.20015343,0.149836028,1800.731152,23790.48136,57086.74208,0,6,1,1,0.5609581147,1,18,96,7.743408162,0.6413764389,2,12,0
20,31842.73724,13,34,725.1576827,5326.709051,36,11.35096425,0.1262456483,3267.386287,20438.49947,21383.01373,4,29,1,2,0.9605865472,4,61,95,10.62249635,0.8941296265,0,40,0
48,61328.86933,12,23,750.4611642,12003.52005,36,15.59094472,0.5653720936,1476.828517,2804.023476,21582.35175,0,16,1,1,0.7221206504,3,46,25,9.20027521,0.5252400296,0,25,0
53,61164.67297,12,28,661.8513628,27265.58583,60,14.26001487,0.5902067244,2574.683307,0,23475.66679,1,17,2,2,0.6423340167,4,68,87,11.53283435,0.1182941707,2,90,0
45,45402.69417,10,4,743.1355559,41929.7597,24,8.408254132,0.3792073678,2979.502022,4861.774123,23370.0158,4,29,2,3,0.5173806154,3,90,29,1.968751939,0.2494929285,1,88,0
64,54197.29045,9,16,755.0114398,33510.43261,36,10.87440731,0.5824911769,2575.090542,9212.539354,18190.91778,2,2,4,2,0.08138401492,3,98,23,8.4072642,0.4382507226,0,28,0
40,81651.64746,13,18,733.3805796,25757.34966,48,7.908188726,0.6301910828,2146.026394,14229.58378,21135.71497,1,15,1,2,0.2298089521,2,77,68,8.995096453,0.5892510833,1,85,0
26,53602.23032,17,35,777.4173171,38944.72112,24,4.006448168,0.1574100479,3040.058186,11528.82344,2340.190983,0,4,1,2,0.5605597289,5,70,44,11.16440961,0.1246840662,1,22,0
34,71921.87561,14,8,734.7295649,19888.63994,36,7.47724274,0.2582654722,1382.829679,30126.54619,35332.36623,3,7,4,3,0.2957736858,3,51,65,5.913128538,0.9536797656,0,73,0
45,58493.63385,18,7,665.7654515,52317.07709,24,12.62138244,0.5157713097,3040.93822,1458.546407,11528.20348,4,8,2,2,0.5751697047,2,55,28,7.18161696,0.598153872,1,23,0
20,69373.75599,9,38,624.2913893,7503.141199,36,7.394907194,0.4903393308,3956.809758,22070.98501,30854.61024,3,12,5,1,0.7811491406,3,93,95,2.923719377,0.92909975,0,46,0
48,71763.44763,16,5,727.6920187,37175.08608,24,7.428277006,0.6233021525,3193.155471,8398.447642,28469.63747,5,25,3,3,0.03271353723,4,14,66,8.407810972,0.1641845769,0,2,0
62,70240.24312,8,1,727.2442594,34646.73063,24,12.92810661,0.8818642639,2808.641837,10502.59642,21073.5674,2,28,3,1,0.3317167411,4,60,34,0.7241901858,0.3618665144,2,55,0
55,55058.23335,9,32,553.477704,4225.63317,12,9.778193432,0.2014286548,1876.133098,12082.73911,8677.994571,4,1,2,2,0.8870099221,5,37,1,7.29004152,0.901414778,0,99,0
50,48962.6078,13,34,659.9162412,30353.5181,48,3.638445081,0.5530509852,3176.626852,14056.13464,35931.31317,1,25,3,3,0.6845810845,3,87,75,0.7206318568,0.3187158681,0,74,0
39,42391.66782,11,30,664.3493332,33161.19121,60,11.97631795,0.4448401616,2661.208534,11555.34739,0,1,12,1,2,0.0563030107,3,43,65,6.59545474,0.3337499888,1,97,0
42,61671.61171,19,19,670.8092049,23072.70054,60,5.209997255,0.3245816735,3687.426507,15037.33477,0,4,23,2,1,0.905315353,1,95,93,11.57596814,0.9355975565,1,19,0
59,38774.75138,12,21,699.172133,29486.81775,60,7.715368319,0.5479260804,2331.744035,5482.287491,15606.77957,3,14,5,3,0.4532476634,1,83,51,10.11209646,0.9704575341,0,15,0
60,75256.01788,13,6,743.722021,20782.19285,12,14.2776199,0.4800078131,2117.952123,30586.61977,13748.91845,1,14,1,2,0.9880487245,1,18,79,3.091829617,0.4337213689,0,76,0
48,54703.95376,18,10,665.3051264,28336.71797,36,11.87413441,0.2216510519,1380.602683,25837.78588,3337.499593,5,14,4,3,0.1302900493,3,93,35,3.546796075,0.5641784465,0,95,0
41,48335.32132,10,36,720.8734824,34120.44333,48,9.065568054,0.111708279,2302.028487,21979.70429,0,5,28,2,3,0.6576897163,2,86,54,1.17408623,0.09809553763,2,46,0
54,15000,11,35,612.2930575,1000,36,11.95175082,0.5481271597,1854.753443,9666.264748,8532.139046,5,15,4,3,0.09087772461,2,3,88,9.46646655,0.8740178951,0,66,0
22,38457.58999,10,36,665.1311376,16305.11606,36,11.01604217,0.5098941952,2687.673899,18199.7677,55089.6057,2,0,3,3,0.6161396957,4,44,64,7.393370812,0.2746008756,0,22,0
32,43729.28066,12,16,702.8535402,17559.89513,12,16.5511824,0.3738402487,2619.803349,0,6611.258448,5,9,1,2,0.2833658302,4,100,64,3.038227956,0.5531989119,1,63,0
51,63900.30256,19,33,675.8425014,21430.57191,24,13.11166686,0.8651454696,2146.478207,2658.962268,28124.09924,0,19,1,2,0.2120832932,4,76,70,11.37928245,0.2387462439,1,32,0
33,39190.74267,19,32,765.0880707,7328.111402,36,3.127885398,0.2339626429,3268.129367,7644.728948,30138.94875,5,25,5,1,0.4472801112,2,77,81,4.573820675,0.4865323718,0,95,0
43,56129.85491,16,20,708.3546854,30004.17906,48,15.26657937,0.1640703232,2923.495074,23860.65851,35197.10809,1,9,1,3,0.06566926569,2,43,44,8.17981439,0.6410156468,1,59,0
21,54755.12337,8,34,693.421993,17899.61391,60,8.897379465,0.7641773626,3260.031638,21339.60593,35575.59213,1,5,3,2,0.9726571865,4,7,85,2.750585252,0.6066266704,0,80,0
37,46392.00506,18,38,690.0366603,29169.87305,24,11.39067925,0.1121525246,1612.193366,30183.63587,0,4,12,4,1,0.757966009,2,70,98,1.925577387,0.7873617829,0,9,0
24,57301.02376,18,25,610.4726437,6920.185482,24,6.749545251,0.7952111714,3581.477514,11668.01673,0,5,20,2,1,0.6846858729,1,19,30,4.777262669,0.599196,0,95,0
25,65356.41028,8,16,687.6260023,21792.80273,48,8.497171597,0.4098538254,2555.292744,12878.4503,49781.14391,2,13,3,2,0.1311124517,2,12,66,8.26287065,0.1521826366,1,89,0
24,38415.79539,9,5,709.2179769,31849.54076,48,7.205989494,0.4024927254,2088.358065,687.5231602,31806.24387,0,4,1,2,0.8868666391,5,45,20,3.337293077,0.3008421039,0,34,0
62,74099.61108,15,33,696.0725006,17471.92713,12,10.3088213,0.2840598077,2686.989811,15851.67753,15908.58434,2,19,2,2,0.07314466293,1,72,2,5.029809964,0.8877391832,0,80,0
36,82218.08132,9,19,698.0912279,24837.97408,24,16.76352131,0.5193349576,1147.811623,24963.19238,33183.25179,4,19,1,1,0.6988229559,2,68,52,2.373823597,0.4715487595,0,4,0
45,49393.60373,17,25,702.7806845,33399.0312,24,15.44846453,0.1720806527,2968.291049,14622.36257,16573.88889,1,25,5,2,0.6772544293,1,92,4,6.00579075,0.06189453162,0,98,0
62,61039.78966,9,27,718.8097093,31829.27766,12,3.125887235,0.5525657383,2700.056501,1707.231034,32860.84446,0,16,2,3,0.3483606859,2,25,16,2.050962633,0.5503134431,1,65,0
22,50518.9929,12,7,652.1539045,24074.58663,36,8.87040552,0.06874133164,2046.057265,16700.55892,24722.99688,0,5,2,1,0.8967006198,2,51,47,6.599477028,0.909838295,1,40,0
61,73559.88674,14,5,653.7804135,15823.73081,48,14.37553137,0.08362931778,1960.589813,14486.17014,45493.44056,5,2,5,2,0.6274381995,1,96,55,8.983864569,0.601182483,0,65,0
37,52855.1343,16,0,703.3837067,21392.70263,24,16.42561717,0.7740929477,2797.22124,22986.06457,17439.76434,2,23,5,1,0.03026481793,3,23,67,6.870311662,0.5451766896,1,17,0
47,31362.93602,11,34,523.4866006,16905.33671,36,9.063625932,0.8407819904,3708.54008,23140.92276,0,1,0,3,3,0.7567699847,3,9,30,7.588257135,0.6369196279,0,81,0
32,39625.02021,14,37,684.541003,30778.29178,12,11.42769701,0.5024983849,3340.003985,4379.747569,12212.0968,0,19,4,3,0.79823029,3,73,94,10.70876598,0.3658365401,0,54,0
30,46327.26732,16,1,669.2773094,5684.683891,60,14.97504405,0.4391028111,2336.356639,5270.010041,22814.42337,4,10,5,2,0.9750962446,4,5,57,10.184659,0.5602957071,0,84,0
34,56047.9426,15,35,648.5168631,32569.84388,36,5.364102868,0.5689476512,3532.42664,37663.01043,9590.33837,3,2,3,2,0.08585375186,4,78,54,9.716616875,0.854859574,1,56,0
32,90008.88655,19,5,545.7329425,31037.67313,48,15.8207846,0.7951941725,2431.391173,24484.37672,22880.68335,1,26,3,2,0.1587305588,1,72,19,4.625258557,0.8546918664,1,61,0
24,67988.75837,14,22,785.7369582,24666.4463,36,8.82121565,0.6770084031,2761.603454,14713.27744,0,5,27,2,2,0.3224265694,2,22,34,5.712628268,0.3352613861,0,10,0
47,71797.8285,8,18,619.5872925,26012.16375,36,15.67846925,0.3441993031,2511.240721,19250.72778,14624.48414,0,9,4,1,0.7083659756,3,16,63,5.706540261,0.4028924624,0,39,0
56,59789.78603,14,7,536.5972955,1000,24,9.79437113,0.5774700492,2764.263736,16197.63145,50822.13382,5,10,3,2,0.9057934543,5,38,93,2.633217429,0.5999070622,0,66,0
59,46552.35004,11,7,707.5062782,26514.33102,48,3.617794927,0.6536147262,2035.355825,4136.48827,43406.23189,5,15,5,1,0.6193906735,1,61,84,0.797710318,0.1111278864,0,82,0
41,85925.03418,10,10,691.6574108,22874.35472,24,8.261643367,0.5512160539,2692.153108,11992.38998,14392.36992,1,21,3,2,0.8084743592,3,74,81,7.379529802,0.6877215701,0,63,0
31,49113.49771,9,23,750.2499389,17293.38195,24,13.69118483,0.8431494574,2296.015645,14200.27133,18821.78587,5,27,3,1,0.7897616641,1,71,30,6.94161221,0.1261670448,1,28,0
25,44119.96243,19,22,684.4008651,27527.44712,12,7.943631247,0.5550113493,1365.502673,12521.02909,9458.089721,4,10,4,1,0.6503031392,4,62,14,2.405082819,0.5990396738,1,11,0
49,55940.51068,12,37,699.3507702,36333.7258,48,5.4518281,0.1290704954,1917.920936,18149.72023,0,1,19,1,1,0.1661832701,2,33,79,11.74198774,0.7471019048,0,100,0
50,51625.93381,11,38,598.0382562,15314.08626,36,5.295430727,0.3266085416,2891.330521,4963.141256,14465.4537,1,21,3,2,0.6837243364,1,52,98,11.73226559,0.4489467579,0,60,0
50,59540.56149,10,32,658.8652856,26417.01826,24,8.471310288,0.1442120999,2631.979013,8622.606146,15555.48099,1,18,1,3,0.917737104,4,71,20,6.350354498,0.07704750951,1,43,0
44,86902.27725,19,5,663.010071,12249.80276,24,15.3051437,0.5813014088,2628.744645,31688.7407,12759.43758,3,19,3,1,0.8687045435,5,64,45,3.346690089,0.1345842754,0,6,0
29,45700.45174,15,36,657.6407928,18880.56531,12,6.02739275,0.2531487335,1111.707286,13869.00538,388.856321,1,6,4,1,0.02382430862,2,95,73,1.676484225,0.4714965248,0,75,0
41,71595.56626,15,16,649.7014684,58569.53901,24,17.8532177,0.4242115892,2338.471479,11985.47146,35497.00139,3,7,4,3,0.633050424,3,42,52,7.883651057,0.4965304589,0,83,0
53,66770.41072,9,20,709.2569259,38024.29854,48,5.567275147,0.2014225425,2145.452335,18800.65073,36652.88324,4,17,3,3,0.6648157272,2,65,44,10.78107504,0.9262071916,0,47,0
54,45316.53976,18,1,591.3577929,17327.85212,48,9.229042554,0.8831346997,2642.916294,13625.62174,20029.23859,5,12,2,2,0.6914694845,1,38,14,8.813181102,0.6314215446,1,90,0
51,60082.40854,15,25,678.7701296,26049.80804,48,3.362916192,0.3822355123,3534.566744,11942.90021,14798.34461,1,8,5,2,0.1387079343,5,41,87,1.310108216,0.3109305242,0,38,0
23,77931.33137,11,15,804.0115239,28181.6334,60,13.46497259,0.0980633387,2369.955205,8770.863035,28410.83336,2,15,5,1,0.3199011924,2,77,39,3.689063135,0.219309262,1,54,0
59,69899.22777,10,2,687.3773802,8088.726683,60,16.81504953,0.5677536283,3870.372355,13092.14833,13896.05208,2,3,3,3,0.0842880668,2,33,23,9.595048631,0.5958871132,0,87,0
56,56003.13784,17,18,629.8603535,3112.447677,24,16.7173723,0.6847068451,2899.166046,16112.9079,4669.50813,1,22,1,1,0.2719643391,1,100,44,10.14027243,0.5717831813,1,35,0
47,41679.18316,15,15,823.9125157,9948.487921,60,14.59520034,0.7431570843,3371.784437,6214.956514,44929.57186,4,8,4,2,0.6548162468,1,42,82,6.092446096,0.6407638047,2,1,0
64,43350.54045,11,16,684.4915468,24568.72018,36,14.72752625,0.1721168311,2213.441021,22802.00881,9426.752264,3,20,1,3,0.1221510274,5,6,60,7.100374158,0.4919412416,0,48,0
41,63641.99848,12,4,670.6445169,23448.74699,48,11.26392075,0.7404254808,2114.180774,16223.59021,23411.79881,2,14,5,1,0.02393226099,5,48,89,2.996939549,0.262594131,2,34,0
61,73248.1379,18,35,695.6198784,28570.80865,24,7.294493231,0.4671309612,3449.569021,5182.378711,2942.333101,2,16,1,1,0.9948099705,5,79,76,9.962601621,0.6178911452,1,41,0
20,64262.24462,18,27,646.1589756,48177.05703,60,10.98818725,0.3166764357,2092.473201,18499.12022,41130.75636,0,3,4,3,0.3022098911,5,3,85,9.719117902,0.9000820296,0,96,0
55,52845.29896,17,15,727.3995174,35959.72243,60,13.30028653,0.8840622749,1159.427214,16696.24564,24098.10264,3,4,4,3,0.8597000566,3,59,10,5.150062081,0.1317942997,0,67,0
22,51090.94162,13,35,617.8119918,6317.382101,48,9.184130099,0.0530070689,1898.808568,0,20811.9406,1,16,5,1,0.243516564,2,14,7,11.88599551,0.8846835974,0,61,0
42,63843.71506,19,37,620.1591998,16717.42368,36,17.21578781,0.2761249866,2997.715427,0,30394.14612,5,13,2,3,0.1722965692,2,30,65,11.35484764,0.386224875,1,96,0
40,60181.48546,9,12,808.7195562,33099.64231,60,16.11807943,0.1720758181,2814.688117,28531.85109,20084.27231,1,19,1,1,0.2433663109,3,74,69,10.78867782,0.1210795093,0,83,0
44,51438.54753,13,39,757.6082001,27278.11295,24,7.89732815,0.1450753249,1506.809406,19158.21146,0,0,26,5,3,0.8226418504,1,7,75,7.20497339,0.4783654087,1,26,0
48,54944.60774,17,32,669.744589,19247.10606,36,6.115292369,0.3424369635,1463.735572,0,21086.09077,1,15,5,3,0.8928854606,3,91,48,11.17075715,0.3116169002,1,41,0
31,71016.65524,8,8,670.2442886,27148.9742,48,14.40687252,0.390617288,2643.031097,0,0,4,24,2,1,0.5093576497,2,57,24,1.20536787,0.2464430518,0,91,0
35,43291.9752,10,32,617.2552528,23417.23786,48,6.431615927,0.7304599926,1476.639884,13339.79843,0,4,11,3,2,0.1054728745,2,47,66,6.32539492,0.5770249026,0,6,0
63,82014.87435,8,14,671.9429941,14162.2361,36,12.82228325,0.0542979282,2172.468128,14074.02254,13149.16904,5,1,4,2,0.4794505851,4,55,50,1.443322403,0.990134821,1,64,0
48,38876.10655,16,15,727.917676,35776.98047,36,14.78323629,0.7200019295,3242.39163,29910.34668,5263.336599,4,12,5,2,0.07152126247,5,46,15,1.568464991,0.9767678156,0,72,0
20,92416.30395,13,2,654.3903069,6509.636532,24,11.62567343,0.06623699906,3015.863349,4511.37232,0,4,6,4,3,0.09889433905,2,4,13,5.422823241,0.1990218093,0,71,0
44,36963.50736,13,32,697.6538045,30534.84288,48,6.271016522,0.5092131366,2412.132889,5068.354503,20331.52971,0,23,1,1,0.2934309857,5,40,74,6.803383543,0.1018418756,0,93,0
18,63934.20743,13,5,697.4513509,41537.27675,12,6.206472612,0.6736578737,1759.918182,12727.69355,30258.85543,2,6,1,1,0.3735158009,5,79,18,6.295644897,0.8404123846,0,62,0
50,70696.9333,14,25,705.103284,28427.25287,60,10.21299388,0.4645162999,2667.770947,13662.02384,22586.57367,4,22,5,3,0.4738645133,2,48,30,11.60932886,0.9173381713,2,33,0
47,82988.68113,11,38,754.023141,22944.88198,36,12.17998367,0.2761567025,3651.461246,0,26603.36389,0,24,4,3,0.9644064723,5,91,67,3.912708058,0.7633223957,1,39,0
64,74416.62893,16,18,566.1399512,31167.49263,60,4.499149193,0.05763099325,2187.875561,9458.523109,43424.93471,0,0,1,2,0.08112059239,3,3,26,11.41844149,0.4553653179,1,75,0
37,78716.60576,8,31,657.4186133,54568.04824,60,17.73549859,0.385655928,1878.940357,23703.55982,51397.63207,4,0,1,3,0.9497754708,1,27,12,9.185270317,0.1398209527,0,36,0
45,37149.41552,8,13,709.3118916,31702.58488,48,4.840838528,0.3684996598,4058.253163,30992.85792,17865.16042,0,4,1,3,0.24434995,2,15,98,7.639755563,0.7958551149,1,39,0
40,50628.11018,10,35,583.7220226,14103.55012,48,10.13153791,0.1332594824,2390.418764,11352.23024,36182.19913,2,10,4,2,0.7988562695,5,63,99,6.767050788,0.790061338,1,4,0
57,49431.00022,10,0,675.4409447,43383.50992,36,4.702933877,0.3132099297,2737.345936,25342.87708,21795.91506,3,27,4,3,0.4551093458,5,30,73,2.291248767,0.2430180659,1,76,0
62,65869.64037,10,37,618.5399589,37441.2212,12,15.652823,0.8710045116,2345.977754,25766.06886,46876.74611,5,2,5,1,0.4133621034,4,44,56,11.51376891,0.6995645492,2,13,0
56,52141.14311,18,33,769.5758608,25859.9839,36,12.96949947,0.7171141465,3117.040557,21305.4807,36517.57418,3,6,2,3,0.1628644188,5,57,18,5.00231233,0.5645220668,0,92,0
35,66060.24579,9,1,549.779952,6468.084573,12,16.23158008,0.8491536812,1950.094032,19815.90358,20125.61162,1,24,3,1,0.9969064309,3,85,57,6.574535022,0.3219935831,0,33,0
55,66715.75402,14,19,801.9213915,17907.58974,60,10.66589657,0.2705890952,2420.783807,32308.0831,19175.32499,4,12,1,2,0.9907658154,1,95,21,10.39209855,0.8699679451,0,63,0
59,18941.29516,11,29,747.4430225,34712.74928,12,4.464429619,0.8935993331,2082.410688,11987.02106,0,0,5,4,2,0.5312495306,5,75,57,3.3328642,0.4143992705,1,93,0
43,61674.86348,14,10,670.1300083,36169.18833,24,10.43865479,0.7405930929,2123.427749,11953.11027,25768.29354,2,15,4,2,0.9240427686,4,64,57,3.393012413,0.4910665735,1,78,0
29,59453.32974,19,1,743.7425726,1000,24,13.13355926,0.5387445148,2979.747619,26572.81959,33627.0991,2,28,4,1,0.6348914674,5,63,81,5.925262943,0.4748858178,0,59,0
64,55597.11282,13,39,634.7059228,16934.85494,48,3.464466209,0.09719980959,2860.198827,21936.38137,33221.21162,1,21,1,1,0.4511537797,5,6,40,10.9978719,0.2867154177,2,75,0
46,53136.0501,8,11,698.6509547,17905.61732,36,10.89461559,0.7951130955,1245.471885,0,44894.47443,5,23,3,1,0.6489522458,5,32,2,9.782221943,0.7732439985,0,60,0
36,57816.53301,12,12,706.4261122,21477.11541,36,4.624886755,0.4998805477,3711.229065,24309.59953,28788.55805,5,22,5,2,0.9455751624,3,46,24,5.874994949,0.7923619342,0,34,0
32,72300.51335,13,4,658.6263763,39017.7917,36,9.453812003,0.05752914245,1084.651865,30560.83244,3341.709155,3,28,5,3,0.6285028111,5,100,3,7.963129402,0.02949178973,2,74,0
28,45616.32746,13,28,694.6258665,20779.46787,60,15.76829153,0.8034052792,2053.595747,31288.13046,11590.2358,0,14,1,1,0.0864539692,1,21,35,4.998196566,0.4564775207,0,44,0
56,45890.61853,10,22,645.088622,3781.322088,12,9.324029424,0.1518354914,1919.169575,3602.196482,0,2,6,1,1,0.7837169877,3,22,23,5.336615943,0.9464285142,1,80,0
21,63337.26333,18,20,783.072773,20152.62731,60,15.16875689,0.7596331285,2280.992911,13315.22232,0,5,1,3,3,0.2150782813,1,43,79,1.007450015,0.08220756035,0,23,0
58,55062.64855,10,11,668.068443,13357.07298,24,10.44901881,0.8224739308,2341.44279,7609.285277,0,5,4,4,1,0.6719431161,4,79,18,10.22021252,0.05289092656,0,10,0
25,40923.67304,13,13,719.330235,8208.931123,60,14.4121149,0.4145126211,2577.65675,13177.66146,23885.39589,4,14,5,3,0.6474873985,1,14,47,2.131297645,0.02143031282,0,93,0
63,86704.69327,16,35,753.284862,43510.0423,12,11.67306595,0.299984116,3589.139446,9711.316095,14345.12303,0,6,4,2,0.4951754092,3,66,96,1.114075744,0.9627586542,0,60,0
22,58231.02444,10,21,642.8608491,43657.61531,60,16.51420695,0.2838611535,2888.379491,25450.65803,10573.97745,4,19,2,3,0.7044938217,1,22,50,11.43786695,0.0883014753,0,11,0
41,50334.63068,8,1,759.1920005,12016.25481,48,13.54393011,0.6007725506,1755.917669,40131.09297,21540.02826,0,2,4,2,0.8404145095,1,47,97,6.538316544,0.9150860633,1,61,0
56,74670.59329,12,18,692.6446799,13135.51263,12,9.229192964,0.8542904786,2314.895207,0,34931.38857,1,14,4,2,0.003163578445,4,32,66,6.266188095,0.2668150069,0,97,0
46,34035.99995,19,25,737.5496189,18690.82856,12,12.68852843,0.3946547694,1770.856683,13781.72599,0,2,14,1,1,0.00523111864,2,56,10,4.37153264,0.3940273294,1,20,0
50,76781.12574,12,19,673.9917816,22413.62864,24,11.97640421,0.7447213717,2278.54416,29108.05515,5908.027749,1,28,2,2,0.452675249,3,23,11,9.722135835,0.69359669,1,43,0
42,61143.29751,12,38,665.0280697,33907.52393,60,14.89123284,0.5259563903,813.7226331,29598.19986,27044.80342,4,3,5,3,0.260785285,4,87,57,8.566631556,0.249913139,1,32,0
52,55613.75309,12,32,655.0642356,17177.30655,48,3.762156049,0.3917981045,2835.232388,20615.13716,30961.68596,2,12,1,2,0.1894185639,3,40,11,7.853429335,0.9446116379,0,69,0
51,49521.31339,16,8,783.9691473,17123.06827,24,5.472653713,0.07475353249,3807.873135,23504.1155,25720.64481,1,23,5,3,0.8660055354,5,74,27,8.859994489,0.8773048097,0,3,0
55,71342.05121,17,34,705.9863494,10324.29484,12,11.1684078,0.4497121246,1899.176183,31499.20991,23188.47925,2,29,2,2,0.2081995546,2,86,96,10.00923052,0.5629443977,0,1,0
49,74659.69219,13,28,637.9930128,12909.81725,24,10.45982831,0.6602719044,1991.364407,27145.04756,24960.06827,0,5,4,3,0.4175125071,2,87,78,5.684872639,0.2980063751,1,92,0
45,46325.26412,11,24,700.8252304,22575.20971,60,3.297195863,0.09753555718,1693.611149,31564.48238,19066.49011,3,22,4,3,0.5673603318,4,22,92,9.685855359,0.7245339368,2,27,0
36,69529.10759,16,22,593.0347387,7362.798208,48,7.759573894,0.7338880422,1007.109801,30495.01761,19933.05613,3,29,3,1,0.5315727056,2,40,81,1.145333276,0.2730537427,0,64,0
22,76119.27351,13,0,717.4095698,32026.99558,12,3.457582981,0.6443134608,2100.217481,24065.78034,0,5,5,1,1,0.6582281547,5,45,99,4.277232688,0.7224270275,1,48,0
39,52350.65078,13,32,705.5964271,28675.971,60,15.80525304,0.2230119645,2208.482659,21309.16329,21954.67529,2,8,3,3,0.2848443671,5,8,77,5.270222628,0.4136573923,0,6,0
41,46540.41238,16,17,687.1442048,54391.26214,48,11.48549145,0.4854428399,3714.611411,11076.75394,32529.04093,4,27,4,2,0.320399096,3,89,25,5.978681356,0.8641862351,0,16,0
33,39931.51912,17,16,755.6529137,10818.48836,36,13.21856881,0.06318441077,3033.089726,21469.52874,1712.155381,3,16,2,3,0.2109392024,2,72,66,3.601786119,0.4105797508,0,89,0
44,71726.16823,9,4,707.1860751,36010.51618,36,14.78675426,0.3540955141,2719.123457,0,7951.282225,0,13,4,2,0.6735050175,5,49,67,2.674998325,0.5070716444,1,11,0
38,62135.19106,17,29,618.8639561,23288.29347,60,13.62502184,0.6998494761,1974.980393,13887.34369,9499.653542,0,24,3,3,0.5370351153,3,20,51,9.02263454,0.9088849586,0,53,0
35,40595.34195,12,13,677.9940822,4670.266309,24,9.204748441,0.5496330603,2342.096188,9649.929887,6519.322669,4,4,3,2,0.8924053895,3,22,78,9.903099967,0.640972416,1,2,0
29,48941.07485,18,23,660.3784717,24054.2912,60,4.963267303,0.2665130879,1212.089707,22989.02825,28865.09449,1,0,5,2,0.4776086429,4,100,2,7.739428357,0.4210116935,0,55,0
47,51457.9511,11,24,715.2664916,1000,60,13.54256152,0.8405295188,3878.922319,11774.09492,40566.99964,4,20,4,1,0.6316917376,1,16,17,8.203570115,0.5142795263,0,47,0
40,66805.4047,8,12,669.0618071,20536.07282,60,11.27356029,0.7181196342,2935.054319,16688.09565,15951.88931,4,2,3,2,0.1443837342,4,61,13,10.66810884,0.7004788227,0,9,0
37,67912.84782,18,25,708.4991374,14796.3661,60,8.61512168,0.7903477671,3357.568212,27267.71177,27184.68083,3,10,3,2,0.4282069989,3,68,100,10.42457966,0.4517923744,0,47,0
55,45804.60428,13,11,610.629965,29595.23393,60,10.02190229,0.802759103,3185.731443,40415.92485,41592.76456,1,27,2,3,0.02867143553,1,71,69,9.139350725,0.732967384,1,97,0
43,58444.75859,12,25,677.8929011,23889.02895,12,13.95862154,0.866147479,3335.910321,6293.130962,21284.02084,1,27,2,2,0.04153722743,3,51,35,1.489948095,0.04430812021,1,64,0
31,77214.1509,10,29,623.4803198,45318.78532,60,13.33507185,0.1429981182,2313.369295,14317.31769,0,4,5,2,3,0.298742488,2,69,79,0.6082694967,0.7803845318,0,16,0
18,50424.7572,16,3,753.1239018,36036.82769,24,10.65968632,0.1740681022,1269.873717,25072.45936,3315.726619,5,29,4,2,0.3789308261,5,50,62,4.546682949,0.7370777046,0,5,0
62,47993.9671,9,33,706.8124599,38511.0499,48,7.012159842,0.5968840943,2075.659896,2827.694905,11630.67983,5,11,2,3,0.6948011133,5,46,67,1.051247089,0.9266199844,1,40,0
35,78914.94935,8,3,837.273564,22417.03931,60,3.236485763,0.4131459823,2410.512932,0,17426.92574,1,16,2,3,0.2871564355,1,74,85,9.605328627,0.2427400583,1,90,0
35,43635.06964,8,29,704.1912054,37558.1814,24,17.88048445,0.1150841608,2505.072997,33737.62877,10594.63458,5,8,5,1,0.2203170758,4,79,3,11.95676729,0.465009876,1,64,0
26,46256.24708,16,38,673.1140753,3776.224303,12,7.169147547,0.3690341433,2902.370527,18017.18394,7409.279419,3,23,1,2,0.9720872802,5,87,11,9.262828405,0.8163443087,0,74,0
64,53841.3147,14,1,656.8974853,21758.24589,12,3.149444949,0.6218112391,1943.169287,29129.68534,29823.53581,1,19,5,1,0.7071659126,4,92,19,5.71998123,0.4500436578,0,30,0
47,53775.59747,15,27,804.7942701,29960.9178,48,5.187944925,0.1607700242,1271.94828,15369.44817,3783.700657,2,4,2,2,0.9180172838,1,6,12,5.031299152,0.5658918342,1,44,0
46,73624.40153,10,37,594.9515043,1000,60,3.810763714,0.8513898715,1999.667869,6540.980156,17681.57523,5,24,1,2,0.2194924887,4,49,1,3.826242834,0.6354374769,0,3,0
23,60108.70601,19,37,632.6434067,16980.61439,36,11.55483069,0.08851564436,1909.396683,28603.38853,0,1,27,4,3,0.4905758705,1,16,83,8.556822233,0.1293038116,1,84,0
44,65732.49395,15,11,668.0903649,24218.2603,24,3.697168856,0.6475051318,1365.487928,9779.846961,31515.90966,4,5,4,2,0.2995834038,3,82,92,7.085041911,0.7241496138,0,68,0
36,27495.69361,10,15,627.4678743,34582.54946,12,13.43288739,0.4894390265,1429.78935,21983.12425,21778.00354,4,24,2,3,0.1542290512,4,97,93,8.417297707,0.2800456019,0,74,0
55,81186.72529,19,2,727.1475557,42999.9812,12,11.52206806,0.3565053666,1376.461301,8396.931497,35556.72843,5,9,1,2,0.0958857966,1,34,46,5.856126122,0.02260909724,1,92,0
46,42120.22343,11,20,625.5104738,25335.61473,24,16.7918978,0.5736797274,3202.85026,17448.19251,19199.13858,5,16,3,2,0.4987040995,5,48,80,4.435618919,0.9980303507,1,60,0
30,52908.23478,18,22,769.0438779,20651.57094,60,5.776966237,0.2553588156,4050.854294,15960.86282,37040.06106,3,6,4,2,0.3847127225,1,94,13,4.833358008,0.4794676875,0,45,0
57,63583.1907,17,37,663.3187446,24537.60814,24,5.77696777,0.2936807322,3074.455071,0,4931.060536,2,17,2,2,0.7309230388,2,47,74,3.261427111,0.785258744,0,81,0
37,57146.76292,16,6,639.3804013,22760.27488,12,10.34404686,0.4161697716,3372.985619,11382.28473,19960.81946,3,13,3,1,0.5160519018,3,6,36,3.074967551,0.3029790723,0,31,0
49,36243.20295,12,0,755.2970949,23084.57655,24,4.47042581,0.07927489467,2422.985551,21863.93823,23304.66011,5,20,2,1,0.6123599246,2,4,87,10.37515131,0.6281279264,0,2,0
25,55964.80181,13,24,707.7948575,40721.3253,24,10.76995233,0.1884865852,2188.671523,6382.846065,20908.58671,2,13,2,1,0.5678657359,2,56,72,2.278635675,0.9513362923,0,40,0
55,50116.59814,16,12,760.0351483,24504.39427,60,16.0702063,0.4947505205,2457.301712,7876.549786,20325.94506,5,4,3,2,0.6038288015,4,64,33,2.410462577,0.0343931789,1,36,0
38,68450.57161,9,13,655.8277569,29203.43862,12,3.167588461,0.1666621497,1556.215612,12295.3234,35318.06265,4,16,3,1,0.3706925982,5,10,41,9.747842684,0.6637050225,0,100,0
23,74549.98928,11,34,730.5139857,15593.47188,12,11.88355341,0.2710758673,2166.589055,25815.34633,31920.06521,3,8,2,2,0.803533026,5,72,100,3.402342951,0.6939279678,0,83,0
53,72474.52568,19,2,570.5502541,43027.8467,60,11.16448428,0.5151548367,3343.613894,19783.24057,21393.42709,4,25,3,1,0.3020840433,5,21,92,7.840759867,0.4146355075,0,91,0
18,61139.87222,9,13,628.4804577,18041.03442,60,10.5135906,0.3293744605,2705.110076,30074.72201,13354.55156,2,18,1,2,0.958232762,4,14,18,2.440018622,0.5348672015,1,47,0
31,87673.98543,9,10,562.1400676,34428.29715,36,6.900568592,0.3558210814,1583.504765,9810.642851,17230.52854,3,28,1,3,0.9585082777,2,13,78,4.241609779,0.9666094978,3,57,0
27,56193.75614,11,6,554.6884495,26621.20767,60,5.563206222,0.8094588217,3088.504103,10524.54868,0,3,11,5,3,0.1027497988,4,58,93,11.14046694,0.6290043845,2,59,0
64,42566.06885,18,37,677.7071267,1138.559775,60,7.355674584,0.7471512998,2202.160874,3295.403366,38752.78197,0,10,4,3,0.2511991765,1,30,62,3.823775577,0.8446621911,2,80,0
21,83305.337,11,7,695.7289826,22480.55281,48,8.090580267,0.1705186076,1648.452439,29300.75099,5511.782114,0,28,1,1,0.9393294965,5,94,28,2.531413024,0.1687838775,1,28,0
24,81131.72774,16,19,722.7183102,26581.69688,12,6.298969744,0.12824238,2887.154034,14738.69039,0,1,20,4,3,0.01952342715,4,32,61,8.449480054,0.1267647182,2,82,0
55,75013.30629,15,12,708.197717,22486.6315,36,9.105704428,0.1559031273,2674.720312,11730.06501,0,3,12,2,1,0.7613356268,5,46,43,5.840489287,0.6575170697,1,74,0
57,45968.42181,12,26,668.6340212,27353.67793,36,9.112632862,0.8592131453,2239.875237,0,24974.49524,4,4,1,3,0.2634464338,1,71,85,7.469106061,0.6135209384,1,27,0
60,76354.95363,11,36,718.1492496,15003.08994,48,10.57090942,0.5265266889,3020.525578,0,46298.06935,1,18,1,2,0.8835464815,3,59,20,11.95898512,0.5062792865,0,39,0
27,57674.72986,8,26,723.0910383,56695.42749,36,7.083869986,0.5558270106,1617.33102,25904.57752,15593.83441,3,26,3,1,0.8351986524,4,53,37,2.08348055,0.1457488227,0,68,0
48,67571.14174,15,37,614.4794458,24644.03047,12,7.143058244,0.1330972026,1554.063847,17249.08632,1951.158559,3,4,4,2,0.1476385518,2,10,66,8.898185043,0.2248974629,1,45,0
42,45537.38492,12,1,717.5643514,46063.13623,60,5.782227441,0.4358863272,2690.85601,17197.8339,23859.27466,5,21,2,1,0.3320871234,4,14,74,5.73145005,0.1943784239,2,10,0
48,67114.4063,8,25,624.9977011,42371.21121,60,5.279188665,0.1355704673,3016.155811,16943.93818,28207.50567,0,14,2,2,0.2962565658,1,58,88,4.737597084,0.04370712958,2,48,0
36,57112.90211,8,18,630.0066238,27827.62996,60,6.772656103,0.09730923983,2155.17401,21567.02814,33307.99848,5,13,4,2,0.9402812284,1,84,86,10.38504462,0.9264383407,0,8,0
60,53480.62927,13,3,737.1528263,14879.78548,24,3.215667007,0.5644015733,2709.588139,13121.32367,0,1,0,5,3,0.9147158862,4,7,30,3.343156269,0.7665465347,2,63,0
51,82135.73345,15,11,641.3695707,24798.70838,48,5.944178577,0.6166642869,3628.333719,14332.90111,22283.07717,0,18,5,2,0.8469232423,5,53,67,6.897683578,0.9879371204,1,72,0
23,38331.39535,14,39,675.9807093,27558.30552,60,16.42903273,0.3769024273,3236.468842,16508.75109,21310.64952,3,13,5,1,0.6094207813,5,34,58,8.053201377,0.1206011475,0,65,0
19,30517.40287,12,21,607.8455212,14918.39588,60,4.132418425,0.2355716959,1955.616839,10499.26562,34674.46224,0,9,4,2,0.8006646893,1,63,74,6.000097348,0.7456246125,0,50,0
26,68189.94809,18,34,719.8572067,7829.018355,48,8.873458116,0.785090053,3067.730909,30121.41221,7845.180582,4,12,1,3,0.6083070997,3,25,70,4.451560299,0.1956847236,0,38,0
52,71429.07391,8,33,727.8667999,25366.92595,36,8.217854817,0.2955730146,1056.868107,0,4789.585337,1,16,3,1,0.3705190343,4,97,33,2.889016482,0.9036547437,0,60,0
31,62456.63186,15,25,658.5117769,28914.49769,24,11.01572638,0.7032951181,1286.956906,29240.84329,20844.07432,1,3,1,3,0.7376700621,4,91,90,1.577919475,0.5660761481,0,54,0
37,60016.35362,10,31,585.3379192,23227.90703,12,9.498703175,0.7942826619,3003.701331,8887.54081,18488.06016,4,15,3,2,0.1258786077,2,85,78,8.77205247,0.002449502409,0,43,0
23,61042.76658,18,9,766.6845944,21368.22354,36,17.2848695,0.6579127691,2568.499763,20845.59986,16502.0937,3,14,3,3,0.08231459181,4,70,46,1.171227862,0.2563471718,0,86,0
52,91461.90905,14,33,746.4783292,46561.69285,12,14.68903842,0.695438198,1271.77308,14340.28119,23118.91629,3,12,4,3,0.8973922531,2,72,51,5.676423504,0.5024016185,1,98,0
52,72343.86377,10,11,625.7703002,19149.7262,36,9.179233792,0.292788345,1891.941875,27039.42625,33677.10869,5,0,5,1,0.1454398335,5,37,45,4.28087555,0.8572742607,1,100,0
38,55596.79593,11,33,645.5146612,33461.79542,60,4.3477808,0.2545525505,3067.182739,19634.35089,21348.5264,4,27,4,1,0.6056827256,1,76,4,3.612748536,0.1127362737,0,84,0
24,51416.84447,14,14,606.7526453,39102.14971,60,7.849104916,0.3117167729,3968.035506,8706.097169,25670.77579,1,3,2,2,0.2256940727,4,45,99,10.007408,0.6477939851,1,28,0
56,69650.18867,18,23,642.7772429,43116.58254,48,7.016885033,0.7861596945,3843.340151,26379.50901,24712.00164,4,24,1,2,0.8283639223,5,31,91,9.803694675,0.1439455279,0,87,0
60,53732.01198,10,14,653.2641912,13092.20039,12,6.165023941,0.1442612568,2216.409601,17323.69121,12292.71078,2,2,3,1,0.633836944,3,18,95,2.801105824,0.4942296128,1,80,0
60,58533.67682,9,23,682.3981581,22620.02855,60,17.98995793,0.121457907,2450.698632,19903.20535,37068.64414,0,0,5,3,0.7182140612,1,69,57,10.15506986,0.5832615753,0,42,0
34,58237.54053,14,8,657.923,48652.83552,12,17.31625477,0.5090620181,2595.881983,7993.894191,24091.4621,2,1,1,2,0.1431336211,3,23,69,9.744064222,0.3818782093,0,2,0
61,79020.12639,19,18,643.9092387,21620.65038,24,13.32620718,0.8199684019,2219.300207,20443.24995,31518.55791,2,9,2,3,0.2431875007,2,35,7,1.328325552,0.2324966283,1,48,0
29,61451.07015,11,3,593.8481191,13753.31323,48,14.089368,0.8217817258,1326.792331,4767.181272,41119.59286,1,7,5,3,0.4728495314,1,47,51,10.08987949,0.5404030441,0,21,0
58,38866.05805,14,10,598.2830083,4346.435769,12,12.57213855,0.2282738991,2916.13981,15073.01624,0,0,27,5,2,0.6827788418,4,26,85,4.105171917,0.5717847359,0,7,0
56,83426.53082,15,4,718.434572,31637.73312,48,15.66785111,0.1002137898,2225.214683,27588.97814,16921.06961,2,10,1,2,0.1946840176,1,60,68,3.038807111,0.5824888729,0,32,0
31,47250.75472,19,5,702.1335818,8535.894402,36,7.65089128,0.06819715326,2850.573919,39013.08424,5801.656091,4,28,2,2,0.9964916349,1,36,49,5.359591421,0.4886480133,0,56,0
32,65208.18769,10,11,737.5411715,17754.94519,48,6.69191224,0.2136043046,3095.912151,18086.49261,11896.54231,3,26,4,3,0.9938387606,2,92,70,10.30653915,0.01331819434,2,28,0
28,77138.28047,12,35,607.8135533,23468.51504,36,14.69493828,0.1305892837,2958.750477,22771.7441,52819.96433,1,12,1,1,0.569626172,2,48,30,11.89063736,0.4639147665,0,10,0
64,56864.42651,19,2,657.6751125,14303.37815,48,8.48246364,0.7338106336,1843.010606,12729.11254,4315.116692,0,24,4,1,0.9079706345,2,77,64,10.15285149,0.06063344985,0,87,0
49,63555.03574,8,14,644.3574974,34066.66709,24,14.29741326,0.1117832182,2864.276258,18059.62354,9973.725609,5,3,5,3,0.9864889645,3,93,33,9.724372088,0.01350345743,0,78,0
54,86809.44269,9,15,652.6306274,48038.94214,24,14.88377649,0.3300365266,2873.052793,6436.73226,22630.88036,4,2,1,2,0.8771567546,1,50,99,6.828925,0.7251454033,0,30,0
53,38494.11343,17,30,709.8249066,23985.45482,12,10.57010475,0.5679601959,1106.692418,17639.05033,11076.92973,3,18,2,1,0.04043111941,4,49,84,1.793488311,0.644568039,0,71,0
45,62458.92095,18,7,731.218338,20933.82321,48,17.58866426,0.3366403316,4093.022402,23032.36131,13216.90284,1,12,4,2,0.2161684827,5,60,52,2.330258682,0.3347389137,0,2,0
35,85964.9427,11,25,668.9346564,27172.53744,48,12.05602107,0.4119430893,2484.886723,9337.082423,27586.09458,0,14,1,2,0.558651506,1,86,57,2.957241539,0.1231595457,0,82,0
28,67219.98269,15,35,729.2188482,38606.80009,24,15.79647158,0.6906157968,1825.442774,14051.13281,27454.58964,2,5,5,1,0.7746175115,2,48,44,2.046622818,0.2518992702,1,52,0
30,62427.17339,19,31,728.8971108,26966.58482,12,10.70240802,0.5620705244,2022.93887,32270.77815,30918.38331,1,27,4,3,0.8960686514,4,55,55,2.077072209,0.06923111164,0,26,0
19,51276.74657,13,16,758.3742093,16790.1673,60,3.490541488,0.7423682984,3072.069946,7635.171946,22712.65757,0,27,2,3,0.5225018599,2,9,29,3.745223865,0.2903805904,0,76,0
39,48280.4619,10,13,681.0639043,32759.88139,24,16.29087605,0.3463262486,2504.900994,5443.299324,19369.39161,1,3,5,3,0.03564154552,1,88,94,3.999030346,0.7916964918,0,23,0
64,54670.6063,8,10,678.2362335,47600.21644,12,14.9874333,0.4717476419,3501.644065,9606.841603,45259.66741,2,18,1,3,0.375080948,4,4,64,2.441447784,0.4508017598,0,44,0
45,69388.37313,8,21,617.1342809,36948.27676,24,16.04003903,0.729579379,1734.862837,17911.6929,11169.19324,5,9,2,2,0.4936516435,4,46,69,3.651106373,0.6323164343,1,39,0
41,65145.05398,9,36,618.974199,13190.88807,48,15.08990587,0.06707556773,2108.407341,18317.71368,60685.87284,2,24,4,2,0.2706004604,4,90,2,6.077436522,0.6517732361,0,51,0
20,60175.68435,16,15,777.4491955,32007.12659,60,17.59748163,0.2157829264,2404.16015,68.91779455,34268.98644,2,12,4,2,0.9725858434,4,16,20,4.024994215,0.7706912799,2,61,0
22,61632.05775,15,6,617.0711898,5512.128025,24,4.848914674,0.5477452685,1804.976477,33280.32462,36159.50541,4,29,4,3,0.9105974292,1,48,97,2.483424744,0.6839051741,1,93,0
52,64847.07568,13,6,685.5762355,22843.48646,48,15.82163579,0.46084462,1555.508562,5568.275347,23580.25145,4,12,3,2,0.8204434489,5,1,32,11.39204438,0.4442332829,1,74,0
63,55086.10006,16,37,735.8233665,12970.52921,24,9.801329774,0.05823995412,2978.726131,29451.31205,26144.74236,5,14,2,2,0.9347622942,3,78,96,11.32188515,0.3153768676,0,32,0
31,73077.58678,10,20,703.0988357,41383.98291,60,12.7190656,0.4081038361,940.4000897,5579.333268,20300.99269,2,27,5,1,0.3833684325,5,15,76,9.451808347,0.2727451,0,11,0
54,70096.89383,9,19,642.090282,19846.34728,36,11.48562583,0.301274025,2770.007955,23973.89369,14614.63467,5,6,4,3,0.4279671054,4,50,95,8.048790287,0.4946291379,0,50,0
61,49778.30972,13,4,724.4218527,22393.3235,60,12.12405032,0.4074682483,2834.392806,6621.043532,46417.44174,0,0,2,1,0.636760217,3,70,12,3.604874894,0.6664411897,1,38,0
20,60147.63531,10,28,678.520559,17368.13933,24,4.709092758,0.3180132462,3181.052307,0,12943.10264,2,10,5,2,0.7673418621,5,74,61,6.148431093,0.4370704968,0,99,0
39,49730.12636,15,39,693.6408372,16114.01596,36,16.96903035,0.7374549234,3281.611222,1576.403529,2422.278136,1,7,5,2,0.007396350154,3,78,28,9.822105093,0.4809946706,0,8,0
42,60466.2786,19,26,683.0981832,1000,60,14.80194072,0.1869731169,2165.641542,8843.975439,12035.08016,4,5,1,1,0.1454416024,5,47,29,9.433009895,0.07941448046,0,89,0
18,82967.68297,14,1,616.9157995,20416.75715,60,7.535813855,0.3202507343,1393.712226,7549.505924,10563.35139,2,12,3,1,0.2216952719,3,19,50,7.948831099,0.4493925308,1,77,0
42,45957.23041,9,19,764.694967,16272.92835,60,11.96307544,0.2986725733,2852.312101,23894.97663,0,3,3,2,3,0.3033136652,2,45,57,9.154947179,0.7123348561,0,86,0
63,57537.28953,17,33,708.5604205,24038.86339,48,12.40755883,0.7450634884,2180.184986,27198.50544,8746.903957,4,10,1,2,0.5861538222,4,33,77,7.04138953,0.4555738568,0,42,0
35,41383.33402,18,30,682.0267824,21096.17361,24,6.169221978,0.09068212066,2267.223906,10110.12428,29427.61838,2,7,3,2,0.6590970446,5,15,7,10.22927041,0.8275018341,1,23,0
21,49988.37353,11,18,661.6774355,20149.67669,36,13.89707242,0.7453433536,2060.331613,6595.387994,43298.89489,4,7,3,2,0.2556508647,2,67,89,10.47963059,0.7063435688,2,19,0
34,70717.1774,8,4,637.6509801,43107.35881,24,14.36033448,0.8765981926,1920.661487,597.9784285,9460.294221,2,6,2,3,0.6587530828,5,32,31,7.408459094,0.1981195824,2,76,0
25,57742.72263,11,35,691.9850184,24736.11743,36,7.170906336,0.3187088942,2158.839547,16574.67573,25540.4073,5,3,4,3,0.7744699373,1,22,35,4.88462437,0.3688509231,1,98,0
21,74115.659,17,30,743.396494,52213.43423,24,17.38215767,0.7022633229,2680.299693,3520.091849,6730.057645,2,12,1,2,0.8858319732,5,77,22,5.818875512,0.9107190923,1,15,0
35,53147.63861,19,6,808.7345078,6725.551492,48,15.40638547,0.5754551845,2341.926267,5716.624947,12891.29085,4,28,4,2,0.7451713082,1,91,37,11.14101644,0.9389021722,0,52,0
34,50898.07821,9,5,675.0354655,22643.05535,60,10.21179707,0.3734052544,3191.815601,1709.319849,46875.9392,4,0,3,2,0.8401473828,2,5,89,1.079078002,0.2538245669,1,63,0
58,72291.56658,8,39,598.2714117,6134.349448,24,7.094802274,0.2740714946,2183.288933,16247.5399,21307.17821,1,0,1,2,0.2515134094,4,84,35,4.212574607,0.6152331056,0,86,0
41,58998.47766,9,34,683.3725374,35831.67921,60,17.45064428,0.3811102693,922.0543978,12185.98325,12492.15252,5,23,3,3,0.6164634597,3,16,1,5.286062522,0.3844311706,1,19,0
64,55199.29798,9,13,642.6386177,31637.86938,36,7.093780741,0.2180481732,3289.517057,8194.964985,22873.21406,1,11,3,2,0.1393387276,4,54,24,11.90261532,0.995712167,1,46,0
40,49443.24623,9,0,668.0344603,32404.20978,60,9.478993854,0.1047376371,3304.573488,30764.70722,36336.86585,2,16,3,1,0.570996353,3,47,8,4.546863085,0.3466329974,0,30,0
27,53954.72315,11,2,647.7832101,36791.54957,24,5.409956026,0.1595751019,1385.802461,14900.48465,26550.25322,4,16,2,2,0.8192772073,3,49,72,1.953100926,0.2098982391,0,78,0
51,53585.07135,9,29,628.2129076,19972.79329,60,4.601741471,0.8822103674,2875.345515,38011.86354,11803.69602,0,2,3,1,0.743028788,2,33,10,4.159248795,0.4034953756,0,52,0
50,76312.52001,9,36,589.2960264,27723.35635,12,8.904737469,0.2777831048,1661.333171,20873.93625,17407.92968,1,10,1,1,0.4307037721,1,83,14,8.938007908,0.3765884781,1,59,0
48,74776.65187,14,8,649.5429815,29800.1239,60,3.342275868,0.4343111266,2571.260759,28341.19991,23615.00105,1,19,3,3,0.4454042627,1,72,21,11.2349392,0.8855161764,1,83,0
26,56319.46778,14,28,665.3602813,5883.430431,60,17.34675798,0.4431069473,2849.5133,0,0,0,27,5,3,0.6266623462,1,1,2,6.274766009,0.9248949819,0,57,0
63,74635.93412,11,19,611.5573536,17636.83708,36,13.82841423,0.2093559209,1744.852946,21470.21349,0,2,11,4,3,0.4146353366,2,81,70,1.825466387,0.7893468937,1,65,0
53,19203.31283,14,31,774.3010077,14314.08336,36,7.827179513,0.4300645311,1096.69622,20220.14067,11566.8306,0,0,5,3,0.9641062087,1,56,8,11.86331588,0.6059836979,0,85,0
26,87440.75223,14,16,685.4329042,37249.89412,12,11.49134958,0.8792643753,1516.917077,6980.69725,14078.53971,0,0,2,3,0.03833301736,5,84,20,3.778511955,0.5837456545,1,42,0
40,70417.83677,19,13,727.098314,32860.22756,60,12.86227156,0.4975372775,1680.429014,8215.301034,18490.49635,1,20,1,2,0.01682998924,3,33,25,10.21240041,0.841468916,2,96,0
36,54542.49536,14,0,595.1809665,18010.87675,24,10.13510302,0.266214991,4852.569576,29070.17141,29706.38543,4,27,1,1,0.5579658861,4,41,75,1.160601668,0.5814699662,0,63,0
33,69940.82392,8,31,694.4894449,45283.53108,24,8.052115559,0.8245370274,1885.705549,21642.62122,0,4,12,2,3,0.7969513323,5,63,18,0.6295132048,0.9611306709,1,18,0
28,54818.80623,8,1,639.2600896,20770.14803,24,14.54292166,0.1916756112,2229.879275,32714.47473,1117.141155,4,14,1,1,0.9812652447,1,89,59,11.90711763,0.7363430301,1,21,0
41,48822.8094,17,14,806.7569715,25728.11476,12,10.8855703,0.8096084182,695.3163807,14963.06305,29695.35115,4,3,5,1,0.9960914444,2,73,92,4.641942089,0.6771723563,0,34,0
41,55046.65205,13,35,660.4757185,28125.9703,12,14.18050136,0.2298855812,3063.247546,1486.440393,0,2,29,4,3,0.4443648123,1,46,52,8.527740661,0.6013592339,0,51,0
61,67861.85755,16,6,622.8338724,12154.4721,12,4.702666359,0.4101907,2337.762607,982.1400515,13706.02336,3,29,2,1,0.9805398102,2,40,16,9.57418243,0.784106374,0,51,0
45,57858.9981,8,24,675.9878557,20845.79108,36,15.50610255,0.1555767846,1943.684725,10055.29867,39561.92533,5,19,5,1,0.604768916,5,13,33,1.750637488,0.03312544069,1,97,0
40,68526.2116,17,35,696.635859,22034.37529,12,3.519714981,0.1782715978,2208.986396,21708.41773,4281.199831,5,16,1,3,0.9876007237,1,72,10,2.368406807,0.8936147416,0,90,0
21,66489.11929,10,8,698.0423587,20227.46265,12,5.25529128,0.2074207909,3539.17666,17369.70429,42084.71175,2,25,2,3,0.5130558347,2,54,2,11.81589641,0.5611320695,0,99,0
27,60076.19236,16,16,779.6258912,36429.80724,24,5.903610127,0.154885757,3044.872499,16526.21312,13485.33272,4,4,2,3,0.1704257693,1,22,80,5.881567563,0.9683696951,0,90,0
45,68594.76817,16,21,684.8259257,36019.4185,36,12.9411464,0.3841206348,3125.959576,6175.92668,14216.45713,0,4,3,2,0.0232272677,1,14,3,2.532638941,0.6232298532,2,83,0
35,77771.64185,12,12,725.2299934,19220.68422,24,15.64603723,0.3484331818,2635.239639,26678.68412,25257.38764,4,16,2,3,0.126840478,2,5,77,3.888440779,0.5988018108,0,4,0
55,79128.87157,16,32,689.7426878,39911.54709,36,7.464510348,0.4980712807,1083.05366,34185.76412,5047.506012,1,21,4,2,0.2956127337,5,4,75,5.543163806,0.2062486288,1,31,0
53,49848.54292,11,36,620.4741135,28586.29119,48,13.82469959,0.08292626796,1846.539816,1701.471597,9922.332252,1,4,2,2,0.1373477268,2,41,80,11.89918149,0.480651214,0,33,0
24,59579.43758,19,16,600.2643822,49519.58817,12,10.72904286,0.679066795,2265.160763,24842.13785,27865.14308,1,8,2,1,0.8476210122,1,96,18,11.67633351,0.8932170361,1,17,0
59,54974.54701,14,3,675.7199121,28900.74199,12,10.08238746,0.6386859577,2318.737016,26173.01522,6966.079144,1,2,2,1,0.04528289186,3,72,96,3.74695426,0.2551923951,0,1,0
45,64912.80203,10,12,693.5553251,4699.78281,36,3.703210269,0.1536227694,2814.129339,41542.29207,21455.0394,4,13,3,3,0.1299494984,2,16,43,6.292484057,0.3323500056,1,11,0
33,93571.38496,16,18,665.2285645,12259.55893,12,11.24449387,0.124448961,2718.734923,23386.53518,0,0,24,1,2,0.4211354226,1,75,59,0.6075100057,0.3253755363,0,49,0
30,52220.46445,19,29,731.7306458,29446.46439,36,12.43582215,0.3011921002,2364.423248,25553.01682,13492.5902,3,18,3,3,0.9360466742,4,58,22,5.24980363,0.4014941705,0,20,0
27,64199.07402,16,21,653.6085515,21992.07574,12,4.364568696,0.7356578085,1750.172583,10648.12461,16298.54732,1,3,5,2,0.5934210034,3,60,88,2.58619354,0.8670420232,0,64,0
63,77140.16096,12,26,580.5462318,12796.10627,36,4.986766434,0.758377275,2474.128613,15708.78618,28427.96127,0,10,5,2,0.9054999079,4,58,82,10.98713472,0.1720690688,1,92,0
41,82301.43318,10,0,629.6790546,28640.77881,60,12.11185411,0.4868903687,2555.190936,14889.98258,27184.85099,5,6,4,2,0.07986593468,2,10,52,7.939611546,0.3502647237,0,18,0
62,67658.68186,16,25,623.251405,30567.7488,24,17.14141287,0.8139012941,3240.827415,12163.89441,10300.26336,3,18,1,1,0.704320197,1,4,32,4.606559636,0.5924125694,2,66,0
64,48697.02549,16,26,697.2665755,22220.19011,36,3.272186937,0.5434785239,2470.67088,27668.45856,17585.3699,5,27,1,3,0.1145269004,1,77,9,10.44285122,0.5007388836,2,61,0
42,54939.87745,10,29,713.3209974,17130.45815,24,11.24798069,0.4798428002,2269.883448,26666.54548,11938.59514,5,20,2,1,0.3358781186,4,82,72,4.460084179,0.3667540308,1,49,0
33,61719.19931,15,7,643.2216775,17926.59353,36,17.77463735,0.3785962425,943.102062,17152.50198,32045.4959,1,26,2,1,0.255152686,1,64,22,8.89599647,0.2472141727,1,7,0
39,59745.84287,12,9,650.7357789,19839.12304,48,11.06323199,0.07755890919,3190.625474,16514.36059,43982.57197,4,29,3,3,0.2014323017,4,86,1,11.94775743,0.6931207701,0,20,0
31,95129.57379,10,36,817.0526435,7721.483313,12,11.16327246,0.1973022688,1403.482352,19870.72497,37079.00888,4,6,1,3,0.2068055756,2,100,79,4.223689253,0.3629047757,1,70,0
44,66103.30174,13,19,693.0885051,29675.07849,12,6.049154693,0.7295649981,3236.914829,41673.70107,29816.23063,0,10,4,1,0.533955073,1,52,27,3.350634136,0.3512561062,1,27,0
38,78533.68714,19,21,589.0927134,17713.78564,48,13.97820276,0.3783345876,3015.718021,15593.7494,35235.9954,1,4,2,3,0.3888783709,2,32,48,11.85516322,0.6618178792,1,41,0
35,37866.83201,18,19,777.79723,15048.65233,60,10.19804251,0.3325056748,2747.480593,20146.36221,888.1862856,5,26,5,3,0.42771299,4,1,37,4.410310148,0.4687911565,2,4,0
32,75548.05626,19,27,672.2380653,15467.94406,24,15.06187844,0.7867637861,2742.36191,13881.22964,0,4,22,4,2,0.9588475298,5,6,1,8.441588637,0.8930939212,0,19,0
57,67723.48512,15,9,599.5199037,16493.28342,12,14.25654223,0.836520802,3081.756662,1211.791574,39525.66365,5,27,4,2,0.06090781089,1,3,54,7.348377637,0.04336858841,0,27,0
39,38450.83557,17,27,771.208938,15562.52892,36,5.523830794,0.6802940984,3365.712935,13540.45922,0,3,10,3,3,0.720564975,1,26,69,0.9710612551,0.768189431,1,16,0
44,54237.36274,11,39,764.8179966,19778.10138,24,4.038017561,0.3390007598,1732.656738,23388.68895,0,3,9,3,2,0.1211993156,2,62,48,9.438333993,0.9256652542,0,75,0
29,66358.62174,12,39,659.3915328,21495.72937,12,3.42305024,0.4968635603,2675.511111,17139.17894,11289.54856,5,16,1,3,0.5408712668,4,62,78,11.52861243,0.9073374089,0,58,0
54,65155.1734,9,23,713.5483307,39429.11689,12,12.08522801,0.1603092406,1204.173738,6746.849379,26928.42908,5,13,3,2,0.923867421,5,5,16,9.762670465,0.4340882272,0,65,0
31,79366.79038,17,31,694.3667875,21240.64594,36,7.776825335,0.5764992229,1323.929515,15122.8804,42490.29911,5,12,3,3,0.6622758108,3,68,85,2.179196116,0.754873017,0,61,0
30,32275.37332,14,23,781.9362371,37635.10943,60,3.249239854,0.5077699483,3194.764607,2315.548835,41162.18043,3,27,4,3,0.2657427003,1,98,100,9.011912499,0.550176992,1,9,0
46,57925.95535,18,28,662.7903424,47888.20999,36,12.29106616,0.2509927318,3902.333202,0,26773.50376,2,1,4,3,0.4568602338,2,1,97,1.366340186,0.5001098418,1,54,0
21,34386.18296,19,20,705.0263105,24537.74802,24,12.5007486,0.144880116,1878.384443,21720.47417,28264.63659,4,0,5,2,0.6717053993,2,68,37,4.267230176,0.9786932557,1,42,0
58,62420.4743,13,25,724.2821444,36118.42752,60,13.51879891,0.2732170245,3097.131019,6252.228173,26860.78668,4,24,1,1,0.1417907063,4,96,17,10.75855533,0.6025481809,1,9,0
26,50739.27848,8,33,706.9075344,32305.53614,60,14.32560008,0.7624260981,2317.274633,0,11220.49915,4,0,1,1,0.08302052734,2,23,38,9.732999645,0.4690401222,1,86,0
30,71911.36068,8,32,667.3563632,20888.04839,48,14.71087085,0.3551563996,1798.559515,15763.0845,26712.26252,5,24,5,2,0.5841721224,3,82,100,10.6056276,0.5420686969,0,50,0
25,54541.87693,10,29,687.5131736,29653.38165,36,4.145950323,0.2899678094,2646.80728,20740.7303,25703.04081,1,27,1,3,0.2554768578,3,87,73,6.595060343,0.6338814258,1,94,0
33,52502.37492,14,2,557.6792867,31205.76253,12,10.05149852,0.1532341573,4149.599261,9419.182296,15475.63291,1,3,4,3,0.566903791,2,55,91,11.18244513,0.4775470083,3,94,0
29,78453.34946,17,18,737.1358049,27482.56695,12,3.695972304,0.7783926972,709.6405308,12445.17522,10357.11962,3,2,2,3,0.415078596,3,17,67,0.5152746874,0.7636857079,1,84,0
32,84568.64335,12,26,598.0074431,15814.72802,36,8.257230702,0.4601142081,2910.405668,784.0495304,7264.298021,5,20,3,3,0.8031012162,4,26,88,6.221990691,0.9376418719,0,94,0
32,40273.65612,11,26,712.148156,48205.49071,60,5.141601754,0.2794466109,2568.98045,19904.63197,20064.72695,0,12,4,3,0.5255409,3,33,39,9.705204813,0.6670759053,0,20,0
37,47125.36115,11,17,613.4177664,1000,48,15.47315078,0.1246169994,3149.297397,7821.979816,21986.76391,0,18,4,3,0.4654151418,4,20,97,7.418303637,0.4543359115,1,32,0
25,59998.66722,15,37,696.5011634,8066.325194,12,7.077091209,0.4513568474,1773.174452,15071.06131,19448.33095,5,27,4,1,0.6607581377,4,14,37,7.27190031,0.6152825896,0,35,0
60,68219.20643,11,16,698.4663761,19616.14159,60,13.36667997,0.7967887579,1650.422656,6939.53605,17770.10368,3,5,5,3,0.1579067383,4,13,85,3.09372193,0.0114158382,1,66,0
25,75660.58269,11,29,714.4895336,5610.869956,24,6.759668177,0.2833276838,2561.824108,15191.04961,25613.94192,0,20,1,1,0.612357037,4,6,34,4.47738133,0.5912831177,0,52,0
32,69984.26042,17,14,664.9958364,24806.59387,36,4.080952189,0.7059791144,2808.380886,19046.0388,3561.06762,3,11,4,2,0.3587679743,4,4,65,10.72738928,0.01563269918,1,46,0
51,87557.26431,18,1,677.6915293,40008.04817,48,3.138129972,0.8986145809,2945.316642,657.6107831,11714.25299,2,22,2,1,0.3404195854,5,59,85,3.964014714,0.4146083006,0,25,0
24,62982.61293,10,14,650.4751035,18493.1214,24,11.91412827,0.3024250274,2246.982048,2244.342135,0,5,28,5,1,0.0599202272,2,71,79,11.39542214,0.520545339,0,57,0
29,83661.59538,9,26,737.165693,37200.35781,60,15.10432218,0.06174092485,2296.405025,20666.074,15453.52033,3,29,3,2,0.9662715945,4,13,72,2.699350685,0.7759952726,0,54,0
25,91591.72116,11,32,692.0053725,36849.44246,60,3.787517495,0.3725386541,1747.563254,6282.756614,50209.87015,4,24,3,1,0.6223546923,1,49,88,9.506604372,0.4435488756,1,82,0
26,72164.28418,11,15,722.1027135,23686.28491,12,9.518575795,0.2788260041,3667.094277,28760.95625,457.4620196,0,11,5,3,0.9888855826,2,26,20,8.189337307,0.7162574507,1,86,0
61,60809.91578,15,7,624.0884694,28010.25379,24,6.352799538,0.4607323912,2057.678402,31471.13994,20219.09401,1,26,4,3,0.7943961156,4,20,61,7.123808684,0.6213976436,1,79,0
43,48477.14054,16,9,637.7119327,14342.1627,36,13.30793373,0.639453253,851.3816533,13378.65703,6193.052853,4,26,5,1,0.4774333757,3,83,88,10.7522112,0.1152010438,0,14,0
37,65780.53593,12,1,713.1834246,38918.14895,48,7.916710444,0.5646869865,3880.552654,1752.181671,6677.734062,3,7,4,3,0.9069411577,2,6,15,2.763495446,0.3401340954,0,97,0
64,61502.06553,16,23,733.5790155,12036.64605,12,5.212834456,0.5958045444,2905.8646,0,21010.18385,3,8,3,3,0.4829447499,4,66,62,7.543906689,0.4855716336,3,42,0
60,80339.02496,13,35,712.423227,35774.27333,48,4.395441628,0.4749240779,2298.883859,17380.9601,4338.731651,4,21,5,3,0.9619989073,2,53,51,9.429064582,0.07977809412,0,52,0
45,69009.32408,19,0,630.5635594,23612.13115,24,14.06311735,0.09266467612,3503.668078,0,36010.36441,5,24,2,1,0.1320732805,1,84,51,9.547563767,0.3022082517,0,34,0
47,59050.79196,12,38,615.1799149,29322.87867,24,14.63307946,0.4548929813,2033.761049,22698.29906,20731.09553,0,15,1,1,0.4872927566,2,99,52,9.100412464,0.543283393,0,77,0
21,73830.22896,9,31,605.373651,15976.36064,12,16.22598406,0.5275010772,1951.492199,16598.51233,17339.80193,5,20,5,3,0.733993809,1,70,61,7.664303934,0.9676926768,1,51,0
22,44429.53428,11,37,709.1696333,32375.44315,12,12.09696883,0.4142043162,2750.528944,6941.179906,12506.3655,5,23,4,2,0.1636884064,1,15,26,3.903502969,0.6518007376,0,98,0
32,98762.09409,11,30,657.227973,29761.07445,36,12.30578678,0.4477633967,3630.358159,23817.24076,30112.68319,4,3,1,1,0.01446924847,1,29,84,4.939124443,0.9777209329,0,56,0
63,58752.71875,10,33,583.2972736,9411.741888,60,9.878350762,0.08274761598,3817.481023,17420.20757,0,1,28,4,1,0.004412053157,5,57,32,6.266874571,0.9678179111,0,59,0
60,79955.73113,16,8,729.6739098,24056.28591,48,8.477230516,0.5730421215,1922.399423,29032.07907,0,3,11,5,1,0.6807721761,2,58,66,5.555711778,0.2274944537,1,74,0
24,33439.12864,16,0,645.9148024,1000,12,5.490357789,0.7037949078,2894.846852,24974.90901,28539.42507,5,18,3,3,0.1184714246,1,19,18,5.24473068,0.4444778752,0,91,0
31,70067.68612,15,23,597.0901029,26144.20212,36,11.43056608,0.4137448196,2479.404692,27307.56488,6976.068009,4,19,1,2,0.4830957696,5,86,40,5.982344538,0.9837667362,0,71,0
38,50837.86993,8,10,629.8497328,13437.90867,24,8.539274629,0.7677639278,2004.528111,21462.0068,0,2,1,5,2,0.02397193861,4,71,96,1.847342674,0.5512731903,2,85,0
59,47700.99568,16,32,737.9028741,14891.33265,24,5.016380919,0.4929018082,1798.326659,0,3221.338667,0,10,5,2,0.7210462474,5,53,74,11.85947624,0.4844494854,0,18,0
36,62883.136,11,30,625.1723859,41393.62978,60,7.331542618,0.7507575373,2137.501552,3871.74413,5860.880417,4,20,2,2,0.7591537343,2,95,2,4.813778752,0.8546143588,0,72,0
52,80039.75289,17,37,659.3331529,19699.35363,12,17.95468467,0.8262421262,4474.657178,415.7322364,30299.74354,1,4,1,1,0.4893770491,1,53,16,1.708126121,0.08899260119,0,82,0
57,49970.32858,19,4,744.1758759,1000,36,8.301560225,0.7223782298,3669.060646,33427.68405,15802.7689,2,6,5,3,0.1993725122,2,85,100,1.446055427,0.8578084073,0,46,0
18,83631.18258,10,26,674.3768965,46515.75551,12,15.94872053,0.5612530032,2316.180045,13923.63329,16369.17211,2,10,1,1,0.4509099484,5,55,49,8.848199948,0.4286869683,0,77,0
50,82433.77517,16,37,672.9437188,38884.90675,36,7.506765174,0.5067842446,3249.784009,12762.79166,10016.38267,5,21,3,1,0.9697957493,3,94,79,11.11490909,0.1449680332,3,16,0
23,58434.56281,13,22,634.2818103,32640.97756,12,9.947229894,0.347735039,2331.49206,24587.97521,930.0410984,4,10,5,1,0.1731455976,4,89,92,5.824275281,0.7917831989,1,49,0
20,51837.34224,13,24,661.8760677,29270.46928,60,16.50987547,0.08389563253,3124.187495,1010.577075,11508.18605,3,11,4,3,0.8268942386,2,36,1,5.763417118,0.1009808569,0,28,0
18,48352.17043,14,38,644.234411,27869.16289,60,12.44861641,0.6051764357,1892.004603,20618.85369,17515.38785,0,7,2,3,0.3934553442,2,38,34,8.381534306,0.4276776025,0,84,0
19,35987.43382,18,3,774.787986,18463.28948,60,14.09538701,0.1740150711,3796.164755,12770.08192,0,4,11,2,2,0.9065878398,2,65,12,7.308863263,0.05488612278,2,22,0
60,81367.95988,12,5,601.2923351,14225.31109,12,8.681135574,0.5160834591,3357.227408,35099.92053,24305.13141,0,26,1,1,0.01538581398,1,68,52,3.322316708,0.2826973835,0,14,0
54,70045.67474,12,26,774.6392096,27236.94784,12,15.17122327,0.5664952635,2484.287159,13239.95428,32644.4777,3,3,2,1,0.9553987729,2,26,41,10.93718162,0.9038808027,0,31,0
28,42683.91531,15,11,696.5511795,18397.41405,60,10.6990612,0.8606660787,1405.310286,6326.639534,22652.18334,3,6,1,1,0.1129483858,3,34,56,5.393200817,0.3616276467,0,77,0
22,37640.04569,9,21,741.4928705,20551.03188,60,10.72046897,0.07478529257,2484.641656,15855.1265,26492.23044,0,17,2,3,0.7187026756,4,52,17,2.300138728,0.5101497752,0,89,0
49,63967.23143,17,32,669.341793,34539.51113,24,12.05794154,0.2595778994,2770.241114,26464.87627,50643.59562,3,4,2,2,0.5467121352,4,30,76,7.848057349,0.9899231078,0,67,0
29,79091.00416,9,0,757.4551868,16327.42277,24,10.19873836,0.4054880879,2844.625183,19755.00748,13941.07212,3,4,2,1,0.1684221408,3,95,72,9.728410658,0.403495595,1,23,0
22,72586.46163,9,15,644.0201307,5390.88502,36,15.86485657,0.1334487182,1860.569008,33075.54084,32927.50592,2,18,3,1,0.9570076989,5,2,5,1.479062607,0.3551217872,0,14,0
36,68334.49051,16,26,709.3988047,39511.4234,60,16.56492217,0.5979131097,1666.578154,12968.08849,11861.24365,4,0,1,1,0.4588751209,3,46,33,2.792796635,0.5297864061,0,18,0
29,69398.00665,17,5,545.019187,37573.65934,12,4.036272111,0.5054309134,2710.521176,11281.81948,8516.431542,2,5,4,2,0.6564178456,5,55,3,0.5834633281,0.07425917475,0,89,0
53,30746.79088,16,9,617.2716834,33101.39772,36,7.222438346,0.8979755967,3074.709527,38962.45184,35373.46111,5,27,2,2,0.2593945831,3,31,69,7.070611044,0.6259542977,2,21,0
32,54233.45249,16,20,712.6666704,26396.59662,36,5.397897036,0.2996777806,3970.879381,0,15702.7345,4,3,1,3,0.3038517764,4,32,75,10.5723927,0.06919384857,0,69,0
36,58844.07923,16,8,683.9371634,29221.86531,60,11.57092948,0.4906375348,2969.852193,17242.88219,38262.17157,2,18,4,2,0.8227478264,2,89,24,10.72001727,0.5084963014,0,98,0
42,60485.11892,13,23,807.3963057,39236.13717,60,4.778169957,0.7573471866,1714.470447,23255.87925,0,3,18,3,1,0.9374781856,2,30,19,7.176767795,0.644387704,0,58,0
37,36186.60959,16,39,678.146225,14625.1283,48,9.380022194,0.4354334244,3158.235289,7741.926132,7552.835184,4,7,5,1,0.25922882,3,24,22,0.6000352526,0.9583702097,0,44,0
44,57245.80095,10,6,739.9302968,22461.60944,60,5.914220579,0.2457062034,2869.459143,19583.96626,15284.51576,3,10,3,3,0.7049286319,3,35,83,5.309393702,0.1808114626,0,79,0
45,69371.92337,10,33,712.6546092,32239.49993,24,8.345852623,0.4096030176,2106.046535,2741.888623,32247.77138,5,21,4,1,0.6744481327,2,65,61,8.942014648,0.2055885387,1,92,0
53,24393.67513,16,10,630.567206,30169.83308,48,7.361862768,0.5041115304,2462.792718,27904.81142,5057.93475,4,14,1,2,0.6157738791,1,78,91,2.590068746,0.2503190867,0,90,0
62,52681.70372,8,28,649.7328513,13935.91203,36,6.872300604,0.05998771405,1028.742132,32365.53494,36063.8868,5,7,3,2,0.1555182798,3,63,30,10.83740799,0.490867763,0,68,0
62,74214.57348,13,10,630.8405332,11317.43448,24,12.79825323,0.3207252312,2726.635161,20760.61344,27934.71138,4,12,1,1,0.6438505411,5,79,78,4.074943424,0.339553123,0,19,0
20,61727.78537,15,21,600.3831623,39063.98557,12,6.564332243,0.2439376698,3236.486432,15067.59905,18732.3589,1,14,2,2,0.1545354852,2,89,59,4.361283917,0.8069869816,1,46,0
46,71963.97026,13,12,661.6265531,36631.16815,24,8.338007152,0.6356121173,3211.730676,19350.84408,17633.15275,0,22,2,2,0.6841242409,1,7,94,11.34197146,0.1477042809,0,42,0
23,53929.76823,19,20,696.322575,21507.4504,60,8.101059982,0.1329213494,3340.566594,8699.328891,18669.08992,3,29,2,1,0.1583467104,3,67,32,6.226886677,0.8484215667,1,54,0
40,54933.26767,13,26,709.4344267,10725.28292,36,4.872314656,0.3206369501,2518.31255,15573.13467,3683.282994,5,21,4,1,0.7511879656,5,100,41,3.942691449,0.476823363,0,66,0
53,35272.90243,18,39,719.7118334,32795.96025,60,8.538694931,0.7899215823,1786.223299,3039.93457,14034.82253,5,2,3,3,0.1264669305,1,47,33,1.422733664,0.7689354694,1,29,0
54,76723.63963,9,11,728.4818615,7108.512382,24,15.30895584,0.6406765017,2516.321289,0,0,2,6,3,2,0.8687509782,1,79,72,2.752025298,0.7338603108,0,31,0
63,69312.28735,12,0,735.5603924,37211.92419,48,15.11241585,0.6987179146,2725.282409,10108.24687,34700.92833,3,3,3,1,0.2092535555,1,8,15,11.77174856,0.1137297978,0,3,0
61,65285.42165,9,32,683.2441185,34272.69773,12,3.978757672,0.7100190331,2145.408907,10124.36747,17586.70251,0,27,5,1,0.8997704045,5,2,30,10.2090768,0.4414996918,0,44,0
55,41122.1096,15,22,659.6364511,24433.20365,12,7.908418496,0.7549806644,2419.191615,22734.92885,6127.784377,2,25,1,1,0.3908533249,1,15,26,3.741340019,0.2394258937,1,64,0
43,83163.18601,12,10,714.1397995,13902.79704,24,9.04480323,0.2935633097,2410.748272,22490.34934,15499.89156,4,1,3,1,0.2259063984,4,17,7,9.944735022,0.9422983757,1,16,0
56,71087.28548,13,35,679.007713,12085.15451,24,10.72325603,0.05780446201,3452.949445,36898.90353,26823.56374,1,29,1,3,0.6175434809,5,28,35,0.8450393503,0.8273846537,0,51,0
56,72241.46171,9,24,675.3665012,3442.655957,48,4.534049245,0.09537306422,3479.8061,19588.91765,18968.88746,5,17,3,2,0.8338245246,2,67,14,11.34687931,0.043640785,1,33,0
45,87196.28445,15,33,627.0983074,17744.60817,24,17.77397413,0.4234572496,2379.560022,8469.284248,37731.41524,0,19,4,3,0.3922716374,4,28,8,9.057818556,0.5714479305,0,66,0
41,89269.96629,12,27,719.1829344,1000,24,4.731478748,0.6415840577,2135.710067,5032.921652,21337.76142,0,21,1,3,0.7029652656,3,48,78,5.90228374,0.8202214222,0,53,0
53,49093.30112,19,22,652.1152796,8055.589713,36,7.896468538,0.2612471069,1098.432014,0,1987.044709,5,19,1,1,0.7190880011,3,45,7,7.887879666,0.5879898483,2,74,0
38,54211.88698,14,13,534.0094776,8495.116886,12,13.54342832,0.6826890429,4062.890993,3003.314021,38148.41537,2,5,1,1,0.03826789194,2,43,47,2.314844722,0.2927707136,0,22,0
62,50237.60908,15,3,647.3117237,5367.044524,48,11.81626299,0.6517132247,3442.084605,17444.41425,32409.27356,1,3,2,1,0.06051618375,2,73,66,0.8008376776,0.2190793987,0,11,0
35,33248.99163,19,23,599.3180781,46963.41071,24,5.778120236,0.3894670808,3177.211655,17937.53707,31957.61273,3,27,3,2,0.9400330213,3,91,45,3.148576948,0.4289897259,0,68,0
50,54336.13953,13,17,734.9542756,2857.653405,24,17.53519187,0.629414413,3654.75416,8622.060017,22439.64359,1,14,5,3,0.2638369012,3,45,78,4.946834791,0.5982505513,0,3,0
53,41432.35638,13,26,619.9099459,27558.88817,12,10.30723901,0.6739689653,2955.935192,39643.91491,42208.2858,4,17,2,1,0.9157010854,3,49,41,9.829353517,0.3762346995,0,31,0
41,78452.04654,11,12,652.3811952,9992.191889,36,4.267408465,0.1170246217,3676.349194,9333.46543,32282.81743,0,23,3,2,0.6885019026,4,58,59,9.157787724,0.8845394218,0,87,0
26,72922.42031,10,12,648.3675899,38846.60739,24,15.63528308,0.1308020041,2498.751396,12343.84045,50185.81176,4,9,2,1,0.01558251832,5,94,16,10.62942882,0.3692394274,0,91,0
19,60968.35823,10,33,543.295563,30761.42599,24,4.178215448,0.292360604,3038.970293,23000.54526,33197.94918,4,17,2,1,0.8841979372,3,88,66,2.189356199,0.3397424776,0,60,0
46,34391.74533,10,8,696.882004,24590.04201,24,7.862738752,0.368936095,2802.46749,11005.91831,16925.27518,1,18,4,2,0.1490434118,1,46,50,8.309123949,0.06122844739,0,95,0
18,57132.34932,10,22,686.7311422,20920.62947,48,6.189785338,0.532636617,1725.347303,17010.77907,456.1170762,0,19,4,1,0.198235674,2,44,87,1.127299418,0.6889216506,1,91,0
41,78684.52214,8,22,618.1293308,21539.17068,12,4.532147403,0.3656775142,3275.650489,0,23219.47108,2,11,2,2,0.6010067487,2,86,93,0.8800749933,0.1682362818,1,96,0
23,46013.45622,10,2,663.6139463,26086.85826,12,9.14295898,0.8565555292,2949.27098,30065.51299,30346.03678,5,21,4,1,0.8987454284,1,27,92,10.32689405,0.2448897878,0,40,0
40,42827.91417,19,23,659.0135826,21148.49588,60,11.37268834,0.2587139003,1349.146565,16418.35083,39483.73805,1,26,1,2,0.09238397377,3,13,11,6.96893449,0.6392445878,1,87,0
20,58768.09452,17,3,719.4187952,32729.77988,24,16.33320037,0.6385794713,2395.949474,12587.45462,38755.73663,3,23,2,1,0.08891895846,4,40,39,7.697363564,0.501796392,0,87,0
45,54675.00603,13,8,577.2323495,23163.08673,60,17.37300131,0.3048418894,2481.417181,29701.12937,26319.08212,3,8,3,1,0.7745370672,2,54,18,2.788663605,0.7517232881,0,70,0
29,76662.70222,18,7,671.3026165,22297.35519,48,7.71078333,0.6644679603,2064.097566,8632.409945,7161.236729,2,19,5,1,0.4013344859,2,9,1,4.910507921,0.175849768,0,37,0
51,60243.6507,13,2,700.7566454,31472.40236,12,8.75773058,0.1589549434,675.2387139,35215.66962,54397.74325,4,20,2,3,0.2243059051,2,23,22,6.569869593,0.8234624719,1,81,0
28,48360.56249,12,27,671.7445489,52164.96513,60,15.36663359,0.3236494504,1826.105512,11511.60538,14698.80355,3,10,4,2,0.3521082089,4,31,73,11.4434483,0.6929700415,0,77,0
25,66306.90907,16,27,656.879955,22752.24903,24,17.5868758,0.247554214,2496.517662,2516.3136,0,2,6,2,1,0.8327388634,4,69,96,1.349418389,0.7016177075,0,20,0
36,53347.25186,18,37,756.5795735,4901.629706,24,15.89235391,0.4909015101,1078.889356,18944.88037,1019.932863,1,24,3,2,0.1285243144,2,92,47,3.775075824,0.6836957726,0,4,0
57,58481.25641,16,7,675.1317734,21403.39592,24,17.07979452,0.3003425926,2516.325514,9670.411926,23896.83952,4,24,2,1,0.5814428035,5,70,82,11.65599127,0.02486473418,0,27,0
61,62421.85148,8,20,622.4560593,17427.80651,24,4.910578101,0.126861717,2030.779969,6628.079566,31164.03984,1,7,1,2,0.8613800832,3,72,49,10.51785155,0.1199132571,0,95,0
48,79314.45015,10,5,836.660121,39044.20481,60,5.983839203,0.3632395555,3031.131576,17449.63652,5987.985185,3,22,4,1,0.1840603043,5,25,1,8.276519943,0.7442206632,0,93,0
26,69531.47801,17,37,603.7951318,17763.51664,60,13.17905043,0.6199948209,2835.902166,27503.26189,26120.61026,2,13,5,2,0.3172666353,3,28,96,1.404755301,0.7307977939,1,68,0
61,45758.46507,15,30,648.8747223,18567.41957,48,4.157711575,0.1800868232,2761.578336,21431.05164,26185.08275,3,9,2,1,0.6270748376,4,58,16,8.532245736,0.3001330088,1,15,0
43,67282.06244,11,32,616.5523665,22560.46479,12,8.220508484,0.5849553582,2971.547947,29053.72667,28658.0519,4,16,5,2,0.1426067581,2,15,28,11.41159042,0.05845852199,0,54,0
39,73875.44684,9,18,705.0849751,11603.69251,12,12.9595291,0.1407340838,2372.345335,22192.45629,11930.91097,2,12,2,1,0.3817448852,1,83,30,9.206775875,0.3510139708,2,49,0
36,72646.77019,17,17,702.1617435,32973.18081,36,11.75959419,0.05625829239,4004.190177,19012.21449,27282.48373,2,18,3,1,0.9858936742,2,11,73,6.209628086,0.3021160903,0,2,0
56,50201.3836,12,6,739.8881576,16082.10349,48,10.78195492,0.7312897836,3617.876309,18010.54995,6679.679106,3,15,5,2,0.6344109215,4,62,39,10.90366752,0.6362887791,0,75,0
45,63649.48223,8,22,649.2736746,19062.46149,60,5.215785391,0.3254438919,2363.40952,10850.33122,33769.05636,4,4,4,2,0.3310417125,1,7,11,10.68021602,0.6123402554,2,20,0
44,63030.98775,9,37,670.1195506,16992.01924,24,14.43068321,0.06041074096,2511.911562,27671.77994,26844.04192,4,28,2,3,0.8342914228,1,19,31,6.588696038,0.4917854992,0,31,0
57,74982.0522,9,3,678.6675476,16919.59575,24,4.930485221,0.4856243544,532.4320287,21679.22967,27928.89215,1,8,3,2,0.8241831404,5,54,42,10.05656942,0.2592982,0,71,0
60,41304.64924,12,22,674.6611739,32280.19893,36,13.686027,0.515710831,1748.116558,19278.96701,42026.22014,1,23,2,2,0.6285273035,4,69,34,7.793712952,0.6932813669,1,77,0
30,66321.84955,12,25,621.0682783,36204.71935,12,14.66654494,0.4649646094,1891.819808,18552.39335,42712.30509,4,20,5,2,0.5948925542,5,71,11,10.65748759,0.6888918902,0,8,0
42,69931.83246,16,33,669.4195956,22102.7485,36,4.399561383,0.1766238062,1427.432667,14371.52138,16342.31619,5,23,4,1,0.694599907,3,30,11,10.83969994,0.7664553683,0,57,0
39,49483.54487,12,10,608.0443858,38358.68891,48,5.67029769,0.173347594,4352.002352,8419.476326,19271.34532,2,9,4,1,0.3114456486,5,37,7,4.665207718,0.6680161127,0,50,0
33,64472.03954,8,7,636.9574594,18740.00605,48,11.74551713,0.6905400908,2053.880177,17723.17981,14098.0787,2,0,5,1,0.9282703405,2,16,91,0.8189121911,0.6736845256,0,52,0
40,44862.69753,13,5,708.5667134,38765.22778,60,7.344364026,0.649786108,1697.270403,14290.95447,4701.002643,5,2,5,1,0.7135140591,2,23,2,4.587620499,0.271034009,1,26,0
53,53981.02705,16,37,639.9319445,33486.69996,12,6.790550305,0.7811765724,3669.2265,21935.08045,32691.09436,2,1,3,3,0.1371065516,2,81,43,5.586893682,0.1970392054,0,43,0
64,40906.72167,11,12,731.3985989,35741.51619,60,11.68353433,0.3481730236,2670.745126,29002.99538,17405.37097,5,26,5,2,0.7749063455,3,94,90,10.51274072,0.7686024189,1,79,0
62,38554.32861,17,15,646.9770933,43473.2859,36,15.43312009,0.709402516,3262.843036,27074.65269,28400.78412,4,1,4,3,0.9009840517,5,41,41,0.7784574562,0.2256384081,0,92,0
18,75144.70855,13,18,663.075628,30463.8397,36,6.498969402,0.2203010797,2929.89101,15664.87608,0,2,24,2,1,0.4975255173,2,13,4,1.040187886,0.8261323396,0,42,0
23,72715.96274,11,9,802.7522481,41576.7792,60,9.76553938,0.1543486202,3935.909421,13767.29125,15548.84349,1,1,4,3,0.4320625632,5,37,85,3.512571892,0.2061405253,2,62,0
36,55226.60449,16,8,751.8282795,25586.74703,36,4.901059658,0.07097292022,2788.433184,23769.61441,0,0,25,5,1,0.1035501035,2,32,53,10.04940737,0.1620712425,2,35,0
50,61413.06654,18,38,624.5578126,9840.452349,60,9.357124482,0.7564625395,3002.537947,0,21987.07734,1,25,1,2,0.4339661875,1,86,95,6.555125938,0.2752338666,1,79,0
43,67148.43687,17,29,640.7084348,37489.69434,24,9.877885438,0.3194624471,2179.43923,14332.1486,42326.43026,3,12,1,1,0.02829603778,1,60,72,5.719259282,0.9982820188,0,17,0
26,75284.51318,9,14,615.5663656,30689.02893,36,12.69036431,0.3893321335,3648.388257,0,16057.54016,2,10,3,1,0.5462995869,3,53,31,3.78293343,0.7357615147,1,77,0
55,72351.86081,10,24,673.133154,37896.44875,60,5.686622717,0.7669289138,2099.505897,28693.78473,29700.1713,2,6,4,3,0.1342918581,1,51,8,7.950453089,0.3208021954,1,94,0
52,67875.4883,15,22,636.8682644,29214.27305,24,13.13503291,0.05987376882,2643.208871,13901.20015,30903.50567,2,9,4,1,0.2336149301,4,1,61,10.91313862,0.5312119546,1,78,0
24,34398.88698,19,6,608.2546426,44137.79363,48,8.946706878,0.6958304815,2083.88868,0,18366.8841,3,2,3,1,0.8488687077,2,79,10,4.928582495,0.8497387675,0,26,0
32,56660.59372,17,2,718.4374642,19500.5281,48,12.41686864,0.3114666037,2774.782429,11471.49582,13592.59543,3,14,4,2,0.1896336368,4,27,86,3.665720145,0.623185882,0,51,0
63,79544.38797,16,35,557.1788915,14322.25336,48,4.249506246,0.4314280347,3076.446326,1543.722664,48236.74271,5,9,3,1,0.4094615385,4,46,56,7.933030026,0.9992204552,1,85,0
28,73490.23977,14,37,801.2300674,37526.98433,48,9.570101385,0.1592248689,3261.748159,25348.31582,21230.7098,1,1,3,1,0.474365147,5,35,83,9.644335843,0.3920939306,0,12,0
45,69377.16164,17,0,621.1967971,27559.81508,24,5.426129767,0.8695809805,1532.923093,22867.54717,14574.28953,4,2,1,1,0.5268016122,5,89,86,2.58385344,0.4248253982,0,55,0
27,66646.12145,16,28,640.8353983,17460.47453,12,13.74963027,0.4068808647,2123.74091,0,57910.17703,1,5,1,3,0.7079489989,2,25,13,7.727694152,0.8463802631,0,17,0
40,41333.70058,13,37,703.5933177,51946.24334,60,9.556570938,0.1164749727,2552.950003,18445.82416,52172.73633,4,29,5,3,0.7112856511,3,58,64,11.02839996,0.8652804448,3,93,0
45,53216.29974,18,22,645.484841,20772.39036,24,16.78204392,0.6812891967,2471.316643,23408.28693,15965.93528,0,0,3,3,0.130405559,5,59,68,8.291322265,0.04438679384,0,6,0
28,67739.02014,13,31,738.742914,22399.13924,60,11.12838718,0.8718980713,3949.546073,5152.450217,6862.016874,1,5,2,2,0.3301792288,2,36,100,3.495035991,0.2799684528,0,70,0
47,82867.46948,16,32,703.0231427,31581.91641,60,16.75133374,0.06593423574,2120.974699,11994.03425,27784.00739,2,9,4,1,0.5163034763,5,46,56,11.63784755,0.3092578547,0,1,0
54,73437.38765,17,37,765.6320673,10604.21352,36,16.16658658,0.7181483675,2677.684056,13464.58849,23167.03975,3,21,4,3,0.3249094098,1,36,44,2.977666084,0.266656648,1,63,0
57,76044.18529,10,27,676.8857784,1000,24,14.54583792,0.517322689,2250.837601,26707.73904,24675.88932,5,20,5,3,0.7153005109,2,72,30,8.528214486,0.9417877984,0,25,0
59,67317.99998,15,33,711.2368229,29052.21976,24,3.439261862,0.4828290454,1777.063188,28088.18329,2671.180371,3,9,4,1,0.9491095409,2,85,34,1.810636672,0.4368266479,1,44,0
38,54390.62358,10,8,663.821514,29266.01637,60,10.88453115,0.3989489857,3098.652638,0,26305.20466,4,18,3,3,0.7110189305,5,12,41,6.803160098,0.5836041847,1,49,0
40,49146.5725,13,6,635.5523543,36208.87877,36,9.689224648,0.3640233506,2797.630444,15573.2887,12826.9897,5,10,5,1,0.4397397115,5,7,10,2.049095886,0.7377425632,1,70,0
45,46761.94918,14,7,825.5303296,28528.66956,48,6.640921158,0.1761403967,1579.092059,17203.82861,17273.04726,2,12,3,3,0.49689921,3,37,88,10.90875803,0.8339917931,0,53,0
57,34573.35365,18,3,671.577105,37018.34419,12,7.81171892,0.3854712727,2693.345108,14081.9361,25302.83683,0,4,3,2,0.959129686,1,1,89,10.83992477,0.495393354,1,18,0
44,44669.84812,19,26,695.6716592,18398.89451,12,3.700443947,0.2569448441,1379.278119,27315.87947,27452.13502,0,15,5,3,0.4193889764,2,23,33,7.795266973,0.6025651003,0,72,0
40,47050.7241,14,20,659.311394,16390.98347,60,17.86977365,0.5856489375,1002.139637,29592.23183,18671.44415,2,3,4,1,0.7448607532,1,47,20,1.114478703,0.3520475552,0,62,0
21,62378.22554,12,13,683.2966314,23997.35004,12,5.031020008,0.8618831692,2438.204321,8434.357495,133.449842,5,14,1,3,0.1995802815,2,46,94,11.34919547,0.09368023273,1,83,0
23,38154.59266,10,19,764.0785021,34266.42806,36,16.30090398,0.466943261,3120.453383,3724.667378,6639.924462,5,20,1,1,0.390707711,4,44,53,10.899448,0.8189212176,0,36,0
49,45314.95982,8,36,706.9399749,24144.43303,60,16.28388955,0.4130702047,3307.980035,18881.55779,18480.74577,0,28,1,3,0.3392184788,1,1,7,7.127952255,0.5927774622,2,51,0
51,58409.16872,18,1,698.2579397,22190.65798,48,11.65843395,0.8476338084,3564.595037,24076.44036,3606.088064,1,0,3,3,0.8627097209,5,74,86,0.8786686619,0.7134703299,1,92,0
61,70775.25348,9,12,695.0323375,39056.55217,12,8.9368664,0.2921885672,1976.350697,12019.55501,26384.16002,1,24,2,3,0.8823479317,1,14,16,6.136307542,0.301257006,0,97,0
63,53800.29669,14,3,745.512566,30956.3557,60,15.12396015,0.4675930406,3456.90676,23014.2356,0,5,29,2,3,0.3975761581,4,97,4,1.90958676,0.377669612,0,79,0
49,64750.18517,10,29,642.0046421,29490.27092,60,15.79905778,0.321638035,2196.217257,20292.88981,0,0,28,2,2,0.6387571499,2,97,40,7.924402375,0.5021197682,0,72,0
52,66677.72168,19,38,650.4160421,16260.8106,36,11.27534263,0.3609774413,3435.482051,37262.14682,25052.83903,5,5,4,2,0.2593163699,5,98,65,5.280898877,0.1875754442,0,80,0
27,43339.47174,8,20,687.0409969,22448.97913,60,11.35790641,0.154584655,2598.829591,9257.587182,52857.64555,3,21,4,1,0.0824605594,1,40,92,11.29749116,0.6833908681,0,92,0
58,80357.18454,13,0,699.1822825,27370.10933,24,14.40952001,0.2645255385,2353.961408,24664.47115,2380.427035,0,9,3,1,0.8447180054,2,98,82,6.668154838,0.9269864017,0,94,0
54,25060.30538,11,21,707.6300844,5403.099208,12,4.166860308,0.8910899607,1062.191317,11007.72026,40050.7703,4,19,1,1,0.1053201329,5,45,34,10.02241353,0.1484281445,0,44,0
19,30877.79588,11,30,632.2753318,8041.241156,12,15.47141994,0.335561015,2144.664897,10615.23751,0,3,14,1,3,0.5701124185,3,19,72,3.613348938,0.4695572515,0,64,0
52,61492.42627,10,39,662.5458869,16601.372,48,13.28165069,0.786489148,1986.024767,20888.19488,26271.49691,4,29,5,1,0.6232882969,4,55,48,7.70141544,0.8741654826,0,87,0
60,40615.54953,18,23,584.1464079,7133.462323,24,16.47107423,0.08532098319,2902.832411,12004.57293,12676.66059,3,28,5,2,0.710634525,2,39,37,10.24484715,0.5315572548,0,55,0
19,53711.24896,8,15,708.6926229,42229.73572,24,7.90689883,0.1081872649,1863.59876,17085.62042,3189.837708,4,10,3,2,0.6965480363,4,98,2,3.825906704,0.7890278843,0,67,0
35,63382.87635,12,3,720.0275223,5620.258472,24,12.38737346,0.08530443864,3208.058165,7084.783305,3199.008721,2,0,4,3,0.7159055351,3,14,59,3.859030637,0.4286595892,0,93,0
24,77429.91096,8,36,674.5593341,29373.63612,36,10.07449484,0.6444078762,2982.508172,35021.26378,32862.91108,4,0,2,1,0.5946052942,1,91,85,10.94000566,0.3248800466,1,58,0
31,59268.24151,14,13,590.4142066,46634.36819,36,7.874587304,0.2845646181,2585.403969,21128.86091,0,3,7,5,1,0.5798916057,2,58,82,8.43863279,0.5138196675,0,10,0
60,41662.90829,19,28,642.5993122,6344.284086,60,13.13453299,0.08113589699,3639.603049,12042.2009,18145.10893,4,21,4,2,0.6881595713,5,72,75,8.758137486,0.9084857753,1,47,0
52,63131.29876,13,13,761.4280595,20957.94334,24,15.3657251,0.4291206652,2976.941499,3178.417509,33068.95911,1,19,3,1,0.129153137,4,93,97,2.182743335,0.3553117692,0,28,0
41,78106.68973,8,18,749.8594531,17897.55698,36,6.629660193,0.7554734356,2532.091054,29227.61049,15271.48232,0,13,1,1,0.0235609216,1,60,7,1.38690237,0.9420554481,1,67,0
30,67378.77761,8,23,613.2227362,21185.84506,12,14.33000489,0.1106125642,4290.817614,4435.42816,5937.552441,2,29,3,2,0.7764875449,3,73,75,4.90746342,0.5958494973,0,72,0
63,95974.29228,9,23,651.0473351,1000,24,8.429785722,0.5757561105,2535.471478,23057.88559,13092.44776,5,16,4,1,0.1173881922,2,30,54,0.5866043242,0.5415992273,2,48,0
32,47641.3572,15,33,745.4438237,35737.04349,48,7.527670991,0.4138464286,3131.889385,7751.661214,22783.13196,1,4,2,1,0.8238471407,5,37,22,1.73083247,0.05910400179,0,62,0
26,51197.45102,13,15,713.1768965,1451.149719,24,4.14696843,0.4179854175,2280.752414,27611.38685,8715.332254,0,7,4,3,0.7832661029,5,72,25,10.57354612,0.1375540821,1,72,0
28,72495.69644,17,35,639.2264613,27408.23245,36,10.167506,0.8846308233,2322.465552,23929.52479,17377.86081,2,4,1,1,0.05538898585,3,27,47,11.53320556,0.343836232,1,13,0
24,67838.41946,19,10,668.6951995,20138.84713,24,6.901995762,0.655735378,2101.079479,31872.22712,21051.62601,5,7,2,3,0.4664234455,2,74,71,1.285922834,0.5105651786,0,25,0
45,60875.01154,9,28,654.8854716,19234.58197,36,7.93155918,0.8837547946,2228.443349,17072.45789,25776.01261,0,11,3,1,0.6547090652,5,6,53,1.099549239,0.7798588917,0,14,0
51,42740.95418,17,18,738.6035049,46612.28759,36,14.08763867,0.148833966,1563.164144,9359.461795,13881.79109,3,14,2,1,0.5368805446,4,25,15,7.797684656,0.5671415565,1,24,0
52,47404.64924,18,30,708.1440647,18560.15017,12,17.27822975,0.2811827046,3226.850375,13921.31888,17905.75073,0,2,2,2,0.9312523203,4,74,97,11.43402367,0.8623540717,2,71,0
47,70047.84147,12,19,523.438483,8733.10611,48,4.093625381,0.5758428961,1864.81729,8442.189058,55724.10087,0,11,5,1,0.8549775192,5,1,41,4.300501382,0.3615894165,0,40,0
63,62099.7425,9,12,630.491158,21472.83954,60,6.878107897,0.4256730821,2839.289705,4092.083254,0,5,24,5,1,0.9136652175,1,14,41,3.268393295,0.3082073553,1,99,0
36,60557.20763,14,27,688.2758641,25213.8174,12,10.2591754,0.6755711981,2205.825542,23542.13034,1661.705677,1,9,3,3,0.9178709774,5,36,68,9.546369786,0.5535697114,0,29,0
51,47947.63721,10,8,809.3415588,36452.93419,36,14.38417049,0.7769705443,2032.261285,6046.637727,24751.72202,2,10,1,2,0.7953086191,4,98,53,5.301010548,0.3136073547,1,66,0
60,23736.2568,13,30,705.3639508,4607.183905,12,12.91786591,0.6112831209,1534.543053,11346.28351,41044.18813,5,27,5,2,0.9251434349,3,14,19,5.837425707,0.1190544842,0,42,0
48,88139.86274,16,19,669.0239588,31598.12351,12,16.85167056,0.4060126306,1489.49243,29014.23232,37308.99949,1,5,4,1,0.09894687503,1,100,76,9.261015728,0.1963732416,0,87,0
21,65220.21728,18,23,678.4588977,5341.487959,12,9.167837858,0.5526258013,3463.277757,13845.08898,29785.29113,3,1,5,1,0.5482604683,5,30,40,2.447241434,0.07105295305,0,59,0
64,45296.0417,12,36,637.0446309,16064.51104,24,7.512806105,0.7655403001,2123.031114,3681.551081,29053.24988,1,1,2,1,0.2580092713,2,47,54,8.049823048,0.05045380637,0,10,0
33,51479.97245,12,15,740.8299236,18570.39808,36,8.519203987,0.419261967,2143.975068,29646.43114,28253.42259,1,13,4,1,0.7464612973,4,1,37,4.054692048,0.04088833879,1,38,0
18,61051.51886,15,34,719.487163,12161.41422,48,12.14187949,0.7251024623,1125.401459,25954.65477,16798.07072,1,24,2,3,0.8824472096,1,65,57,4.476595498,0.7567551031,0,72,0
29,53144.91106,11,11,601.3835788,40108.96121,12,5.787840515,0.2096248554,1696.653708,0,35116.6479,3,7,3,2,0.4861076622,1,93,37,10.83671269,0.4321618351,0,51,0
30,68379.4514,15,35,682.3051629,22715.55493,12,10.94996123,0.5880174469,3122.796313,24287.72896,38164.52081,3,2,2,3,0.6176556111,1,77,91,7.013023275,0.2282740715,1,93,0
37,42021.54523,17,20,552.2177568,8505.835322,24,7.156633939,0.2718543175,2582.08358,4003.183584,32653.42973,0,12,5,2,0.1490741152,5,54,10,10.32594444,0.07351021507,0,65,0
44,60574.45291,17,18,767.6412211,51668.65386,12,15.37720963,0.4364359565,2094.406326,7059.94434,19603.09511,2,12,2,1,0.9140245143,2,15,56,5.503502816,0.9017175777,3,7,0
38,68099.0507,10,13,706.0523772,13881.67241,36,10.53543516,0.4274302804,2262.007202,18348.10985,5046.885129,0,18,5,1,0.8362590107,3,68,13,11.42620703,0.9237043252,0,46,0
21,64803.48405,11,35,593.8009221,27023.49631,48,12.19914141,0.1126069612,2981.216751,25256.05503,6195.067403,2,10,3,2,0.7500050103,1,59,70,4.216025125,0.3279653663,1,40,0
48,63416.867,8,34,622.8106158,30460.07148,36,4.704192531,0.3235271127,1717.039707,29597.92525,23678.71904,5,18,2,2,0.3085771054,4,98,57,7.532157164,0.6381931813,0,48,0
26,62364.11391,15,8,639.4338312,24597.83366,60,10.47562987,0.5799843923,2134.199037,33370.40171,26718.93737,2,7,5,1,0.3776392363,2,73,20,1.657260874,0.4606780269,0,5,0
42,56413.6702,10,34,548.9260481,11652.29659,60,10.35215322,0.8091907261,3304.022172,0,15898.36477,4,17,3,3,0.9776130481,3,55,92,3.763136138,0.565673131,0,71,0
59,63143.31288,13,0,686.7619547,14076.88261,48,12.24562513,0.6097754434,2969.161243,11897.79476,19581.67778,0,9,2,3,0.6886574999,4,71,74,1.12882501,0.2785422244,0,31,0
55,45351.57543,17,11,660.1865632,21601.36385,48,11.34957931,0.2481895711,2900.152521,14440.14689,18482.4256,1,29,1,2,0.159946225,1,30,87,1.619811022,0.4776420801,1,86,0
41,49027.65724,12,27,604.935626,14898.81763,12,6.540699397,0.853515828,2396.629668,20711.5676,1516.339863,4,28,4,1,0.2531649143,1,57,73,10.90119536,0.9183441978,1,24,0
38,65504.44904,15,13,617.9089539,24424.37662,36,4.488863021,0.1519577663,3140.815921,16839.89272,33642.21795,5,15,1,2,0.7336955594,3,86,75,3.545571144,0.3933244134,0,87,0
47,31163.64573,9,15,693.6036364,16465.19611,36,11.44419891,0.8489823093,1402.554904,9192.351284,0,1,12,5,1,0.2494742061,3,60,66,7.182204688,0.9544025254,0,70,0
36,74346.6879,11,26,710.1530801,13192.17079,60,10.50380183,0.5537247599,3586.196294,15824.86293,0,0,4,2,1,0.2136795465,4,10,99,6.18348429,0.7810833425,3,7,0
49,54972.02172,9,28,657.6064001,28006.55074,24,17.80800482,0.2135081653,1410.832731,6727.438931,23169.57543,4,28,5,3,0.6373479936,5,12,27,7.883302384,0.1671077061,0,53,0
34,62262.21965,12,1,630.3725769,29517.09119,60,11.12486929,0.7008285168,3011.757177,22942.65319,27462.89099,3,9,3,2,0.3781068303,2,68,46,7.330868116,0.2079939402,1,96,0
22,46881.53771,8,3,749.5417686,3193.476083,24,7.274695983,0.8660529602,4037.524141,15624.48667,9797.600851,4,14,1,1,0.8250296969,1,82,94,11.66604651,0.2596710346,0,68,0
28,38562.25532,16,21,723.5311147,25802.52259,48,9.892836443,0.7270031685,2724.90951,17692.9628,30386.64584,1,24,4,3,0.9765420493,5,7,56,0.7380107984,0.03864210485,0,47,0
26,50966.56301,12,38,744.8316789,5430.552781,12,5.85978294,0.6671578794,2902.291729,9780.495346,16790.23264,0,21,4,2,0.8772988513,5,9,96,7.734134127,0.07889179723,1,55,0
43,47301.77327,10,27,778.0674973,1115.641672,36,8.647013892,0.4758629138,2808.766074,20914.92456,33787.65106,2,4,5,3,0.189923946,3,55,83,8.99702122,0.9439872896,0,6,0
63,59682.45333,8,34,692.6355289,17912.33855,60,12.93793476,0.5507530429,3237.276077,9317.57225,788.6896801,3,10,5,1,0.3867266344,1,39,38,9.365506171,0.7923067989,0,1,0
46,57205.44943,17,29,812.3968908,36097.5718,60,15.64297202,0.4517313761,1156.216925,2038.798604,36795.95925,4,20,2,1,0.4973011417,1,84,97,5.518189568,0.584056726,0,14,0
41,100814.4822,11,5,683.4350063,17693.3847,48,10.47112116,0.7596017342,3560.104174,0,0,5,13,5,3,0.4905710275,1,52,86,1.560322376,0.7796611135,1,22,0
45,15000,17,25,714.1459844,12030.391,24,6.14616505,0.8987142188,2174.360848,7466.070979,23624.38549,1,7,2,1,0.1929362613,1,89,87,0.8842751657,0.8289909005,0,62,0
29,81572.89233,15,17,649.4727653,35280.09591,60,5.118024871,0.5213687299,2337.655434,29768.88759,24201.75486,5,26,3,1,0.4220650615,3,56,85,0.5427949979,0.7433801232,2,40,0
48,41944.20304,14,17,748.5975656,19351.00486,60,7.852484327,0.862225533,3723.862994,10882.36515,6512.408774,1,4,3,3,0.06286291024,4,85,63,2.669585877,0.6283912988,0,20,0
49,87192.34014,13,22,711.2096929,15002.71529,48,13.34813104,0.8770345162,3010.316557,25966.38569,1483.662071,3,1,3,2,0.6623074623,1,7,28,3.784794708,0.5704946928,1,76,0
32,69557.24463,10,2,614.4543911,27670.46811,48,7.629957528,0.1962636207,2670.533613,16193.90936,15755.91424,4,21,5,3,0.8113200099,5,66,32,5.863884602,0.08984191351,0,58,0
54,40574.52437,10,0,736.2800664,45867.31466,24,5.016830617,0.5509627088,2357.925572,0,37476.85027,2,14,3,2,0.6192755001,4,60,99,8.887561573,0.121559747,0,70,0
23,57253.11451,18,37,666.3453741,11124.72974,60,7.205305264,0.3873546473,2430.282051,11347.96847,29676.61948,4,5,4,2,0.4527658369,1,7,53,6.434263661,0.8510343662,0,32,0
42,61050.152,12,36,802.3400656,46561.06462,36,10.3113804,0.3143609611,3491.025961,13859.38138,23489.40259,3,27,5,1,0.6967908478,4,42,75,3.655495612,0.02629860868,1,53,0
26,41598.85764,18,27,688.7320216,23399.70559,12,7.247685951,0.2390307481,4368.238258,35530.69613,18225.3375,5,27,1,3,0.04803518686,3,28,47,9.657142924,0.4274099761,0,16,0
28,67516.61996,18,20,707.4587002,38704.968,24,12.75380971,0.1373022683,2426.524977,12840.28524,0,3,8,3,1,0.9055451383,4,12,4,1.004329989,0.9497639207,0,10,0
25,67093.52735,11,6,631.5338993,37543.14412,24,15.56823419,0.2093780368,1596.616247,5927.174361,32724.46314,4,5,1,3,0.9626714482,1,32,57,2.082136928,0.5488690605,1,92,0
55,73463.09993,8,12,712.5919923,16921.5266,24,6.203822266,0.129132246,1804.307208,15877.30855,48984.54835,3,9,1,1,0.9393855484,5,9,54,2.117300479,0.266500214,3,80,0
56,50907.38322,11,15,706.5358597,35950.72257,24,14.52805517,0.3414765442,2177.152407,1952.727234,34747.7484,5,25,2,2,0.3039961293,4,47,74,6.329154103,0.05121174657,0,81,0
37,34965.87874,19,34,631.1396609,23084.98379,48,9.166512725,0.5374646425,2419.767601,29209.24915,21368.04807,5,17,2,1,0.692323525,4,78,36,2.374878839,0.9794861232,0,21,0
34,41802.02633,15,7,625.6668083,34016.45701,60,6.299561962,0.6481622153,3986.933236,26344.3832,0,5,12,4,2,0.2192811675,1,13,80,6.035220848,0.9346381487,1,83,0
50,58476.2045,8,34,654.1683657,43099.2847,12,17.60570093,0.6500094599,1003.950486,11020.57932,13138.37147,1,29,4,2,0.6344319274,4,81,10,2.677643277,0.1954151111,0,78,0
63,49991.05529,12,15,699.9085529,27143.43081,12,7.550800241,0.2049947667,1980.975743,13108.25736,0,3,14,2,1,0.4301744314,3,25,59,9.185676926,0.9803051815,0,69,0
40,52032.6314,18,36,688.8336487,37218.05947,48,11.06219941,0.4982145867,1898.703792,5912.320084,27772.11617,4,26,3,1,0.884382917,5,91,50,1.676833725,0.6902669269,0,33,0
34,85489.96193,11,12,720.0548292,21576.54512,48,12.65357007,0.6068414846,1787.237951,7518.504273,18279.85107,4,24,3,1,0.9491703178,1,8,98,4.009722394,0.4977830514,0,45,0
31,66074.0475,16,20,850,26484.46061,24,12.32178955,0.6930570921,2690.998759,15722.77577,0,1,12,5,1,0.9738366468,3,95,3,4.421759233,0.04555758505,0,5,0
32,81649.56375,10,4,568.2171874,18449.15832,12,11.00910745,0.4841865395,1684.466411,15991.90903,12969.423,5,23,2,2,0.380641535,2,75,83,1.002267339,0.5094396651,0,22,0
44,33717.47288,9,15,659.1331796,36374.42942,60,9.28441107,0.5295748842,924.7234927,13390.19228,2601.239986,0,1,2,1,0.2105323454,1,91,96,2.051447675,0.1487780929,0,61,0
49,49481.73956,13,3,630.0366941,18826.47168,60,9.380470528,0.3155022664,2420.438537,17591.14125,23253.35554,2,21,4,2,0.9814809951,2,89,10,3.618996875,0.6567083266,0,21,0
44,54469.0173,13,5,632.580052,39500.86495,48,15.26720791,0.874697373,3040.41666,18101.29803,27529.40288,5,6,5,2,0.7016017811,1,81,67,11.91637776,0.8966245227,1,30,0
42,75892.7768,12,14,735.8751965,35501.02114,60,17.11370801,0.1193223885,1410.638778,11008.57565,21198.67842,2,15,5,1,0.9021510706,2,90,30,9.122077498,0.8074516165,1,80,0
49,58781.23585,18,26,649.5490914,8358.516331,48,17.71738627,0.4685411806,2517.315584,16384.56675,0,3,8,5,3,0.5805803281,3,84,76,3.553731433,0.120020701,0,16,0
43,58512.45324,13,31,694.4563577,13057.17031,24,5.336737149,0.4478271492,3322.019881,16542.20598,7957.834971,4,25,5,2,0.8807463679,1,16,75,5.757035982,0.3684869505,0,85,0
45,47602.56987,13,16,671.9664641,18316.11572,36,13.53294216,0.4395561319,2351.769632,25176.64682,23689.08626,2,20,2,3,0.3210656335,2,1,10,2.55271667,0.5873965058,0,30,0
25,37632.86257,14,32,651.9204708,26461.08086,60,9.292152207,0.655242947,2037.004041,20512.96177,14313.31529,1,9,4,2,0.6544209888,4,20,43,3.960261336,0.5124579034,0,55,0
45,59555.25245,11,26,768.8802902,23515.93455,12,17.51536692,0.5173315989,1585.723836,36956.69715,14654.02578,2,27,2,3,0.8625976039,4,43,74,9.910311964,0.92128924,0,100,0
22,94630.26675,8,29,705.0493759,30473.297,48,16.72167496,0.6157389187,1203.576452,10431.62172,43225.28478,0,11,3,1,0.3360074681,3,78,10,11.37723679,0.8038311176,1,87,0
64,29031.35233,11,30,639.4414378,48589.35765,36,5.746313273,0.8902202397,2334.931094,28097.8346,26345.31928,4,23,5,2,0.2712114175,4,62,37,4.10088153,0.3028122593,0,56,0
31,82623.91981,16,11,756.4466812,23614.85489,48,15.82956743,0.7016337342,2176.772579,14043.69334,0,3,10,4,2,0.4498423706,2,70,100,3.573639934,0.226944949,0,47,0
45,88044.58371,8,29,692.5016432,36782.65652,48,16.98620299,0.5867113751,1346.959584,12343.76662,0,3,11,3,3,0.06584551076,5,10,32,7.7793415,0.2589494295,1,63,0
56,75491.16742,18,33,641.3464598,38422.27494,36,9.725566654,0.4123677087,4226.679294,15784.15029,28051.96756,4,22,2,3,0.5175315888,1,10,50,6.997844571,0.06969501833,0,4,0
56,40378.63616,12,24,673.1959095,16610.4294,48,16.01794531,0.2889268214,1597.264961,30614.30009,13648.7853,1,27,1,3,0.3551532967,5,95,82,2.244350937,0.09952245152,0,50,0
54,72426.37941,10,18,640.8148268,34852.7263,12,16.59085976,0.8242704584,1597.993035,15295.06464,0,5,26,5,3,0.8056364257,4,97,8,4.527539002,0.4674937413,1,11,0
24,60037.15767,9,20,777.0129074,43435.12624,12,7.962206277,0.5370362129,3119.746291,11151.82765,27857.53645,5,4,2,1,0.7725110486,4,71,58,6.737106419,0.9846211818,0,59,0
30,40352.15892,13,13,672.4808502,24844.04179,60,10.75077565,0.05915480432,1657.147792,23002.59247,59970.40997,3,17,2,1,0.8216009349,4,35,24,10.45053289,0.8858795163,0,78,0
28,44256.72492,14,5,671.3961233,5783.791237,48,11.61639622,0.3436393868,2756.657815,1509.494194,22657.77844,4,29,1,3,0.2887768676,4,41,94,2.704396599,0.7611515265,1,51,0
21,28622.22007,8,29,645.846735,42553.6556,48,16.50959616,0.1667239809,1654.763683,36848.41876,21546.12099,1,12,3,3,0.9115465415,5,43,12,2.602380946,0.1484249951,0,55,0
23,32263.74706,17,33,665.4391893,30269.89508,48,15.13801715,0.7500145335,2975.403515,13105.88031,12340.79827,1,24,4,2,0.2454070637,3,100,32,10.41515467,0.7202396527,0,20,0
25,57053.94778,16,7,706.965568,12736.78155,60,6.342014645,0.722346324,2471.377357,17828.22087,19056.57772,0,21,5,2,0.1729717728,2,58,37,3.170250704,0.1597689686,0,89,0
21,62755.71528,9,6,725.2645513,23564.73568,48,8.036392995,0.5328183003,1361.421511,11366.96618,35252.31225,2,17,3,1,0.2769375744,3,41,14,9.367516821,0.2168162905,0,32,0
47,48888.25353,12,15,606.7085715,17056.95047,60,14.77638759,0.821004177,2977.874636,13287.76416,3708.942859,0,22,1,1,0.9541778369,3,17,53,6.518689261,0.5583309682,2,66,0
29,44162.75339,15,27,626.2474633,48917.22896,48,4.061817381,0.4689466507,2907.785362,4277.067361,45791.6328,0,21,5,2,0.4112358527,1,89,89,2.895677995,0.9276323515,1,2,0
41,54000.13502,17,25,623.3047077,10193.5532,60,7.857132553,0.5542051453,2648.113288,3282.967808,15672.45434,1,26,1,2,0.3430126404,5,43,49,4.62268243,0.3699148489,0,15,0
64,51154.61815,17,26,696.3682778,36318.52236,24,5.348349575,0.1986724377,2151.859512,0,26279.6038,4,27,5,3,0.1794425021,4,25,5,5.323105553,0.8501728766,1,78,0
53,68375.46009,12,36,662.3598254,1000,24,7.81668319,0.5894414636,2900.009531,27231.28184,6768.107718,0,23,1,2,0.2604622531,2,23,62,2.738284592,0.5613985913,0,4,0
33,84271.30045,18,8,676.1929223,13473.73813,12,10.64162235,0.8596351318,1306.782808,5638.3343,19424.60175,5,21,4,1,0.7516327005,1,20,38,11.29395666,0.4432082473,1,47,0
54,44120.48189,16,33,658.8004157,18958.71163,48,9.191974893,0.4489731875,3468.302282,27674.59992,20486.08003,5,10,4,2,0.17951171,1,36,56,3.32644229,0.723903076,0,63,0
27,71887.89298,17,18,770.5757306,14339.02755,24,3.405595091,0.8059450853,3587.269195,3434.488859,4623.984326,1,18,4,1,0.4785272649,3,30,26,8.940799415,0.8617605069,0,6,0
22,47734.43529,12,32,554.8318267,6026.60561,24,4.268339933,0.4558729912,2089.296475,28636.74489,39540.48587,2,8,2,1,0.8391945071,5,88,7,5.555312999,0.1554271661,1,36,0
34,63668.94891,16,39,660.6686264,40551.37061,36,10.14694652,0.4559521149,1482.171373,36426.8533,12013.18728,2,1,1,1,0.6961378844,5,100,69,8.083818587,0.9767461654,0,97,0
20,53364.97352,13,5,715.9940084,38463.08466,48,12.99040865,0.5446394861,1419.497253,33453.6814,0,2,23,2,1,0.08479265903,2,94,94,5.705783403,0.4719627313,0,82,0
51,67361.04687,18,32,781.1531537,40274.65163,24,6.773329367,0.3355666545,2762.302604,18388.51737,14015.18633,1,8,4,1,0.2959038226,5,67,67,1.180424998,0.8088051425,2,84,0
39,37369.58471,10,36,746.4296059,21373.62228,24,12.26808363,0.8924445724,3762.018656,24357.97157,9781.400602,1,14,4,2,0.3040682905,2,92,11,1.960669359,0.6599863805,0,13,0
36,46881.09044,16,22,687.2603829,19847.7032,36,16.1535812,0.8637773666,2213.983847,13576.52957,47731.17537,3,9,4,3,0.3505572293,3,66,43,6.626164712,0.9980737713,0,7,0
19,83110.52706,17,6,736.944451,20950.80205,12,16.8985653,0.8695165971,2777.316664,10048.89455,11273.97939,4,0,1,3,0.957994137,1,6,98,10.70538498,0.8725449492,0,72,0
54,59320.42183,13,27,688.7006903,8579.227865,24,12.51143798,0.5302279041,2878.933004,27118.99309,17617.75697,4,18,1,2,0.8303772649,3,86,29,7.631722597,0.1493380914,0,44,0
19,80442.84997,12,7,566.1492318,11720.59619,48,13.1261074,0.8852943418,1563.79085,13303.37951,13068.44101,1,0,2,2,0.8882621951,4,87,7,4.28361618,0.6762690063,0,33,0
21,43313.00423,10,27,625.7412074,19512.23296,60,12.81362788,0.3180285114,2487.276391,14638.99667,30146.01551,3,15,2,1,0.2098018088,1,32,32,5.276387293,0.5357907323,0,33,0
21,82776.17274,17,4,666.3262918,29592.88347,48,5.266986906,0.506206665,4238.713033,0,12583.50474,4,10,3,2,0.6692630225,1,19,80,7.262831254,0.01989618412,1,40,0
62,71750.16412,13,5,650.1663601,16553.04857,48,3.305533676,0.7120294831,3001.600877,26400.28868,4215.78934,3,3,4,3,0.2511907056,4,62,61,8.528507692,0.07076241736,0,56,0
27,54334.52828,17,29,581.2626454,22680.03507,12,17.87745046,0.7834293037,2688.036767,11144.93845,18239.50323,0,12,5,2,0.2443333875,2,100,39,5.912973534,0.1719842397,0,71,0
23,44647.20681,13,34,598.6918599,12654.02711,48,13.70022739,0.2339020902,1238.212433,0,19064.58455,3,6,3,1,0.4643552073,4,10,17,4.080658198,0.1577867699,2,9,0
19,85377.56777,13,18,652.6486309,11674.23115,60,16.1913153,0.8617372961,2606.025737,12926.00546,25333.28072,1,12,3,3,0.2008478459,2,76,62,6.180496328,0.5904852793,2,21,0
33,56252.51773,10,13,683.9307495,21752.24209,24,16.57725271,0.4036470525,3146.902712,19563.36343,1758.525169,3,10,5,3,0.4464949338,3,26,28,10.72451497,0.3277491428,0,99,0
60,53760.94054,8,36,678.4695102,23415.93346,12,12.20924593,0.575238309,3016.531518,18730.9373,15374.95634,0,26,2,2,0.9885534444,4,85,88,2.182601468,0.4510464967,0,55,0
38,80185.86136,18,21,658.9076844,46515.67615,48,10.17508051,0.8336721635,2008.971417,19215.15666,54393.58965,5,10,1,3,0.3151582658,3,46,46,5.761071,0.6910044297,2,100,0
58,89569.38859,16,38,681.7136514,9269.625147,36,6.769458081,0.8319560988,2245.189464,20142.53894,17471.1744,3,2,4,3,0.915090105,2,52,61,5.828018347,0.614275172,0,45,0
44,70749.04361,14,22,586.6751211,43797.13183,60,11.48132551,0.5905454394,2074.443928,18411.77475,4155.55096,4,16,1,3,0.1290261692,2,83,18,6.977245844,0.0903108814,0,58,0
43,59505.93013,14,21,695.1576023,19444.71845,12,3.038645293,0.4607167281,3447.537552,6811.476638,1438.521383,3,5,4,1,0.04675814071,4,10,92,3.084693083,0.1535935475,0,53,0
21,50366.60136,16,34,627.5772194,30961.50297,12,3.029863446,0.1234835904,2127.756347,26136.87115,17216.39929,0,21,3,2,0.9823303331,2,16,35,8.779451264,0.4404894504,1,71,0
25,51197.56859,16,28,676.1590699,4782.326326,24,14.06228001,0.1936065222,1709.836227,18645.16066,27044.66744,0,21,3,1,0.0561369563,4,92,90,2.504761795,0.06354315041,0,50,0
41,56820.02649,12,29,664.8420299,40833.83273,36,6.729277369,0.1924010951,1286.99879,6375.06083,0,0,28,4,1,0.5440055939,5,61,56,7.570747939,0.4444730035,0,11,0
50,67941.19085,18,18,617.8533668,9734.573735,12,6.259374331,0.8059051329,2905.094944,1175.081442,21729.52332,5,22,2,1,0.222355179,5,12,100,7.857241828,0.3671896574,1,32,0
18,69876.15563,14,1,688.39978,12882.03125,60,6.917428583,0.6691120841,2077.351898,21537.31986,37088.96559,0,22,3,3,0.3803690799,3,8,96,11.88071773,0.6591144815,0,51,0
52,49665.26616,12,2,773.5059193,15087.54125,60,8.796066832,0.1108707772,2109.774532,24971.8823,39086.01272,1,27,4,1,0.6611911406,2,20,62,7.065060541,0.02928294509,0,75,0
63,42474.31595,17,35,674.7043815,40213.35229,36,17.07596237,0.1612459019,2809.276207,6806.928717,17729.84369,1,15,3,1,0.01682640004,1,7,97,6.685851225,0.9591427774,0,68,0
18,69238.53697,19,18,647.1328953,26889.24681,24,9.313608909,0.4154801907,2326.887067,32952.56931,30351.28803,2,14,2,3,0.7731254709,4,83,35,3.821524193,0.03880073966,1,70,0
58,28050.03292,19,30,697.2294242,18179.71379,48,10.62542045,0.055814896,2607.411209,14944.27285,10138.70434,0,6,1,1,0.8343488751,3,89,96,5.450959897,0.8845380474,1,28,0
41,50449.65958,19,25,593.2528612,33326.00034,60,9.526387663,0.1163916714,2764.754546,2681.911856,15328.1743,4,25,4,2,0.3768460748,3,46,66,11.49091741,0.8790333975,1,27,0
24,84893.67577,10,22,599.0096697,36943.64964,36,15.17118792,0.7642918108,2030.408418,25360.82854,25316.59644,1,0,4,3,0.2840226545,1,46,25,2.90030507,0.0462705327,0,93,0
45,32635.25685,11,18,712.861467,8086.191996,24,15.85099187,0.7076005102,2252.798611,6132.243523,20295.17456,2,8,5,2,0.818554062,2,21,81,7.939399339,0.8380395497,1,30,0
26,50384.8338,10,28,756.5865935,18060.7236,12,6.337108424,0.1202637268,3699.774759,0,20124.88631,5,28,2,1,0.1570800419,4,63,68,1.65410523,0.8670953826,2,68,0
42,84701.34065,14,7,624.5528099,14026.55364,24,7.961763166,0.7827197773,2398.928648,5847.76329,34955.53796,4,8,3,2,0.2165436856,5,49,61,1.514020222,0.8798290012,0,68,0
37,52955.97829,19,27,770.9409603,35283.96645,24,9.203334442,0.2069798109,2065.332135,16570.10558,41358.57438,2,19,5,2,0.8585408842,2,20,33,4.921831787,0.1091999427,0,74,0
23,78498.37142,15,0,582.1034286,36827.21629,12,17.9307269,0.8172695826,3261.090911,20754.17394,12783.04757,3,13,5,2,0.4659582878,2,75,28,9.351503686,0.7321827379,2,18,0
18,86603.71458,14,14,784.815909,42372.90956,36,17.88393112,0.2342388658,1635.029026,16290.57909,33721.60508,3,9,4,2,0.7342527329,5,16,25,6.894057019,0.4062902197,0,95,0
22,59480.56758,18,18,715.2208968,41084.45656,48,6.316127492,0.5748782199,2633.165489,20067.37145,8179.734848,3,7,5,2,0.8020142187,4,12,25,10.72352059,0.7535148051,0,95,0
39,53513.58181,15,35,635.4234618,41755.43228,60,7.839537243,0.5829002649,1375.436906,887.7440126,15890.339,1,7,2,3,0.1071106757,4,81,15,5.131384285,0.0457153271,1,51,0
61,60483.27156,11,3,711.8895124,21868.98633,48,6.261520968,0.3060150331,1770.915773,10274.2883,10300.27002,1,1,3,1,0.3968406834,1,49,48,5.719972253,0.5200644199,0,38,0
19,53880.55582,10,38,709.0482908,22915.17218,48,9.634351965,0.7604983149,1930.867388,23135.87344,26482.68753,0,24,3,1,0.722165542,5,78,86,3.155618209,0.6764155774,0,65,0
22,60021.85462,9,32,690.6779281,12120.60398,24,6.562265248,0.6203283589,2807.421801,0,0,1,4,4,1,0.1568902053,1,31,79,9.581384627,0.3206736695,2,29,0
59,58423.19838,16,26,706.6359966,25122.45785,12,12.13065814,0.6083210308,2816.557975,16325.60977,26809.37431,2,3,4,3,0.1283218378,3,16,88,4.737121161,0.2854419372,0,96,0
20,76915.31353,17,32,632.8167931,34539.16004,60,4.476393914,0.8533368845,3011.314532,19208.51769,11079.18465,1,13,1,3,0.5391074834,5,4,51,3.67273267,0.2225467527,1,75,0
39,73212.77809,18,39,641.5524429,25298.28531,24,13.24803484,0.4116805081,3622.446849,0,6151.25717,3,4,1,2,0.5248532281,2,77,47,1.519718945,0.6323935555,0,60,0
44,55260.50515,16,0,641.9600537,25054.59333,60,11.24619912,0.07205965542,2080.112831,26592.83379,14727.71986,1,14,4,3,0.300198644,2,76,22,9.040116727,0.5684229529,1,38,0
50,82094.42654,12,2,718.861431,26114.56099,60,9.553573849,0.7698287134,1722.98297,56.07357863,5866.966432,5,8,5,3,0.219371486,2,20,19,7.86205889,0.4059966587,0,63,0
61,71140.24098,15,19,693.2866528,40385.59211,60,4.151037858,0.2737457275,1319.26601,24555.33179,393.8398114,0,23,2,3,0.128954502,1,59,74,8.54031018,0.4355627462,1,85,0
55,44154.75134,13,21,652.7510513,30815.01941,60,15.62580493,0.5702120479,2202.52189,23268.77304,8122.263768,2,12,3,1,0.6788291865,4,58,79,2.500713159,0.3264390104,0,48,0
55,71829.9446,8,2,676.857732,14484.58676,48,10.97802221,0.2646347076,3041.008375,0,23525.27513,3,26,2,1,0.01550200454,2,73,28,7.732636157,0.3679866821,1,3,0
43,75476.57964,10,21,635.4401043,25444.42899,60,15.19351745,0.8928300072,2386.114602,10476.78097,26265.70252,4,5,2,2,0.9920491202,3,76,71,2.778579583,0.6023383097,0,88,0
54,78813.76104,13,4,723.1028234,38421.88232,48,13.38418844,0.5971026681,3516.020835,17230.09549,27210.64456,2,19,4,1,0.4650947256,5,44,89,8.36234034,0.2100569816,1,56,0
23,48740.10081,9,15,700.4081587,35817.49611,36,12.20068328,0.3037538019,2868.837957,1370.7555,30624.89655,4,19,4,1,0.4683913883,1,82,96,0.6106371804,0.2863645972,0,73,0
50,67345.99247,10,37,689.1272312,33202.35571,24,6.071224686,0.3894146175,3278.490454,14445.20151,6469.917585,5,21,5,2,0.3811091095,5,76,19,8.196656857,0.7619459624,1,46,0
54,96431.72316,13,8,656.6419796,27413.88277,12,14.41015035,0.1475336784,2237.523832,25023.26776,17851.39421,3,20,5,3,0.5747355641,1,81,16,2.252076457,0.3294180382,1,1,0
28,71893.44222,14,20,600.9614394,42468.57889,24,16.34471933,0.688521127,3499.433144,3765.0548,28615.54998,2,27,4,1,0.5264148102,4,27,83,10.09072215,0.04738257856,1,94,0
57,69137.01752,11,1,556.3774187,7650.061211,60,10.4373782,0.4302992818,2384.693606,18631.01769,19020.83093,0,27,2,1,0.7582230363,4,46,64,4.900532077,0.7298687,1,80,0
39,38666.05823,14,13,765.6656315,20195.68584,24,12.29980577,0.4351574413,2392.029669,26225.94943,0,1,29,1,1,0.8217841513,2,35,37,1.920548449,0.2031296185,1,16,0
35,79895.91187,14,11,586.5388003,23217.58602,12,14.6896164,0.3732502115,2170.910133,7767.419401,34245.72999,2,12,1,3,0.1456545447,3,94,30,6.875901215,0.4670676967,1,11,0
51,49497.7142,17,15,702.6770931,14123.0004,24,10.12752425,0.8990919247,3761.869837,0,14140.45143,5,8,5,1,0.3354078873,4,30,47,5.947761734,0.3162806812,0,77,0
60,61223.86729,17,27,608.5464661,23193.53734,36,9.859311106,0.6123661849,3772.944198,9041.762596,52974.3784,0,1,4,3,0.4336026229,1,70,79,5.172529201,0.308006985,0,13,0
29,63975.91479,13,0,682.2299097,20218.67126,48,14.38445954,0.8558393049,2758.802211,17661.88518,23947.64527,0,3,2,3,0.9806675556,1,26,63,10.44042709,0.2888829748,0,14,0
34,46033.88946,19,7,611.6307972,40122.24667,36,16.47635907,0.4868501478,3874.21182,23927.00308,26050.64691,3,18,5,1,0.2440812015,4,35,48,11.85972017,0.6762081864,0,47,0
61,57984.53296,11,24,722.7554354,20191.94671,60,17.20426728,0.7832534143,3366.548068,18467.35425,9454.82501,5,29,1,1,0.325851183,1,6,51,9.248813285,0.2455731926,2,78,0
47,31785.60168,14,26,584.3931888,31541.48874,36,13.55748666,0.177719471,3268.623656,29155.74369,24009.59092,1,4,3,1,0.5097503645,4,68,64,8.525852657,0.5393684539,0,44,0
24,62545.39892,10,8,719.1240241,35198.94436,36,7.730619614,0.4009672494,2576.374635,10235.6635,13710.32339,3,10,2,2,0.8264424454,3,15,54,0.7316231962,0.8993543956,0,4,0
30,67636.46654,13,3,701.933498,18559.63694,36,17.09012721,0.4925732034,3098.820584,18624.27845,2530.014386,1,24,5,2,0.3150281016,4,2,87,3.661726301,0.6712294897,0,72,0
58,61001.2816,8,6,667.3890565,11339.35282,48,9.063148085,0.6207709628,2417.309206,12433.90954,1656.107549,2,4,4,2,0.9260282569,1,52,37,8.233114356,0.7238204093,2,18,0
47,27928.69142,19,15,651.3673839,4716.74754,36,5.036836175,0.2521983864,1444.139408,19047.63996,38255.23379,2,21,1,1,0.9055652933,2,29,27,1.380125505,0.8134840771,0,10,0
22,35506.12923,12,5,627.7955212,8919.516017,24,14.33914701,0.264483397,2791.003754,3394.451626,0,5,14,2,1,0.9530825821,5,99,78,6.298156724,0.2277337891,1,41,0
47,45948.00525,16,5,666.2482397,11387.61715,48,4.456622351,0.8149480291,4658.403643,6586.301998,11362.0023,0,25,1,2,0.6513695962,2,66,22,7.540166819,0.8388538072,0,82,0
32,74629.69178,17,25,692.489007,29958.81607,48,11.1957621,0.8344162642,3104.454892,34306.10074,29577.78655,5,28,2,2,0.3443344834,1,100,4,9.928274378,0.4647799329,1,72,0
58,82163.25121,19,30,652.6977161,22466.03562,36,15.51079884,0.6418317286,2719.108891,402.0335001,27279.53993,3,10,5,2,0.5009783061,1,76,39,7.842797964,0.170040499,0,41,0
32,54150.93375,18,9,800.3868799,3063.260907,12,5.201581702,0.8160368964,1613.901401,16624.39496,37213.45015,5,2,5,2,0.1614809681,1,50,61,1.563350417,0.6864804461,0,61,0
50,87294.26808,18,20,662.0640256,22109.55286,24,3.959497566,0.5657037908,1091.717307,10575.00974,15826.33976,0,26,3,2,0.6454238105,5,19,48,10.77183746,0.4957791851,0,83,0
64,57282.48486,19,12,647.6073261,43895.21683,48,3.959483613,0.2381374048,3283.638324,17351.87829,42027.51954,4,13,3,2,0.9195232916,5,51,65,11.95247794,0.5562344299,1,9,0
46,63446.11009,19,3,664.4018702,15758.79187,48,17.42686995,0.7893562219,2628.349444,5027.975277,14127.76323,1,6,2,1,0.921087802,4,74,88,6.497225681,0.8127358164,0,49,0
30,65357.11753,16,30,691.8817007,4199.668236,36,12.05185727,0.5827501127,820.3348727,1037.310174,36828.34639,5,12,4,2,0.3257122833,2,84,67,4.518267725,0.8564108465,0,5,0
54,56350.82355,17,37,570.8678818,40616.77868,24,12.27029282,0.3216654238,1769.033627,40496.40552,36060.87611,3,28,1,1,0.3314029924,2,98,7,9.491666978,0.7355960273,0,57,0
21,64425.97917,12,33,698.8309304,30859.30831,24,16.23004124,0.8220618697,2393.751491,11284.73541,18904.00277,1,17,4,1,0.6222634778,2,22,52,7.959972266,0.8778903975,0,36,0
18,55910.2257,14,8,681.2175561,51582.51611,12,15.97093412,0.2386776992,3479.098424,7115.422586,28410.17384,2,4,3,1,0.5467401951,4,82,53,4.674432397,0.4993565497,1,30,0
33,84104.63854,13,19,748.1962892,25584.1224,36,11.99885506,0.2018786847,2108.979572,25463.4928,215.8058748,2,28,2,2,0.6383366457,3,84,4,9.915082057,0.9778554542,0,9,0
19,52212.30212,14,31,644.2806756,46837.98878,24,15.84749656,0.2784382121,2623.820487,21540.98768,13406.39334,2,19,2,3,0.4886586823,1,88,25,9.925760258,0.2496683067,2,58,0
48,74007.09179,16,34,748.7579837,18586.23112,60,9.410439149,0.5076303885,3217.235863,19467.01817,34954.81283,2,21,4,3,0.9631020223,2,50,71,4.085337586,0.7190508802,0,7,0
38,62803.54582,16,12,613.8668064,34332.48644,60,17.77535902,0.4654742519,3405.851811,21539.68832,31012.63073,0,10,1,2,0.1588412283,4,79,96,5.114767263,0.2126967379,2,70,0
45,33328.45088,19,30,663.416758,31709.13841,24,5.711200042,0.7244431149,2798.792143,25840.44298,959.8833168,0,1,5,3,0.2725854006,1,22,89,9.064550769,0.56091991,0,90,0
57,37408.87641,15,30,703.7908132,47319.46514,12,12.22002604,0.2464269904,3056.025711,6354.951998,0,1,24,5,3,0.4609169733,4,72,33,8.795619045,0.1587082195,0,34,0
50,77624.96863,19,1,650.5548621,11945.27589,48,17.58137708,0.4769896317,2763.779844,24452.36005,19949.17063,4,10,1,3,0.1356353382,2,47,77,3.152036311,0.06494406336,1,88,0
58,55768.38859,10,24,615.8406565,23330.07895,48,11.36354785,0.4389281587,2551.37353,2707.585837,0,5,28,5,2,0.6185149032,5,90,43,10.97257829,0.6774195364,0,13,0
21,88460.6664,8,26,658.0752356,41595.48358,24,3.58382797,0.8543173799,1949.256413,8607.223406,22143.32083,0,5,2,3,0.7103912359,1,78,49,11.8975121,0.6110991021,0,34,0
49,90025.77582,11,26,739.8089058,22485.55133,48,12.76598276,0.6134240615,3851.961103,13172.30735,36513.98273,1,11,2,2,0.4731769298,4,34,54,2.539295505,0.1541240689,0,100,0
18,30734.51236,12,9,787.6015393,31914.22722,24,17.65768041,0.6073837468,1496.954367,18764.31786,30597.47103,4,23,3,1,0.5611345839,1,28,20,8.55381825,0.1054285818,0,30,0
58,87819.25765,17,28,781.6654421,24951.32567,36,6.747257579,0.0653576871,2853.689385,27506.12186,38140.39262,4,9,1,3,0.4832345177,4,76,37,7.22502859,0.3678138534,1,83,0
59,65496.94015,17,37,749.5434891,32651.04773,60,10.51440759,0.5867279877,3365.782228,15564.7403,9120.613913,4,7,4,2,0.2391808589,1,27,37,3.42777633,0.2440653969,1,71,0
53,50315.39518,15,4,731.0228918,24021.29531,48,10.21143454,0.1560173514,2272.896561,11191.15141,3194.966458,5,27,3,1,0.480649012,4,35,50,7.567473233,0.9021476809,0,37,0
32,53168.65375,15,11,540.2200312,29616.21072,60,14.75193626,0.4294915726,1745.457178,15332.03773,18749.65003,5,20,2,2,0.06525134276,3,10,1,5.761449986,0.950675228,0,3,0
54,73736.38031,19,25,789.9039023,19935.73038,24,14.7066223,0.2592149416,3126.27995,24800.23636,57650.74934,0,3,5,1,0.1722454367,2,95,7,6.793877476,0.8593047725,0,54,0
32,30230.01469,12,32,653.1045362,11434.83212,36,9.896615167,0.5958330449,2812.740327,21371.40413,0,2,6,4,1,0.3076113879,5,98,11,5.361243248,0.4529326305,0,64,0
30,47191.95088,19,36,689.0394186,38753.70927,48,11.07847651,0.09051445551,3142.176593,10758.62215,35547.44361,4,22,3,3,0.005473357235,5,42,87,7.154741751,0.5487706291,0,89,0
41,28149.25018,9,11,627.3766413,24611.42541,12,5.549143985,0.3177827142,4483.788984,11415.43859,4210.926016,1,26,4,2,0.9667432979,4,2,5,11.47692347,0.9318260154,3,86,0
59,45809.23324,12,32,782.4301379,10927.24629,12,10.25703645,0.0600124105,2339.473959,20150.93477,27466.29299,5,2,1,1,0.6852482199,4,49,65,8.421806811,0.179949064,1,82,0
34,58606.67766,16,20,850,42751.78994,36,11.54387736,0.05127393852,1626.121992,20106.42736,27466.99744,0,8,4,1,0.1090038533,5,68,4,8.641838325,0.712683438,0,7,0
50,85577.68247,15,24,699.2340141,13770.05122,48,9.783054437,0.4190187297,2460.740339,44250.31867,40588.96148,0,26,3,2,0.2729781486,2,6,96,1.915470484,0.1898196275,0,1,0
55,37868.6196,8,6,749.6671995,36258.14791,48,5.952073218,0.8406704139,3182.524799,713.4540831,11628.28665,5,20,5,2,0.9645926316,2,32,58,6.924820804,0.742597302,0,94,0
41,60713.46763,16,22,693.1141152,26255.93715,24,13.01317175,0.8170509993,2716.13838,16202.90949,13553.01739,4,28,5,3,0.5152460923,4,32,42,7.750562469,0.6997975546,0,58,0
48,49486.63748,17,33,696.2932373,45074.548,48,7.916577988,0.5665484411,2086.068454,1254.474568,4875.992145,3,12,3,3,0.486852036,2,78,40,2.009817706,0.1550260803,0,1,0
54,68631.29459,15,21,664.2821563,14033.03894,24,15.83634644,0.682026299,3036.870108,28331.39436,1875.935782,4,18,5,3,0.5654644167,1,34,59,7.986123002,0.78359928,0,11,0
63,56037.04586,15,32,772.594131,37058.66223,60,4.343309855,0.3732261368,2709.313823,15544.77143,41012.57566,5,7,1,3,0.8874826775,2,54,85,6.081666595,0.2842883519,2,10,0
32,65162.46714,11,25,708.3705668,47634.95058,48,8.452916427,0.4337368446,3408.996137,14105.48161,5969.486755,3,8,3,2,0.1917330804,2,94,92,9.186778683,0.159954314,0,98,0
26,58599.41676,17,36,685.2150799,22810.87192,12,12.66046985,0.856164751,1668.19776,24588.68568,23060.74535,4,27,4,2,0.3667323011,2,52,8,10.29051571,0.09166925906,1,40,0
50,78367.0688,18,31,610.4785978,33355.51358,60,14.9104015,0.2988957364,2800.556958,2367.563858,15168.43984,5,8,5,2,0.6819890061,3,88,8,5.297678887,0.05181282446,2,82,0
23,76443.31435,17,0,798.5958525,55215.38828,48,4.506430983,0.1361578718,3226.997409,8154.846977,33661.58319,0,1,5,3,0.07536643908,2,40,94,4.156670347,0.5718747632,0,50,0
50,87609.15367,15,12,630.069571,22613.46183,60,14.56516094,0.08417729995,2395.962359,0,3418.546584,3,6,5,3,0.6654206821,2,84,29,3.78990404,0.8824875542,0,3,0
55,52005.49139,13,6,761.7539138,24386.08635,36,16.38459108,0.8887174546,2120.479563,11355.6864,26219.35685,3,21,4,3,0.04546750798,4,66,90,2.258326455,0.1646582567,0,83,0
42,81498.79043,11,30,660.9605054,25933.32094,60,7.277467977,0.3451048615,2779.261585,20967.54834,24126.68556,3,23,4,3,0.4331948264,1,84,75,8.300377783,0.5729671193,1,87,0
37,58340.50228,19,33,613.8462444,24048.66838,60,6.337470379,0.299466561,3214.373788,16578.91334,0,2,11,3,3,0.7829642192,1,29,48,1.873932822,0.07648950441,2,2,0
50,55193.33396,11,18,624.2268787,30850.20025,24,16.31888363,0.1319903802,2147.122231,23460.61194,16278.32007,5,28,4,2,0.6555384561,3,70,80,10.91370001,0.9721856433,1,28,0
23,85696.20267,14,33,689.8371779,34542.10934,48,10.56209589,0.2041940955,3960.211827,17180.82026,9516.509235,4,28,1,1,0.8492164788,5,55,68,8.700298261,0.9474617361,1,6,0
22,74470.17369,11,25,714.9171302,38576.66369,48,4.671045307,0.3717985988,4296.821577,25155.08204,25966.56363,1,23,3,2,0.8506705628,1,74,88,7.740562835,0.3630499569,0,28,0
59,67817.4432,18,15,641.1666705,1000,60,15.99132762,0.8736413781,863.942283,12888.16016,7880.672719,1,16,1,3,0.5124540158,2,63,33,3.599125545,0.4624421096,1,74,0
40,72428.84895,13,36,743.0864574,28144.84715,36,9.22372114,0.3425157602,2272.922379,35264.27285,31131.68849,3,6,5,1,0.5794106362,1,33,12,9.934749105,0.1449070117,0,98,0
32,62095.63544,18,21,703.6359021,30071.71711,48,9.798084568,0.3850026173,2363.018879,14628.38422,12455.94499,0,7,1,2,0.3337497663,3,47,91,3.596501013,0.2454585498,0,44,0
59,44366.45576,14,9,695.2772442,17752.48061,60,9.701269834,0.5029235327,3100.728359,12606.1631,23480.20305,0,22,5,2,0.2188915111,1,48,9,2.507783146,0.6038668157,2,6,0
24,47162.85631,15,25,698.7300993,1000,48,12.83717024,0.06982831451,4380.610382,1208.271203,29929.69225,5,10,4,2,0.5786374294,1,94,16,9.714589488,0.2834513233,1,77,0
61,80466.95392,13,15,742.4908598,15168.83649,24,13.62437625,0.5350494998,1790.704957,12977.93845,0,5,3,4,3,0.04675638417,5,44,86,0.7400403817,0.9173890048,0,82,0
28,57592.40252,11,10,706.346174,36265.00496,48,11.19978782,0.06894984064,2225.272441,26504.28326,8645.315697,1,9,3,3,0.249427872,2,96,40,6.339818255,0.5400126189,0,85,0
35,51976.36932,19,33,741.5606817,39972.98616,24,15.96957951,0.4222404142,1944.608289,24566.66841,26826.87438,2,2,1,3,0.645831275,3,19,86,4.807992683,0.4541252571,1,37,0
39,59737.4236,10,6,747.6801435,25000.98849,24,16.56447011,0.7926004112,3241.147565,24637.14092,31091.0137,4,6,4,3,0.1720475862,5,79,12,6.000561329,0.5055316297,0,11,0
61,75871.58044,13,11,729.8606738,32974.11156,24,5.874601874,0.1739092815,2024.0918,0,18058.68172,5,24,3,1,0.4362770511,5,2,19,5.100956571,0.9957036898,1,13,0
55,77788.75398,19,6,654.0366964,27992.19545,60,6.177916657,0.8857974574,2997.334436,21456.39519,31278.68489,2,6,4,3,0.4852434914,2,71,79,3.991092477,0.4807251632,0,31,0
20,60122.50124,13,36,574.8489972,14026.58199,36,13.97558585,0.6234621535,2285.7659,14687.22612,1889.412753,4,0,3,1,0.354927734,2,96,94,0.9722888926,0.6949038932,1,12,0
34,61478.63313,11,15,761.9172673,46395.33268,48,6.147633117,0.3565616225,3342.908788,0,5493.347942,2,29,5,3,0.9994456673,4,18,14,1.045118684,0.6707024201,0,52,0
52,39067.45694,19,4,555.5310667,35194.43815,12,16.38139444,0.5397300143,3060.541891,28885.57735,41166.18848,4,11,3,1,0.7902397227,3,88,23,5.011068982,0.5516803688,1,11,0
38,58056.40488,11,13,684.5402767,23679.82757,36,13.96556771,0.3441007829,4715.338141,8875.990912,31036.51076,2,6,5,3,0.07217798249,2,78,67,4.173596255,0.8122136391,0,68,0
52,74230.14838,19,27,646.8352043,11327.06918,60,11.89900524,0.5134002354,2925.179995,14382.68309,22803.09378,0,20,1,2,0.3597520429,2,38,88,2.073125391,0.5133108646,2,70,0
20,53430.24138,13,30,648.922697,26261.73968,36,14.42383626,0.3628618431,4226.614004,29941.33574,42212.0143,3,29,1,2,0.4935318823,1,54,11,9.537903924,0.2245360533,1,25,0
43,44801.83368,11,36,672.2325682,18244.65169,36,5.705723933,0.8615829754,3002.245783,35644.57736,19494.81357,5,15,4,1,0.7994501916,1,16,76,8.38595205,0.1695330077,0,4,0
60,64613.92794,16,5,677.8466513,35507.96295,48,10.86180961,0.6359059948,4255.394068,40631.95923,36643.5843,1,23,3,3,0.5082788791,2,92,50,8.172850301,0.6521076364,0,75,0
45,36972.82972,11,16,630.8219325,23232.127,12,4.405138172,0.807235846,2488.269241,473.8240921,22789.88853,1,10,2,2,0.2051151861,5,15,5,6.699920851,0.1110945163,1,74,0
47,62645.30606,18,36,588.4922761,15245.01939,48,11.10286544,0.7965562426,2547.254837,8385.254168,33573.81526,2,8,1,3,0.5269923575,4,80,33,7.057844433,0.9993796659,0,20,0
25,55253.87794,16,35,637.9409772,38302.95579,24,11.5821552,0.446771937,2516.110373,16764.99126,0,5,1,2,1,0.3056940083,2,90,83,6.481751413,0.1212490996,0,90,0
41,57884.11845,16,8,669.0761403,8113.052953,48,17.62110982,0.8501274836,3606.42166,0,12562.06973,2,27,4,3,0.8233598364,1,19,21,8.774622227,0.6299691055,1,64,0
41,49139.623,17,19,657.9417926,25625.83007,24,15.67422258,0.1658546074,1683.653191,14623.7371,16605.97797,3,13,4,1,0.9126327594,5,7,17,3.395022558,0.136399514,0,75,0
58,72904.5053,14,0,733.0539805,38243.77877,24,9.71500157,0.648086867,2762.479405,10958.44855,19669.43437,4,18,5,3,0.842880335,5,60,88,6.392250855,0.1162946419,1,42,0
41,54263.04879,14,15,698.1665602,29853.39125,60,14.64606725,0.2359982868,2755.514228,13573.13243,25848.03647,1,3,5,2,0.9596367139,5,77,74,9.509083778,0.4838198938,0,77,0
34,63736.23159,17,37,769.502527,40144.96131,12,11.28937414,0.8131496982,2504.462934,17380.62191,13088.7109,5,11,4,1,0.06992489887,1,50,72,3.53495784,0.5855013467,0,72,0
50,73968.78996,8,7,692.5166434,29907.82872,60,11.32268464,0.7070785782,2675.626083,22633.67971,17459.84073,0,18,4,1,0.4191275246,1,17,43,7.030173179,0.1161363301,0,43,0
44,76707.4711,18,20,670.3522935,32453.72776,12,6.790590226,0.2258938216,1659.344918,18771.38925,473.1826241,0,18,1,1,0.04487852898,4,73,62,9.862238638,0.3050981312,2,26,0
57,65249.91224,17,19,751.3189946,26355.86884,36,7.422107283,0.4127270023,3977.678157,8077.337619,0,0,21,1,2,0.9445086217,5,25,39,11.72792353,0.9345557742,0,99,0
24,71367.72924,15,19,607.8171305,48307.92998,24,6.328829961,0.6586700569,2657.96232,26560.79773,35371.43862,1,3,2,3,0.6208101053,1,47,51,9.059094448,0.3172654516,2,66,0
24,81710.83403,18,27,627.8178317,8751.021277,60,9.436205166,0.4742065014,3533.930606,20761.64085,8059.79827,4,2,1,2,0.8224032451,4,45,3,1.234101758,0.4978268044,1,88,0
23,34435.86661,16,36,798.3050957,28931.94947,12,15.60928692,0.5788192783,2289.960763,3548.261575,39602.83595,2,7,3,1,0.008820526462,4,61,2,5.050754929,0.4189831052,1,94,0
32,74583.74933,16,13,631.4425483,11320.74553,24,14.37772978,0.8111063742,2328.448539,18966.36164,4652.597474,4,26,2,3,0.5087212822,2,83,6,7.660954938,0.3819121855,0,85,0
29,50851.66064,10,39,747.2396018,46569.25419,12,16.53661868,0.1000130272,1843.576284,5058.05938,58381.04387,1,17,3,1,0.324699904,3,62,10,8.153060589,0.4891379583,2,38,0
37,71620.28482,16,26,615.139161,34535.24335,12,4.332796782,0.1176496689,1484.403116,21468.26862,7586.391288,4,8,5,2,0.9877863488,3,43,65,11.48553897,0.7395312699,0,1,0
24,39458.71535,18,21,747.6445775,23326.59078,60,3.904572595,0.4708608381,3133.199588,11045.63942,21320.93772,3,22,2,2,0.3738607678,5,33,23,1.045524723,0.2120035274,0,30,0
54,35964.35469,19,2,710.1790556,27024.75671,24,4.119596351,0.7951597078,1458.683891,21076.81483,22267.36172,2,10,3,2,0.06433078522,4,18,73,2.954042854,0.4310734236,0,74,0
34,43377.98032,14,15,676.5131648,12828.05321,48,10.20406419,0.5010450596,2563.312231,31678.73675,46026.04259,2,6,1,1,0.9571467245,3,87,53,4.188339101,0.4535944653,3,8,0
53,64954.9708,12,32,666.9051846,35423.35544,36,12.88840738,0.7679291339,2502.785785,0,9256.671142,4,8,4,3,0.7518810051,5,78,5,8.87827272,0.4314343456,0,96,0
46,78540.60058,16,37,664.8590421,26129.3889,60,6.818137683,0.1525130448,4378.03785,0,21097.644,3,29,2,1,0.9361852358,3,15,36,5.394630517,0.8707502955,1,53,0
48,48059.41499,14,5,731.8841741,18571.38436,12,16.55901428,0.3423955565,3961.745321,27607.52664,10616.0814,4,20,1,2,0.05885641342,1,63,54,0.813880039,0.8725197991,0,7,0
30,61419.36882,9,36,682.0023736,22091.65331,12,7.490666367,0.1026529547,2314.348296,3223.801082,17226.58531,3,23,2,3,0.1890969206,2,69,68,4.287567671,0.9223765729,2,52,0
32,92696.72617,12,20,697.9593312,28861.5878,24,8.143533916,0.6325246087,3502.061364,19542.25442,0,2,28,4,1,0.1993306551,3,6,30,4.931770335,0.4918846066,1,47,0
23,43118.2625,12,3,583.7611713,47569.53201,48,10.83176824,0.7534849469,2196.593875,18384.92644,22977.99444,1,7,2,1,0.4696524282,4,37,30,10.45514253,0.1001057431,0,87,0
53,65690.43146,13,35,772.3879761,31436.70167,36,6.834153297,0.301482618,2190.016802,10343.45636,32858.16453,2,7,4,2,0.6663335032,3,48,69,3.276921437,0.2174007039,0,49,0
39,87354.1427,13,34,634.794019,21672.52056,24,11.26693788,0.29621644,3119.518425,9664.542519,21560.50409,2,17,5,1,0.6538084564,3,81,97,6.438380657,0.9088934547,0,97,0
19,55820.88246,17,31,737.4336198,28070.94082,36,5.447175206,0.6025856016,2835.817448,0,22826.58715,5,25,1,2,0.5613804667,2,69,46,5.66684331,0.8738878438,0,59,0
38,51311.76519,11,24,649.0137159,6637.800133,24,13.34623134,0.5729805549,472.3620761,22283.57334,58882.53177,2,17,3,3,0.4040389939,5,99,25,3.600085688,0.6451484062,0,8,0
39,49347.88427,9,27,667.0036458,31493.36707,12,12.20341793,0.6689090122,2959.343147,0,7037.960351,3,13,3,3,0.9072312811,5,23,44,2.363501162,0.5602126209,0,58,0
50,78397.97722,15,14,599.0376053,28741.22584,24,17.7975995,0.8371291466,1659.681274,21028.2318,0,2,27,5,1,0.3658662813,2,43,71,3.32952337,0.7446973301,3,31,0
23,101488.9733,14,11,658.6611502,7537.961058,48,17.68472338,0.6326267272,2037.061603,5314.472044,0,0,21,1,1,0.1655210633,3,94,32,6.4301415,0.3043791765,0,64,0
49,75111.98879,14,35,593.9030483,14904.70513,48,11.20843913,0.558828025,1725.562088,8923.195683,11477.51434,0,9,1,3,0.7969775901,1,63,95,4.708920589,0.7718299665,0,79,0
18,49632.30122,19,30,693.4432886,23576.11035,48,11.32184827,0.8895768925,1339.800282,1407.863569,24560.6974,4,7,1,1,0.6195086425,2,16,14,5.098168427,0.8995480325,0,97,0
56,66682.63418,14,1,695.5376167,29617.5149,48,5.508643796,0.2201979807,1999.7284,9278.017191,33291.49067,3,8,3,3,0.5642117174,1,80,20,7.062264774,0.2107997534,0,91,0
51,40032.10542,9,32,745.5087869,31290.71275,12,3.783850114,0.6765718088,2312.207767,15897.83317,31702.905,0,20,3,1,0.8552019752,1,53,84,10.95165278,0.3212477165,3,37,0
49,51803.865,10,20,638.2962361,8090.706317,24,3.613518734,0.5688538963,862.3646426,30443.19424,24692.49352,1,5,2,3,0.1415295383,2,37,89,9.809648012,0.2061250304,0,64,0
18,70294.31555,13,26,603.3103402,24894.2056,12,11.89240546,0.1049962608,2885.033831,3622.624245,33683.69549,4,4,1,3,0.6427365286,4,89,92,0.6356051279,0.7036497107,1,49,0
33,67539.76028,17,11,731.4229116,19639.79294,60,17.16600702,0.6292406143,3392.590597,3401.603345,19203.17134,5,4,2,2,0.2825968831,1,93,69,7.531792447,0.4051566042,0,59,0
38,54868.12821,15,26,666.8045257,10530.01335,24,6.878867501,0.4773019405,3611.719549,31714.95566,37243.62295,4,8,5,2,0.9943787323,5,73,62,8.081914677,0.8382122341,0,28,0
59,59632.02832,10,19,761.874479,25479.10812,24,15.57146947,0.08421145849,2338.481773,15060.48576,1113.628666,5,8,2,2,0.3709274114,2,32,53,1.275480429,0.4729352897,0,70,0
49,71778.40632,11,24,615.9874334,20195.04212,36,5.554163482,0.08696020562,2708.566994,26642.06195,25672.54417,4,10,3,3,0.04896022409,3,7,48,8.988372833,0.07622188288,0,74,0
52,62036.6934,18,34,598.6828584,20668.38351,48,10.97368308,0.5101065398,2469.63789,23703.26284,0,0,8,5,3,0.1143373843,4,70,78,8.389269855,0.1443051976,1,84,0
38,39469.49017,17,37,696.8651312,9877.101351,36,6.195426039,0.1308047267,1213.954881,8894.465585,15644.52789,4,17,4,3,0.1573251398,5,74,46,4.317380051,0.9645491015,0,30,0
49,64611.54741,17,29,684.6116352,14450.86946,12,14.70412746,0.8559425635,2370.596531,6836.242441,0,1,5,3,1,0.1230560553,5,76,10,4.102687631,0.1774539581,0,26,0
32,43142.36355,15,15,635.374779,31537.76886,48,9.181882197,0.6924823676,2891.313114,11810.28677,27394.30649,5,6,4,2,0.4182363502,4,7,12,9.014066304,0.4402075943,1,100,0
37,67573.22459,19,11,717.9113348,41779.06579,24,4.481026286,0.8263979045,1698.444212,13618.5618,48471.93429,4,10,5,2,0.8617034738,1,46,32,6.657470348,0.9752837328,0,6,0
60,76965.72898,10,8,749.6529023,21450.20871,48,3.335057418,0.1504682499,2096.719656,0,19530.87333,4,9,5,1,0.1443495506,4,64,28,7.855189025,0.5161913633,0,33,0
47,62080.68381,9,10,749.7419278,2460.198014,24,10.36671017,0.4497719234,1984.487033,28016.72173,38331.37354,5,12,1,3,0.7170017494,4,65,81,4.197082781,0.05146642713,0,86,0
60,76576.34931,8,33,753.3307934,21068.68705,36,12.70909545,0.5619635504,2661.431743,3890.133173,29194.18584,5,13,5,1,0.6885317426,3,29,82,11.86801114,0.5154970166,1,19,0
19,99137.09444,17,5,738.5443845,18472.29831,48,12.19563041,0.63051929,2644.408846,5897.290111,9824.271848,5,22,2,3,0.5720006917,1,89,77,7.802757304,0.6173757077,1,92,0
51,64019.6556,19,23,743.8070782,16632.63404,48,4.718109998,0.1068657607,3936.051376,0,22031.10829,2,26,2,1,0.4616186445,1,92,24,3.541949433,0.5478277133,1,87,0
24,82927.54173,12,31,608.0261791,19249.26734,12,13.0943632,0.6674947076,948.5068523,18436.60266,34654.93631,4,5,2,3,0.621907178,4,37,15,11.28307938,0.3130128305,0,81,0
59,64465.17838,18,25,668.7176141,32589.93729,36,9.55228149,0.6022429424,2036.223052,20780.20365,20897.05458,3,15,1,1,0.039486632,3,33,30,10.87606601,0.9049818214,0,4,0
62,53687.18286,18,39,741.402036,19035.40624,60,4.499427969,0.1502767651,2487.766494,693.631554,44129.44523,3,19,2,1,0.5248205452,1,56,83,7.392150534,0.7101187732,0,67,0
56,66192.15477,15,22,629.8013064,22652.69222,48,6.434950551,0.1283547931,1120.792348,13866.87969,42907.55238,2,11,1,2,0.3398757519,5,70,38,9.990026787,0.6640844079,2,90,0
27,40956.35245,13,16,769.5317945,28347.56719,48,11.41436558,0.6840787767,1316.614702,83.47371517,21002.11529,3,26,2,3,0.4513336941,3,97,86,9.184542946,0.4523065723,0,29,0
39,66182.24893,19,39,759.2993136,26287.38383,48,17.90623262,0.3605433631,3244.917449,17737.33253,30384.47064,1,29,1,2,0.1608974445,4,48,75,9.639339798,0.03205311819,1,91,0
28,55884.71152,9,15,620.6598754,30330.94326,48,16.81044375,0.2902551823,1310.912874,3337.307864,0,5,22,5,1,0.1223155961,5,62,72,3.679627063,0.8789208248,0,73,0
60,50921.11347,18,32,746.7518644,25202.46056,24,10.25901392,0.2465960816,2425.382189,10246.02936,37835.41478,5,5,5,1,0.9761763913,1,14,81,7.526723789,0.7078627632,0,78,0
24,59262.42852,13,37,749.9887309,13366.54502,12,13.74268964,0.2442641285,2617.526587,18146.15138,17135.42028,0,7,3,3,0.08010152246,2,44,79,11.43827734,0.5851617834,0,36,0
28,88981.28568,17,12,792.5718384,29275.15259,24,12.6623369,0.7617962916,3711.503036,13344.31365,2300.297436,0,11,1,1,0.03394404285,2,21,10,11.29944816,0.2267702108,0,91,0
41,65297.58353,8,27,693.5115356,30966.13509,36,9.348954624,0.383483301,3780.150569,22306.68897,24191.6939,0,10,4,2,0.2620343095,1,15,66,0.6157059528,0.869934273,0,82,0
51,44890.01517,16,18,712.4164454,23088.5379,48,10.64305339,0.3792896838,3502.0693,11303.11619,34708.21588,1,15,1,3,0.240568548,1,88,32,7.378574683,0.3038717588,0,53,0
60,67329.04053,13,28,669.5520217,28206.99156,12,4.5803155,0.6791790088,2547.851133,16239.37093,35658.27873,3,23,3,1,0.8954768476,3,58,82,2.990378551,0.5722264566,1,30,0
22,32513.74942,13,16,688.6211527,14614.05608,60,14.72863018,0.3275705979,1338.879086,15174.8851,24073.76247,3,14,4,1,0.1408990175,2,64,94,7.486611197,0.3488359958,2,4,0
24,68279.94007,11,28,735.5623386,32392.28182,48,8.733727216,0.7789698239,1932.636788,5601.242035,36860.36272,0,26,5,1,0.156677601,2,96,13,1.085262331,0.02656454649,1,89,0
53,53402.06201,11,33,733.4753093,30343.27572,12,15.48736266,0.8647622824,1159.094258,0,16921.43481,2,1,2,2,0.736519846,3,28,53,2.504082663,0.01163402195,0,70,0
22,63628.41561,17,28,719.3226677,10487.78588,48,13.10154283,0.3143008587,2750.089175,23292.19526,24175.68955,4,19,1,1,0.41928298,2,40,39,11.64243595,0.3013995962,0,51,0
55,54695.19326,16,25,704.479901,12130.14173,48,15.87912426,0.1608553871,2189.665919,32663.59296,29837.51133,1,26,3,2,0.1540399415,1,32,9,6.272239694,0.06769113497,0,5,0
31,59673.61566,17,37,685.7416,27777.91076,48,14.72044576,0.5183627405,2036.11759,11114.5386,16579.81823,4,16,5,3,0.4247066272,5,55,35,4.091996791,0.1845812175,0,33,0
29,49793.45507,18,13,689.3548922,41524.25123,60,3.551171851,0.5708065126,3028.670321,19873.56849,25073.18223,0,21,2,1,0.07658378292,2,51,98,10.55302328,0.7626868542,1,66,0
62,58564.88707,9,33,671.3399225,20060.90516,60,7.176002983,0.5516873091,2022.736322,14496.0064,28265.00401,3,29,3,2,0.6025127447,3,67,67,9.18878972,0.4786334177,0,10,0
36,43371.10511,14,9,744.5638976,32050.6643,60,7.018525366,0.1801652114,2788.445791,19725.3373,23969.74243,0,18,4,3,0.2217865897,2,17,64,7.826193878,0.8755051035,2,37,0
44,83572.83514,9,24,786.4642301,29235.76133,36,10.93880622,0.4462837843,2913.825943,23622.36229,21172.39486,3,16,5,2,0.9367331172,2,51,22,1.912127252,0.0410880577,1,15,0
51,62992.10811,13,24,635.2282312,3882.508094,12,6.001966553,0.06118500773,3131.022579,0,10160.30824,2,12,4,2,0.7281417083,5,39,86,11.77091059,0.4153593386,1,39,0
56,70125.13925,11,4,712.0573058,9082.660017,36,7.809545821,0.07419021716,2590.932873,17826.31993,2088.801046,1,5,5,2,0.2021102009,1,69,77,3.311158276,0.655465627,0,73,0
39,73769.28688,15,1,717.4211988,41807.06085,36,7.041529122,0.1668587842,2770.003804,19062.36181,23148.52408,5,10,2,3,0.6971630202,5,16,30,5.298594187,0.6285283887,0,40,0
36,67235.79695,8,3,635.9860547,7715.19715,48,4.196569433,0.287145563,3228.523127,22667.30225,21244.59878,5,27,3,3,0.8701780178,1,99,27,4.402515336,0.407728223,0,60,0
35,55082.64138,13,13,610.850146,60423.59105,12,9.989055775,0.5936412051,1051.431859,28629.24411,8992.602172,0,21,1,1,0.1311980527,2,49,92,3.636859621,0.9751001445,1,86,0
37,60499.15804,9,35,746.0041697,40718.93071,12,7.588289845,0.2660247252,2428.245075,11384.41848,35991.18866,5,26,4,1,0.4438612433,2,7,15,9.963720288,0.8478935231,0,66,0
64,58423.91054,19,19,777.1408998,15513.1375,36,15.65379314,0.8338121427,2350.063304,12366.36046,0,2,23,2,2,0.2723492229,2,84,47,10.77588836,0.6352547016,0,81,0
18,68995.46396,13,25,719.3285169,14863.77455,60,8.196667794,0.8117639042,2622.699689,11450.90005,9939.63752,5,5,1,3,0.1150601618,4,83,16,1.059006504,0.3326495368,1,35,0
19,59848.84462,19,30,594.0990629,19003.94175,48,17.17658982,0.5508804869,1733.184026,21437.17931,37947.50929,3,28,4,1,0.4407559646,1,79,91,3.388025929,0.3845542568,0,9,0
53,89897.58704,14,0,782.3376864,14428.74209,36,12.0717211,0.6013281429,4248.392136,4046.405686,17989.48081,0,13,2,1,0.3724509075,1,42,55,5.37226659,0.9749385808,1,76,0
46,63665.92729,14,39,743.5768365,26226.42867,36,11.87105282,0.8031487887,1432.715671,30450.32195,15712.42054,3,17,3,1,0.6551701348,4,79,53,2.888696846,0.5226430404,0,15,0
31,79587.38055,8,29,649.8209343,33131.74568,24,7.363406679,0.6357746586,2513.329921,74.04388026,8925.500669,1,28,5,3,0.4370416551,2,61,95,10.62067949,0.5083829312,0,68,0
54,65742.19619,13,35,740.314541,20838.28703,60,9.985895605,0.6226204826,4157.976658,9838.464019,11810.58046,5,17,5,1,0.6411198527,4,54,94,3.696076976,0.08788551322,0,57,0
27,66925.81214,8,8,751.4596679,44006.43844,60,11.85434311,0.6849486668,1923.766789,10542.32804,20211.19672,3,17,2,2,0.1496330573,4,36,58,11.11426552,0.6581281435,0,80,0
51,63879.46805,11,31,639.0867859,19269.40773,24,14.08616025,0.2028283581,1870.351343,24067.4847,17721.65227,0,0,5,3,0.4010892934,3,24,80,9.866024222,0.6549964041,0,40,0
43,36347.51516,10,29,570.5004457,23184.42246,12,14.14086194,0.6287585774,2961.358127,12853.12653,0,5,27,4,2,0.7975247832,5,53,9,8.65001567,0.7910312121,1,6,0
43,41537.5016,8,33,724.2789971,1000,36,5.800560748,0.1967459166,2798.958478,17526.82974,11665.43579,1,20,4,1,0.5010372849,4,51,88,11.02284966,0.5642836299,1,78,0
48,84900.84544,12,15,685.7867636,18741.54099,48,13.62653555,0.1568305904,3390.056251,26704.21386,16028.61573,0,20,1,1,0.6376992063,2,85,82,3.675683711,0.1948716222,0,86,0
50,65199.35372,12,22,654.3329306,33317.61657,48,4.050236548,0.3197739448,1596.745426,12966.19679,14863.22841,0,24,5,2,0.3654494723,4,22,65,9.553402056,0.03803732595,1,23,0
37,15000,16,7,604.3911386,28758.72073,48,17.58503794,0.6792459766,3327.065771,30382.29334,14213.59371,4,6,1,1,0.7103232805,2,52,71,9.173947518,0.9065070725,0,59,0
42,70355.33415,11,18,686.0681649,6081.662043,36,5.421779557,0.7640213509,1209.126504,3504.338705,22111.14911,3,2,5,3,0.5980372131,5,46,37,10.86490879,0.5028708426,1,95,0
45,82371.17819,15,9,668.9635473,33457.36378,48,3.739942426,0.09868797621,3441.461903,30985.52046,28653.72775,1,12,5,2,0.4289337933,4,75,57,11.18731198,0.6251405395,1,97,0
45,84386.46804,10,11,661.151794,14194.50458,48,13.48757084,0.6072622909,3171.668231,5739.871675,14515.74698,5,18,5,3,0.2427344254,3,14,25,8.251017389,0.548519871,1,82,0
64,51148.14636,10,32,701.0217392,11524.35487,24,7.064665226,0.5608072396,2412.508007,6212.729776,8254.673756,4,0,5,1,0.7931611297,3,9,60,11.91810339,0.537563076,0,7,0
62,55717.32892,12,14,672.0320578,28540.22395,48,10.22689425,0.5064882348,1802.381791,8401.236149,16077.74349,0,14,4,1,0.3143664697,5,17,77,10.93573783,0.3675872033,1,93,0
27,59501.916,18,30,602.2637774,26383.42085,48,17.75321037,0.2340062964,3168.18972,26786.73989,1651.740223,2,1,2,1,0.07404487689,2,58,84,2.560386958,0.9128172207,1,65,0
39,75178.29968,19,26,661.1244217,9503.030184,48,7.852206531,0.7057893669,2992.525175,23042.6458,0,1,15,5,1,0.3254757181,1,17,5,9.186190099,0.5823382938,0,55,0
60,83098.14878,16,6,719.290647,38894.56745,36,7.799731591,0.850999547,2536.451225,2472.636807,17698.55225,3,4,2,2,0.5447011413,1,80,82,3.952095235,0.1951626204,0,4,0
48,60624.51049,12,5,777.0278024,25100.09989,24,17.29270665,0.1110703296,2756.460291,19504.24295,40081.85173,3,17,2,1,0.587427976,5,77,77,3.617124304,0.1948588862,0,61,0
56,38534.74948,11,39,782.5385681,36805.14818,36,12.03161394,0.68801924,1148.13555,22926.22903,29756.99857,5,22,5,2,0.3539566008,1,87,85,9.296712879,0.6363879006,0,79,0
53,82872.74727,14,15,625.7431129,1000,48,8.377497345,0.6976794775,3297.742474,9049.428352,5884.452767,3,16,4,1,0.5090160072,1,86,83,5.796375563,0.1607920344,1,18,0
64,51162.07294,12,37,639.3406241,26293.13664,60,6.540565249,0.5003188851,746.8529013,14153.46147,4612.423668,3,26,3,2,0.3394047761,1,46,78,11.00606228,0.2588444374,1,99,0
35,41743.50295,13,1,662.0884776,35230.0093,60,4.914147698,0.6243841411,3780.582193,1892.797193,0,5,13,2,3,0.3647498491,5,44,98,3.63441167,0.248894515,0,24,0
23,67604.9023,14,6,693.0260689,1000,12,10.39019793,0.5931308074,1002.661509,7997.46987,4621.465109,1,10,1,1,0.2424792256,4,11,88,9.700779892,0.8507562904,0,3,0
57,66659.96741,16,10,547.4687569,42575.19548,36,11.76283128,0.7399040537,1657.399968,3335.209465,7208.617249,2,19,2,1,0.1853211998,1,68,26,9.269072198,0.2501073872,0,89,0
45,42186.94026,15,17,674.8537245,1827.837192,36,6.182735599,0.7337327435,1140.86055,22006.46165,35020.9352,1,9,4,2,0.6677577375,4,70,33,9.575283937,0.2272488678,0,78,0
51,94852.66584,13,10,740.2893049,20475.28634,48,4.943075628,0.7267648753,2463.332646,25288.2922,37338.48524,3,28,4,2,0.4949177773,2,72,43,8.319021564,0.9361386486,0,28,0
50,98082.32411,17,14,686.1053171,24037.04087,60,12.50689051,0.4024354565,2654.94913,28826.06005,21718.18467,2,13,2,3,0.2712771068,4,53,97,5.321568841,0.3725784063,0,16,0
26,56229.84841,10,11,606.0711848,50972.0598,24,13.99377319,0.479688206,2142.79391,8782.725919,0,2,0,2,1,0.2543291489,3,19,98,8.229301606,0.2901221467,1,12,0
37,65076.00712,14,27,597.6198391,26230.90978,24,17.31659033,0.2798507692,1537.0041,9113.73043,16874.24562,4,11,3,2,0.885445643,4,69,10,8.940957598,0.3086752088,0,13,0
46,75084.50944,18,33,619.510679,34256.98159,24,5.937398441,0.2942697685,1732.609075,10727.98042,0,2,9,4,1,0.2715261335,3,86,19,11.46749584,0.3874373997,0,92,0
56,91398.0111,19,18,712.7182357,32422.23856,36,4.289259774,0.8994211456,3479.753408,12882.0502,47713.12251,4,18,1,2,0.7409197666,5,36,44,3.787265729,0.06937433399,0,57,0
55,55073.59115,18,31,713.7426723,27108.15431,12,5.870502744,0.1368372978,2030.272173,17215.60985,44363.55424,2,9,1,1,0.9460257694,2,30,76,9.231976357,0.8936887422,0,53,0
47,37136.93965,15,17,606.1681326,14045.67853,24,11.53886751,0.1163547462,3495.390024,23351.6021,10840.54129,1,21,4,3,0.4951801217,3,31,100,6.37700462,0.2150238372,0,65,0
29,50647.32214,17,24,622.9235867,30157.50483,24,12.14918343,0.4761117417,3297.364657,18908.28568,4109.895346,0,17,3,2,0.08067104526,1,98,76,3.819167189,0.4759947859,0,22,0
29,52333.79926,19,27,653.1323425,35796.04974,60,12.11782725,0.5085510923,1842.555454,9159.221815,24361.52542,1,1,4,1,0.165259305,1,99,59,3.981788019,0.9566418844,0,57,0
51,64105.51049,15,38,684.0556845,8190.270935,48,12.12120206,0.2016771454,1505.681089,29541.57287,26451.56739,1,29,5,3,0.1413777881,2,53,52,7.820163358,0.7536842749,0,83,0
25,53788.11464,16,9,610.2263636,23815.04058,60,5.809514396,0.7695573065,2644.478907,40202.13384,24310.51039,0,15,5,3,0.5779930545,2,79,23,11.43352979,0.9968747455,1,53,0
25,69074.86223,15,30,644.8399032,9457.291075,24,8.358864974,0.2455479625,2087.60653,21560.42405,6672.393297,2,12,5,1,0.2280778912,2,59,7,5.763625583,0.6799148155,0,8,0
49,66142.13104,16,19,818.920666,22629.33649,36,5.403285438,0.1342553916,1424.279288,8133.27423,39029.67789,1,27,2,1,0.9299367897,3,9,41,1.138441167,0.8065255717,0,70,0
46,43954.33791,13,32,765.3863442,9133.924129,60,8.798827174,0.8960800737,1543.136315,30702.34403,0,2,14,2,3,0.4384495349,4,43,16,1.298345167,0.08443130827,0,88,0
39,47829.65686,15,7,760.2261599,37602.54641,48,11.73141356,0.7341914359,2380.552373,14607.50008,5495.8572,0,2,2,3,0.5030073274,4,17,36,3.144870169,0.5437151008,1,98,0
43,51003.21693,17,29,648.373311,23771.65545,12,17.82599317,0.7721339455,1099.811944,0,21833.34471,4,10,4,3,0.9546341321,1,71,27,4.504553999,0.2438582691,1,19,0
52,55237.90057,14,29,607.1483648,9668.991884,48,15.82452003,0.611483652,1672.053811,8376.86227,28409.26551,5,3,2,3,0.8884563506,5,16,7,11.69965512,0.8141513928,1,61,0
49,43945.73401,11,18,713.5353462,22623.4757,36,5.780231313,0.2072545945,2838.790946,15089.90332,7302.667025,5,24,1,2,0.4353758144,1,59,29,5.074223032,0.2103540372,1,97,0
42,52510.91654,8,18,655.4795811,39156.99378,12,8.118551399,0.8649148611,2703.829901,14943.70445,19113.62463,5,2,2,2,0.878572544,4,89,80,11.62621329,0.6585019487,0,18,0
36,46329.01142,15,15,629.430377,30378.64411,60,14.56079996,0.8321096219,2085.639468,16762.72174,35259.4478,2,11,1,1,0.06507087642,2,8,100,11.70868777,0.9749794491,0,33,0
40,70517.99734,17,17,614.2457801,36697.65236,36,17.38334363,0.4246237362,3281.9628,12436.78785,21166.80051,3,8,5,3,0.7154669951,2,90,45,5.916775883,0.2218695449,1,85,0
64,68184.28257,13,37,674.0485233,13436.33396,12,14.69602376,0.8947595208,2655.340155,16346.88802,24343.35549,5,26,3,1,0.7265804322,3,46,27,1.423260888,0.8940597481,1,33,0
34,86646.27416,19,28,682.4872903,29783.23818,60,5.55608754,0.8238386769,3214.583481,25497.95935,20504.80386,2,14,2,2,0.5475589115,5,55,74,2.410540001,0.268499439,0,44,0
25,58233.04037,13,6,624.5579083,1000,60,14.20429884,0.2846967444,2266.611119,15236.95325,13889.64936,1,25,5,1,0.1797272934,3,58,1,6.455403941,0.6705327012,0,73,0
37,75776.76142,19,17,717.3665796,7651.363264,12,9.191372219,0.5722424152,3464.169577,19765.35573,14715.82429,1,0,1,1,0.02648880732,2,58,69,7.356282839,0.2481681253,0,60,0
38,59940.58964,12,21,758.726422,9702.429944,12,4.709219031,0.7757184016,2130.534123,19756.70935,40460.7263,0,7,1,1,0.2948567492,2,92,50,6.119535134,0.5396325232,0,85,0
30,68216.26323,12,24,665.4153346,21503.48428,48,10.23832476,0.2507849444,2513.185519,12639.71706,14400.41583,4,6,1,1,0.8093391867,5,71,90,7.102822929,0.8411987682,0,2,0
57,66899.49413,18,28,640.160095,12126.947,24,11.61598788,0.6493341452,1558.437729,37818.40213,24726.77925,1,6,1,1,0.2159387456,1,10,85,6.341335743,0.9067335708,1,50,0
31,53135.5883,17,8,726.0343405,28750.73635,36,16.28485007,0.08774826016,3223.900553,20013.30739,13772.05218,3,19,4,1,0.3165488196,4,18,76,11.29938007,0.2241384175,0,80,0
54,78302.92988,12,36,631.9162289,24177.8543,24,3.413024464,0.2718547576,1157.608839,20461.63512,18672.75368,0,3,1,3,0.0582891956,5,30,63,2.829769277,0.4701550691,0,56,0
40,46989.79573,9,30,640.5600554,14087.75788,12,4.72928502,0.4732282291,2445.282851,33804.8652,42956.36284,3,17,3,1,0.5538087824,2,53,76,7.944973011,0.08734879103,0,79,0
47,53717.42353,19,36,631.2351304,23322.11741,12,15.85571083,0.8434174212,1282.320103,24940.04,0,3,5,3,1,0.1575471071,3,44,96,4.565680552,0.7457007194,0,5,0
38,32287.24028,19,12,701.8381488,24742.32983,12,9.844050152,0.2374193941,3107.810332,16892.84054,10535.21196,4,27,3,2,0.8309610737,1,36,92,11.16930245,0.1811289107,0,27,0
36,46118.04214,10,15,694.1602842,41034.84792,48,9.493587689,0.6949569999,2621.281834,20127.02778,35022.73825,0,26,4,3,0.2103048011,5,32,65,7.288772998,0.7592251812,2,21,0
64,91119.18379,15,4,678.1879445,10289.63215,60,5.131899567,0.8136627791,2447.424355,19364.7014,9097.536285,0,22,2,1,0.7800836649,3,96,50,1.870455698,0.4315411991,1,22,0
45,55886.65432,15,17,819.1720082,19717.88626,24,16.04064264,0.2870223164,2665.809236,20500.57461,4005.897095,4,11,3,2,0.7192602217,1,89,54,2.949678477,0.4145391796,1,70,0
59,85854.79878,17,13,640.612311,36621.33936,48,12.81748392,0.1998599075,2237.820904,11949.66507,32312.8133,5,20,1,2,0.2803693391,1,86,95,3.17538284,0.4876788478,1,61,0
53,40696.06348,11,34,629.2865795,33288.19199,48,5.939478518,0.5590174527,685.5710174,17519.61172,0,3,20,4,1,0.8302797545,5,57,50,3.952487426,0.4351374454,0,77,0
31,62586.73175,19,21,751.4731053,23545.92738,12,10.86332461,0.5779238252,4079.328056,27433.44989,15380.20185,3,17,1,1,0.8720669927,3,93,72,4.007488269,0.6413989446,1,82,0
47,69763.57637,14,27,671.5372483,17420.95426,60,15.46260556,0.3151163038,2997.900247,8111.079714,20681.18225,2,16,3,1,0.006605094983,5,87,64,7.258759608,0.8336280109,0,69,0
56,49184.76159,8,4,742.4653216,34881.20264,48,4.94719958,0.08382941576,949.6052909,21124.78669,28098.85163,5,17,5,3,0.6250137354,3,58,84,10.56280864,0.1694266357,0,7,0
39,49979.41277,8,4,769.0789891,35258.08499,48,11.88063631,0.7590927924,1563.497416,5430.557582,23314.17341,2,19,5,2,0.6059370737,3,67,62,11.80047213,0.9475061081,0,2,0
27,76017.42168,10,32,675.1636121,11427.79756,36,15.78405044,0.6351711063,2700.61887,7296.433521,24301.41655,1,0,2,1,0.2781488336,3,16,48,5.956685215,0.08879733727,0,100,0
28,41922.86783,9,7,712.4616686,39101.04053,48,11.2848108,0.8997637949,2047.999399,858.1916582,30200.55677,0,8,1,3,0.07541997539,4,15,40,8.214865492,0.07275878445,0,15,0
27,71004.40811,9,37,733.9718026,10345.41966,24,7.02829262,0.8357520744,2264.758149,27108.00789,25106.51627,0,16,5,3,0.0552744551,1,71,91,4.674539156,0.4254931812,2,40,0
61,58887.2525,12,26,664.0499903,55231.19931,36,9.636333357,0.6381326328,3035.596398,0,4792.877337,4,29,3,1,0.4526595944,5,18,71,1.041671896,0.2146977451,3,52,0
33,67753.63991,9,38,709.5946074,20487.45611,24,13.5623,0.4401449405,2881.7437,23639.57087,0,4,28,1,3,0.1211592146,4,61,74,4.400313973,0.2520929203,0,48,0
54,92430.2888,17,38,669.9459447,15089.69557,60,14.78342409,0.6581505027,3399.744503,13966.5728,14520.35004,5,20,2,2,0.3412964651,3,100,25,9.441822685,0.3789746269,0,87,0
47,40523.00063,13,39,684.5740927,22862.94023,48,12.95499239,0.3379171874,1882.117818,18076.52809,36954.06077,3,5,5,3,0.9076732688,5,25,22,6.645856458,0.753020344,1,69,0
63,67291.82575,10,38,662.159444,42703.12439,36,3.947831456,0.08415019229,2232.851408,5821.866549,3728.182816,1,8,1,3,0.06276241941,5,36,74,5.85252945,0.3611954953,1,5,0
44,60394.42549,15,25,605.7459074,31359.9954,12,17.35923165,0.7298325336,2687.443149,10914.06372,21952.17721,0,21,5,3,0.2419055373,3,45,17,9.684556168,0.2676968498,0,32,0
60,75851.39383,11,3,578.305115,39827.23723,48,15.64262878,0.4644707789,2602.126552,25878.81407,8931.538704,5,21,3,2,0.1548094304,5,38,68,8.408904026,0.6368410478,1,45,0
37,63050.68935,11,5,631.5548786,21222.18255,36,11.22083245,0.6928254901,2238.238952,11756.95622,8330.904859,2,23,5,1,0.6666354097,1,17,34,1.985668475,0.1853608892,1,6,0
24,51589.71908,10,29,639.0511777,20725.22288,48,8.799045153,0.3514034895,2764.018678,9172.668064,0,4,21,1,3,0.820238305,2,8,8,5.244991081,0.259666202,1,21,0
29,51907.43046,16,6,737.1542445,46261.64492,48,8.35317518,0.6207902471,2391.359411,3731.953865,26167.22162,3,6,2,1,0.907083156,1,21,16,10.23997489,0.5907590235,1,52,0
64,71115.58251,8,8,787.1306946,30579.73265,36,6.497178119,0.3738016772,3368.022127,12374.52922,48337.68474,3,16,1,2,0.0004879745834,3,33,100,6.797234212,0.9697920734,0,3,0
32,72550.51364,9,4,638.558365,16529.04233,36,10.02429589,0.6691301721,3254.682406,16938.47859,2080.774268,5,19,2,3,0.8715468613,4,74,96,4.260353083,0.4993156177,0,21,0
32,67881.09586,9,31,850,21701.86619,12,6.679749779,0.5906567832,3101.07036,4522.58803,30973.42266,1,15,5,2,0.6960054213,1,30,14,9.595306994,0.6877589765,0,78,0
42,70802.2347,12,5,694.6358075,17344.2801,60,14.53405949,0.1323747127,3789.348599,26105.15107,7396.076393,4,17,3,1,0.3590554802,1,82,53,3.759891731,0.5404598461,0,72,0
60,69239.74349,13,1,660.4190957,38290.62837,60,12.0307301,0.2523591585,1980.42106,25865.77922,16720.55557,5,17,3,2,0.4944399095,5,32,2,3.517446681,0.3734965955,0,57,0
54,36272.17574,15,33,594.8555823,35104.97621,60,11.01775669,0.07213738689,863.5268365,9481.707745,16570.04444,3,21,1,3,0.7251738809,1,41,67,5.728037955,0.1595109624,0,75,0
24,72495.32796,16,11,628.2056443,2924.840905,60,3.501232508,0.4390360901,3949.024479,11573.45731,9032.101727,4,0,4,2,0.9540805216,4,98,10,6.756614027,0.2837723983,1,41,0
54,61499.47718,17,37,705.2773494,18266.46986,36,12.2301683,0.3057396911,2583.194725,21481.39096,10309.74883,3,10,1,3,0.9440560584,1,58,70,5.75103622,0.9025406731,0,8,0
42,40557.6686,8,38,676.0695078,33285.92721,60,10.87596376,0.5565846881,3507.1769,83.4058984,0,4,25,2,2,0.05558265998,3,77,71,9.089384706,0.2861513646,0,76,0
61,117489.3667,8,29,616.6570072,16553.03298,36,10.04777384,0.7830160309,3854.817825,11901.66901,2981.250236,3,20,1,3,0.9524770895,1,61,37,11.35155839,0.7760264721,1,31,0
34,66182.90879,12,37,684.1443647,15996.10813,24,16.38534145,0.3841563915,3252.774771,23484.7132,16658.92606,2,26,2,3,0.6418436026,2,46,80,0.5699944875,0.1309883965,0,51,0
60,47181.38062,10,12,722.1180563,23680.67331,24,7.014554241,0.1865880725,2255.341308,16902.35974,3005.350062,5,20,1,2,0.5685311745,5,33,81,8.498529623,0.1748554433,1,9,0
28,79873.0167,13,12,670.1388534,34493.9931,48,10.20802563,0.5963687576,3781.312666,9601.568273,20152.67882,0,8,5,3,0.1138606668,3,22,25,4.969927768,0.6791522561,2,71,0
50,64209.05392,16,5,672.880459,9344.821244,60,4.280581452,0.2544743352,389.1578952,0,3562.884217,0,11,2,3,0.8398756737,3,54,4,8.109666206,0.2156483,1,57,0
33,82701.28211,15,31,571.6407222,18977.18162,24,15.12674713,0.1259575971,2713.593371,52.12836856,0,0,1,1,3,0.1953586294,1,91,85,9.4638472,0.8921719691,0,32,0
54,50292.8508,12,5,755.0559714,12080.71658,48,9.974192217,0.09398719874,2224.135488,0,29878.28785,1,4,4,1,0.9216264581,5,88,38,3.644988895,0.4803084145,1,15,0
24,52463.11956,17,18,679.7732504,28115.82174,24,11.04133089,0.3106628617,1974.810409,11937.20899,0,5,29,5,3,0.6795864549,2,66,7,4.992302982,0.2110197505,1,5,0
25,50069.25,14,30,679.5933899,16549.00248,60,7.545040853,0.1642695996,1851.584989,4910.364385,35048.91728,4,11,1,1,0.6695300389,3,97,28,11.89773044,0.2767312034,0,56,0
42,87745.97417,15,16,826.2972811,30199.74872,12,9.782869012,0.7279374181,2972.601742,13045.87895,28814.1089,2,5,5,1,0.9996766416,5,54,49,11.04656037,0.9758020241,0,95,0
42,59309.0592,19,31,623.7578878,25164.22768,24,3.025016194,0.3027966139,3232.169098,9212.570168,34432.07112,1,26,1,3,0.8496311669,3,37,49,1.783114162,0.9076001489,1,64,0
60,56549.00219,19,37,625.5512149,11401.26699,24,17.66312077,0.5530752917,2418.616921,0,19495.50558,5,26,4,2,0.5620801426,2,42,55,7.496814115,0.8707509691,0,60,0
58,43747.25782,11,29,596.1620927,21346.21092,12,11.95728804,0.539164993,2802.880706,25178.73774,20184.69904,0,25,1,2,0.9624512611,4,18,39,11.49622749,0.7984794915,1,55,0
18,52622.6185,11,17,715.5387057,31167.30682,60,9.68930721,0.5635725248,2706.038847,5514.699366,34003.62362,0,24,1,2,0.6463963644,4,18,91,3.132856708,0.120789586,0,27,0
63,55303.98928,16,27,733.0892134,43648.65903,36,12.24629402,0.1396932863,3137.78602,32724.8639,12282.4668,2,14,1,2,0.936181361,5,47,3,3.483512782,0.3351339842,0,38,0
61,59508.14136,18,24,690.8985059,31825.19536,60,14.41068927,0.7280097351,1879.509692,6593.454134,26915.24381,3,14,3,2,0.2033642983,2,35,37,2.369287492,0.133794647,0,51,0
64,58280.20727,11,21,757.101064,21065.4814,12,4.332058687,0.1032977446,3130.843329,10579.13291,13756.78386,0,23,2,2,0.6908736444,5,62,6,4.019810338,0.160015474,1,16,0
27,61526.80233,18,30,696.4524188,26714.40014,60,13.89600279,0.6908506269,4332.024521,22057.97811,27402.6904,2,26,3,3,0.1197944448,2,99,7,2.819783879,0.9200413874,1,2,0
53,63429.47997,12,15,731.5640022,13320.04635,36,17.31807586,0.6937266481,2638.744468,0,25524.67103,1,2,5,3,0.1836039345,3,59,55,11.98881392,0.2326576331,0,25,0
33,55580.66134,18,31,678.4142443,34281.12554,24,14.72281661,0.5858778076,3614.177549,12109.80309,38670.69577,4,26,4,2,0.6589196033,1,100,16,2.513306316,0.1858393624,1,45,0
48,58765.31831,12,6,743.6239612,33818.53379,60,3.437879998,0.3911978858,502.9735362,9074.638031,18806.97273,0,19,5,3,0.6918163881,1,14,52,10.14826703,0.04324112687,0,61,0
59,63781.52338,9,36,690.8096756,17356.31461,48,10.71623217,0.5376936479,3917.886261,5432.957707,42295.92485,5,27,2,3,0.08505185782,2,25,95,2.825656287,0.5243253382,2,74,0
41,30326.64858,16,13,654.2758851,20355.81705,60,14.1487025,0.5661017367,1701.943447,16445.86527,36497.64549,0,17,3,2,0.593676246,1,63,82,6.763616355,0.9355774413,0,55,0
63,75232.79866,13,35,513.0035038,9880.273585,24,8.636976237,0.2566844876,2857.121255,12972.08651,14034.20221,2,25,4,2,0.516440238,2,9,35,3.737103515,0.7950095554,0,53,0
34,50519.67475,15,32,664.1983661,40627.0884,24,14.30362683,0.5240783606,1409.803466,4957.098601,3200.830135,4,2,3,3,0.3064720715,1,10,48,1.470917573,0.07280475713,1,34,0
42,70977.36951,11,13,642.3264749,19989.1212,24,11.96784865,0.8607032223,1985.009447,18785.19992,38697.30341,3,10,5,2,0.5025115006,4,30,51,9.778933245,0.2371541678,0,42,0
46,73971.4532,8,38,714.2726947,27358.82218,60,9.118082356,0.1614946854,1893.430656,25085.72357,8619.353794,0,6,2,2,0.1938216471,4,5,14,3.139012996,0.7149447324,0,85,0
23,43123.02655,16,25,712.8255099,43491.35237,48,3.558554091,0.8791105726,3187.61607,28137.49366,9492.371981,0,24,2,2,0.6376094109,3,76,96,9.566248908,0.02612373895,0,18,0
27,44412.25272,17,28,689.7267115,47460.40909,48,4.89757967,0.6180050312,2011.993354,10795.4457,18434.105,1,20,1,3,0.1361974761,2,57,62,2.833264222,0.9923040194,0,95,0
41,53737.28753,17,12,717.9787733,9171.650826,12,17.72785778,0.1268743688,2558.142396,22299.31638,9463.647062,3,20,5,2,0.8933639622,1,23,72,3.725192642,0.4974525123,1,12,0
51,50909.09616,14,18,623.8180704,32688.4859,60,14.79648333,0.8667702699,2151.28166,10571.87351,52929.68361,3,14,2,2,0.9451124398,1,79,59,10.32285376,0.7718694297,0,96,0
25,65586.89357,15,21,670.823024,36433.63018,48,3.403571447,0.5376067656,1474.539169,20487.12903,29735.01421,1,18,3,3,0.6416684447,1,4,22,4.760330132,0.2207305682,3,12,0
31,55425.53878,10,30,701.58082,38555.99378,36,6.346410673,0.6542156556,3137.113986,14615.32257,11981.50247,0,24,3,3,0.5850044654,2,14,92,7.674667216,0.5292512372,0,4,0
55,64440.37815,18,8,689.0329633,13561.80143,48,12.03187314,0.5789962207,1647.32457,10577.77153,25457.37914,0,2,5,3,0.4718903793,2,98,28,11.19296828,0.3612171384,0,4,0
33,85998.48182,19,30,663.6782284,7049.550902,36,17.55280873,0.5543765611,1336.359007,20891.60285,37574.42826,3,8,2,3,0.8044779664,2,27,64,6.293325316,0.4140934625,0,89,0
40,51146.34778,12,19,549.7024339,21062.02197,12,8.319290576,0.782661818,2391.59467,26083.09261,16331.10784,5,18,5,3,0.3110898863,4,81,28,5.979505524,0.09934173648,0,80,0
51,61833.32532,11,4,605.5113911,60215.38082,60,10.55843875,0.1502261092,2180.751334,10570.24807,17013.35822,3,22,1,2,0.04856803591,2,32,11,8.922517144,0.8517105183,1,58,0
31,53682.0895,8,29,698.2122827,33290.61816,12,10.64793475,0.4809826624,2144.315946,4832.88946,26.50453319,0,0,3,1,0.215841798,4,24,59,8.071442679,0.9745713662,1,99,0
58,66250.29251,14,13,650.1701824,22872.12417,48,3.291230684,0.8790473797,2114.455251,9129.793369,4262.21517,0,13,2,1,0.5614321159,5,80,4,11.69694421,0.1244246059,1,70,0
35,84118.2465,10,0,688.8951265,37801.49944,36,5.255973157,0.5496065309,2248.442426,12909.42423,21826.46451,0,27,3,3,0.1584341443,5,85,64,11.62957393,0.5380985716,0,90,0
23,52407.79094,13,31,657.208323,34263.70899,60,9.383940151,0.8704190532,1596.857387,32772.86972,820.3221372,0,25,4,2,0.02173079872,1,74,72,4.142733663,0.4319472416,1,74,0
38,61990.23498,10,30,777.1183316,1000,48,7.947719306,0.1977590546,2051.59066,8049.292118,6782.165531,0,19,2,2,0.970740709,4,53,25,9.80271418,0.2541827749,0,52,0
42,95333.42019,13,38,677.2755952,38041.88755,36,15.31484112,0.3376393975,2411.202519,19839.37872,10450.07234,3,23,3,2,0.4442550574,2,28,12,10.6828035,0.7545573234,0,99,0
21,103421.9641,17,16,756.3107702,46577.64723,24,3.401083655,0.7227461094,3026.060655,15181.70727,25861.24467,2,16,3,1,0.5940522344,5,69,25,6.974424335,0.6520074291,0,29,0
34,50502.03656,11,29,660.1824742,52244.86116,48,17.4074639,0.1579136479,2292.433834,40328.97991,4844.192296,4,19,3,3,0.7425589669,1,100,49,11.88004091,0.7279922754,1,45,0
50,15000,18,0,579.5547106,26277.97625,36,17.33707019,0.6773368773,3229.111735,19838.90208,19400.94601,0,2,4,3,0.9227257136,2,90,77,10.44740731,0.2760834722,0,31,0
60,74233.22402,12,8,536.4318759,21732.91873,60,9.781174542,0.4150346822,2062.560437,17571.66821,30207.19089,2,20,3,3,0.7348755241,2,89,69,2.81079103,0.3872388304,0,57,0
25,53103.14239,10,30,717.6430575,25960.15406,36,16.98251746,0.6419153091,2732.00562,24179.93583,33400.84869,0,3,3,1,0.6008454833,1,36,10,7.266660206,0.1846427108,0,67,0
41,61447.31714,8,27,643.875151,27542.45028,48,12.57724779,0.637794226,3035.610018,16546.41208,16027.22273,0,12,1,2,0.08493716365,5,40,32,3.505571216,0.02279282579,1,63,0
41,31462.89344,9,31,717.7731515,38804.95532,36,9.428094871,0.3954178477,2764.338363,28520.27571,7251.943343,1,15,2,2,0.7108638542,3,53,44,9.591628868,0.4453923085,1,89,0
59,53408.32098,9,26,714.1876002,23626.2745,60,15.82151644,0.6848878909,3179.285456,17288.46109,18960.83334,5,23,5,2,0.6895405584,5,96,82,1.712298076,0.8667512848,0,41,0
30,69126.10011,13,27,628.4610601,30543.22604,48,17.09746563,0.4262660179,2745.599316,17922.50991,5578.48397,5,29,5,1,0.6110499321,4,75,82,9.041501482,0.8989321478,1,77,0
56,57196.95935,10,13,693.3954937,33745.97687,48,8.210142634,0.411732705,2752.410129,5009.970403,774.4736034,0,20,2,2,0.08686386552,4,94,2,0.910411587,0.9730647997,1,3,0
56,64198.00401,19,36,621.6255129,37045.12225,12,11.70888308,0.4367714416,2994.148954,1741.138854,34153.65784,2,4,3,2,0.352484828,5,9,59,3.523049449,0.6966508435,0,90,0
37,46580.11659,19,16,672.6774459,54335.461,36,8.132446008,0.378037843,3085.246962,11355.90633,21087.21046,4,2,3,3,0.4674591895,3,31,48,11.16518139,0.6055857419,2,23,0
21,89412.98824,13,33,755.9197375,21374.08022,48,15.51385942,0.117966909,3613.711242,21788.06715,21339.5241,0,22,3,3,0.1311556144,3,28,56,7.404211519,0.5725139226,0,37,0
35,66393.09023,8,18,695.5161266,12167.55817,60,3.727766688,0.7367827603,1601.848653,2465.121067,47097.00863,3,9,4,3,0.7180818709,5,23,95,4.95339298,0.6782183334,0,42,0
25,84513.97978,15,0,690.4386471,1000,36,10.49683791,0.2710301967,2122.234769,10351.91271,38606.21287,3,10,4,1,0.992983363,1,57,23,11.51835618,0.3351908755,2,11,0
63,42211.35389,17,30,600.1552852,11159.2398,12,16.82411502,0.5468953093,1742.532048,9533.785568,31264.46373,5,2,5,1,0.9621599446,2,70,30,5.57101122,0.2835302871,0,20,0
30,56020.61664,16,2,666.919972,7671.554082,24,4.780900147,0.4109489321,1445.727294,8213.601191,33277.6634,0,9,1,1,0.8552812832,5,66,71,8.521141108,0.6163239567,0,71,0
56,75707.77229,17,32,634.9020794,31221.70714,24,7.621351403,0.5298930835,1825.01431,0,32223.268,4,27,5,2,0.1166465121,1,53,66,1.113067579,0.9376690083,1,31,0
42,59812.24735,16,33,722.4450215,34069.50095,12,4.937792293,0.3856090405,1892.621761,25583.27407,33730.31053,5,24,5,1,0.9399416425,4,75,50,9.714255452,0.7202268698,1,3,0
54,49410.16068,15,14,765.2465661,36332.71559,36,9.224575427,0.1304432278,2225.041064,24316.95773,5150.297379,4,15,5,2,0.6544910373,5,62,65,9.478228666,0.01212363288,0,86,0
29,33764.61361,13,12,721.0724649,25408.92399,24,16.3746025,0.6952647583,3776.157754,20735.2067,24232.84245,3,25,4,3,0.1773670438,5,88,99,0.5438154797,0.4005212337,0,15,0
33,83671.06072,15,34,693.8997733,6172.724856,36,17.49832418,0.7773829023,3044.059137,27806.27527,13794.52641,1,11,3,1,0.297466658,1,42,66,7.999936449,0.5545109237,0,89,0
23,55609.59009,14,17,673.1482377,22355.97843,24,10.51388602,0.3556695386,4131.826269,8689.184248,11744.41596,2,15,4,2,0.9557526663,5,91,93,2.393232767,0.9724150133,0,51,0
32,61195.73356,9,0,610.5882028,35584.28526,36,7.957359716,0.1460380985,1658.698333,5550.864125,25033.56159,2,29,5,1,0.2519444837,5,93,94,3.965311456,0.265248475,0,71,0
64,48474.70887,17,26,686.6959682,19498.46612,60,14.22879153,0.1094585691,2772.731249,14680.24869,37793.74244,4,1,4,3,0.8449156031,2,57,96,10.86551404,0.3343391495,1,18,0
50,64504.80757,9,33,779.3881253,3929.218716,60,4.281678907,0.8236942882,3634.391763,14987.42871,15450.27565,4,28,5,2,0.6378964364,5,34,60,0.9091578864,0.5723287415,0,36,0
52,77362.32971,14,4,734.9520304,14763.49662,36,7.228780534,0.2648245411,2589.468459,25716.22658,29303.45395,5,19,2,3,0.7814047749,5,53,53,1.786866499,0.3442559765,0,25,0
42,65691.22974,14,21,799.2707503,41091.67677,12,9.87630729,0.7421471724,3313.326604,1320.537957,37738.44401,4,9,4,1,0.8799913934,5,92,77,1.190138738,0.02155693741,0,19,0
31,65111.523,9,28,619.944691,37204.25778,24,12.24391707,0.3788192982,1429.099234,13094.26563,6988.674821,0,17,3,3,0.2623233868,1,25,12,2.441605095,0.6983806906,1,51,0
34,67513.83001,9,19,707.7459152,14423.95131,36,14.92325223,0.7006354954,1282.568557,27488.57718,19989.6506,2,8,2,1,0.7547736905,4,29,54,4.476247114,0.4501548569,1,21,0
61,48992.85657,9,35,720.5393282,4966.503837,12,7.14479803,0.2588202015,945.0959251,17142.76561,25727.51224,1,29,4,2,0.5506523172,4,58,45,10.40510371,0.5496544785,1,65,0
53,58687.02662,13,14,594.8883455,27715.89611,24,3.779357287,0.4138539806,2389.402894,29078.84716,17363.79293,2,10,4,1,0.1667862271,2,54,45,8.152749071,0.9330060425,1,53,0
37,27938.69332,9,26,741.7447427,14144.56578,12,16.23706256,0.1138443418,2723.89031,10347.11664,28954.76733,5,27,1,1,0.3712217458,3,65,28,6.252831031,0.2731489422,0,28,0
64,59769.05973,13,38,818.2825189,53818.14206,12,3.377827379,0.180831358,2678.923277,15494.71194,13315.38193,4,17,1,2,0.3011041652,5,71,72,11.09304721,0.02771066859,1,67,0
20,78638.45265,19,2,713.7893517,19320.46125,36,7.849211003,0.8983287973,3706.996844,15833.8494,39879.24272,0,20,2,2,0.7730126436,4,64,49,11.06188359,0.4548052384,0,81,0
50,58842.31933,10,12,499.8759367,21568.14332,12,7.424768815,0.6828144644,2941.837703,6863.409127,25308.16936,0,0,2,3,0.5477020882,2,74,29,10.936095,0.4715377967,1,74,0
30,33964.518,11,17,641.1266976,34745.03549,36,9.813469047,0.3522269566,4306.002198,17257.61042,47242.5408,5,5,2,1,0.4617091683,3,100,87,9.982947084,0.9892628208,1,56,0
41,43216.67067,18,35,728.792737,42125.94291,36,8.978517092,0.766592487,2188.725355,16324.50291,40260.96041,3,17,1,3,0.4362159605,2,62,10,0.9170995292,0.9361015351,0,56,0
29,55132.56983,16,2,677.7276556,9099.22092,60,16.37470459,0.509637242,4162.850324,13485.12408,3938.087531,4,11,2,1,0.06650208144,4,58,70,11.61259633,0.2446951647,0,1,0
42,75112.8451,10,35,686.6767217,12195.30851,12,12.90674409,0.7235791525,3144.88334,12814.98092,26983.75558,0,14,3,3,0.3378495774,2,93,18,1.856902106,0.2994814484,0,80,0
54,47658.94986,16,26,713.1105498,38564.97981,60,11.02449393,0.3001064622,3238.483823,14413.66396,44428.7107,4,15,5,2,0.09468456949,5,2,33,8.911689158,0.1480637547,1,55,0
29,60456.66866,15,29,737.6348675,29470.41529,12,9.403948116,0.6995609585,1077.843727,19893.68616,23956.88736,3,7,5,2,0.7951002644,4,59,26,7.210313674,0.6744077437,1,86,0
22,56407.17722,9,0,676.0751739,32071.91898,48,13.80470069,0.8690100107,2956.64956,11960.30107,754.6185066,5,5,4,3,0.6679228821,4,72,99,7.528097247,0.7528701583,1,16,0
42,64160.0072,15,12,681.0818219,20914.07796,12,5.393211699,0.1683362223,2348.615181,12229.60265,48409.66862,4,0,1,2,0.7242667668,1,78,47,0.8444204901,0.9698112832,0,38,0
38,52613.19869,16,37,761.7167325,30949.88142,36,11.65605287,0.7703567523,2535.472171,23938.82198,13511.77536,4,6,3,1,0.5565484868,3,4,76,5.036114737,0.1784184387,0,26,0
57,61766.63702,9,18,614.6057839,18440.54245,36,11.99742706,0.874977923,3462.813545,18379.68927,9284.007757,2,6,5,1,0.02373670385,3,9,72,8.798813206,0.9547179751,0,72,0
54,70167.6918,18,29,737.6696461,15944.98296,48,12.08431251,0.8347031588,2406.228557,14519.6511,50423.6011,0,29,1,3,0.4369332767,1,59,24,8.519322264,0.2452536742,0,75,0
18,42533.43124,10,22,756.2347283,10990.97055,48,8.429336864,0.8111069141,2930.9941,15812.55546,26946.02963,5,6,3,1,0.6166275581,3,61,93,2.883504804,0.5219904932,1,95,0
37,77912.87779,13,36,714.5888796,33033.33383,36,10.10187308,0.3335556242,3615.139277,25804.16213,18564.134,0,21,4,2,0.3539774463,2,1,54,7.503803693,0.5388719437,0,30,0
64,44416.72575,13,36,633.6975687,24177.68976,60,4.900296405,0.6183042812,2263.028565,12147.48062,16100.77468,0,24,4,1,0.2002690671,5,88,100,8.159761726,0.002492652096,0,36,0
32,68538.12993,13,16,733.3218331,4063.318875,36,10.78803996,0.338369175,2119.274823,30337.91979,19361.75568,3,15,1,1,0.8111959952,4,3,85,3.698485143,0.3316510501,0,4,0
49,51267.22291,18,17,668.9608959,14058.53833,12,5.086822387,0.8609752776,3079.794079,9642.944359,12003.90985,3,27,1,2,0.3150637666,5,25,60,8.833647847,0.5470920125,0,20,0
61,43387.40196,10,23,624.0388593,10654.89793,24,7.474850216,0.641370978,1992.601755,15874.69917,14804.39116,0,1,4,2,0.5021810252,5,39,44,1.508014392,0.8483105913,0,18,0
48,80009.46533,14,29,613.9357994,5029.102226,24,4.201312427,0.775184453,4131.727637,21423.69733,15849.83744,4,19,3,1,0.5741773819,4,25,13,4.469774555,0.83585101,0,41,0
40,29348.47352,11,8,630.7993831,15574.03976,36,9.817482577,0.652276127,2575.727576,4904.786955,13096.80146,4,29,2,2,0.6016791707,4,8,88,10.33143328,0.8584230733,2,60,0
45,46697.68815,16,3,695.8064549,6889.405095,24,12.3258,0.3411314056,1068.397894,16533.06353,45157.07581,2,19,2,3,0.7113385796,1,3,27,9.202974627,0.2660298916,0,23,0
53,34923.63633,10,23,766.1912744,3944.175332,60,8.643442785,0.3187658146,2251.762106,12484.58581,46530.8751,1,16,2,3,0.8815451213,3,46,65,5.642730261,0.9554845961,0,8,0
54,64905.90824,15,29,674.6101159,21919.17517,12,6.104435697,0.4293807002,1228.614715,3164.986015,48404.16454,1,1,2,2,0.8430168978,3,26,56,4.23071467,0.8550675818,0,27,0
36,56867.19093,8,26,623.6838072,15394.39258,36,4.143780098,0.6782709761,2278.152817,13861.7692,15979.17775,2,2,5,1,0.8978362691,5,93,3,9.834321453,0.4159289157,1,95,0
40,31080.8495,19,18,681.5283332,20820.37622,48,12.65229224,0.2209401867,2435.491686,4104.792961,24970.52452,5,29,4,2,0.8234204447,4,63,84,0.8786755789,0.481509488,1,93,0
51,84134.83233,19,32,699.6774979,33389.51453,48,10.60498514,0.3951326633,2381.51235,20199.48937,33507.90035,0,27,3,3,0.05832634775,1,72,60,0.9462235186,0.2822415624,0,81,0
52,78817.53888,16,23,582.1706636,15136.53109,36,6.460767562,0.4533243576,3875.208715,13561.75877,4582.628447,0,13,5,1,0.4407532242,4,57,60,4.161747191,0.3546339429,0,1,0
54,48583.25377,8,32,623.6183317,17453.51754,60,16.04413598,0.4979108887,2927.382056,25109.26771,25243.59295,4,4,4,1,0.9313646006,5,53,68,8.831289768,0.5993914619,0,76,0
44,73269.53992,11,13,606.2867534,45377.30372,60,13.77621051,0.870945384,3146.186065,25382.3078,0,4,7,2,1,0.5014222463,1,9,58,8.924548522,0.2439725236,0,51,0
58,40849.26444,13,2,658.1535023,21523.51411,60,17.1427709,0.8058833733,2624.818516,5888.913713,50852.4201,2,16,1,2,0.5755142714,3,87,50,2.282933842,0.07479706687,0,67,0
55,59126.6922,12,8,818.3176759,21351.18362,36,11.34163191,0.3332173118,2216.614281,0,23664.38089,5,18,4,1,0.1608463883,1,79,76,0.6933448906,0.6604720858,0,37,0
33,56446.75366,9,1,723.5013411,29567.78823,12,9.559414958,0.1200118174,3165.292899,8302.760422,30340.64421,0,15,3,3,0.6537213496,4,39,75,3.007223051,0.1532391064,1,86,0
41,46440.86126,11,25,673.1370517,32809.73463,24,11.56139358,0.6468293021,1499.590219,8151.260141,21916.9679,2,8,2,1,0.4561771401,5,77,59,7.020303639,0.6099345528,0,61,0
21,70215.5481,16,30,710.3667362,13009.70043,12,14.76289354,0.2143447346,2192.274975,12679.06707,16406.68158,0,14,1,3,0.5630275133,2,23,67,11.73724639,0.7153232711,0,23,0
47,37313.7886,10,28,695.9451239,1000,12,16.04135066,0.6750128509,2419.515585,25262.17408,31799.27604,4,21,2,3,0.01171179785,5,36,54,7.450736976,0.6943182682,1,22,0
36,77883.37286,11,12,560.1180977,1000,36,6.891096996,0.1401153727,3059.119982,10258.10162,29237.63655,1,0,2,2,0.09310370174,2,52,6,4.970083733,0.4565109297,0,39,0
44,74286.72808,17,26,617.8445407,21827.14918,24,17.18648631,0.4870759348,1404.082025,0,40425.84657,5,9,1,2,0.1163642154,2,32,23,1.748929681,0.6957417605,0,52,0
36,91986.09784,10,17,659.1687791,31303.33071,24,4.194894717,0.8230296286,2529.37167,3271.902532,22651.1302,1,2,3,1,0.7939095571,3,71,50,3.59119849,0.9621385944,1,55,0
54,44399.36709,11,24,740.6308588,31465.33744,24,8.427902619,0.8118149067,2313.070258,17780.24824,29605.64335,0,29,5,2,0.7963062437,1,20,96,10.20068747,0.05397084071,1,42,0
62,33897.74457,18,1,695.5595578,33018.29846,60,6.941424423,0.1010643875,3122.888751,0,37200.51274,2,9,3,1,0.7591996602,1,12,58,3.859934981,0.4284651913,0,49,0
21,60537.15285,18,35,601.4108589,9937.526788,24,12.01619849,0.05552717495,3106.935808,15908.67427,35653.33731,0,28,1,3,0.3682233526,2,16,7,0.6185527041,0.5508244091,0,57,0
63,44160.36913,12,27,604.9425493,14675.54844,24,3.742524135,0.3475491118,2754.786536,24178.02124,33672.19418,3,0,3,1,0.6677313471,4,86,42,11.42834807,0.6861036217,3,1,0
64,40826.31364,10,1,604.4200381,18196.92926,24,9.223734162,0.8007521037,2043.761816,11236.34256,15963.33804,4,9,3,1,0.9332351549,2,90,43,0.5078147465,0.7718474556,0,14,0
40,75868.9545,18,37,653.6932171,34743.54915,60,8.325890362,0.3738353277,2554.823425,11834.1764,21696.81386,0,27,2,3,0.4732499629,2,47,97,10.08352138,0.00916523113,1,37,0
39,53832.69002,8,0,605.4732894,41369.12185,60,17.86393759,0.6479740597,2474.109776,20686.29279,15409.87363,4,28,3,1,0.7821200456,3,75,33,10.555526,0.8043526838,0,16,0
22,64965.60968,8,13,722.2376549,31660.67787,48,14.59119326,0.838485326,4415.494734,9784.240106,9734.875584,3,22,3,3,0.09844774913,3,18,79,1.952801569,0.7216874255,0,2,0
39,67116.25269,11,37,537.8485715,30895.70913,36,7.235255673,0.8582808141,2213.873739,13128.10275,45344.16376,4,23,4,1,0.592601807,1,79,87,11.99532809,0.8508101341,0,72,0
29,59154.02383,12,9,810.2753506,25234.17057,24,14.31919256,0.8227249283,1965.628142,10874.61163,39303.04791,5,24,5,2,0.672800831,2,20,58,3.821904114,0.7055903339,0,46,0
53,68282.14164,12,30,691.3283299,25224.04169,24,6.904393293,0.4188026286,2607.076316,8337.403837,36395.18922,4,11,2,2,0.3067810246,4,86,5,5.451444324,0.06839881321,0,54,0
48,27315.54372,12,6,726.2867071,30649.09435,12,16.38973868,0.4279271793,2350.254402,20408.18337,16834.48961,0,24,1,2,0.1078752966,5,19,83,4.846900911,0.2024549018,0,81,0
23,82295.08825,15,36,629.8043033,27214.85776,60,10.20054885,0.6590880537,1854.184162,27041.83233,21843.97204,2,24,4,2,0.9482793214,3,49,91,9.061037614,0.2170505192,0,66,0
22,65207.48228,19,32,680.045152,39760.64326,60,14.00053285,0.713792173,2604.277788,27676.67534,6172.587439,1,20,1,2,0.03016760848,2,30,38,10.66982826,0.8054089876,0,47,0
18,35726.76905,18,19,667.5182918,46981.49507,48,15.00090155,0.3254502066,1356.023927,11730.51419,9988.477608,1,5,1,2,0.8428294459,2,39,16,9.780128307,0.03114120597,0,78,0
27,63533.30153,9,20,586.4697834,14247.23035,48,7.809420404,0.8541694123,2778.104147,22048.29757,0,1,20,5,2,0.7823201859,5,35,86,4.300250871,0.5790859122,0,88,0
53,84813.07125,18,1,608.6115961,22842.5629,48,14.22461072,0.5452676563,1535.104986,17052.73736,30635.75822,0,16,4,1,0.08403507132,2,61,49,11.81950873,0.41407311,0,10,0
57,59339.23332,16,26,580.7121812,28548.04587,24,13.03119286,0.850336443,2697.392337,20098.55584,11488.23483,0,9,2,2,0.4396014342,3,81,10,3.099126501,0.3792024675,2,58,0
62,48160.0003,8,26,678.6702824,35463.00496,24,9.819345026,0.5109548275,2741.420708,14979.09533,20721.12532,4,28,5,1,0.9095696959,2,99,44,2.566218894,0.2893968234,0,81,0
61,61418.81078,16,8,596.9016166,21955.8245,24,3.119448029,0.2090467755,2226.311418,11956.76496,34350.49839,0,29,2,3,0.1848321356,4,59,16,0.7944273914,0.9545437268,1,52,0
49,43865.07181,10,32,850,35614.50875,36,8.187123803,0.7656018782,2669.332367,11089.52621,44862.79735,5,9,4,1,0.314831386,4,41,48,8.800124368,0.7663392165,0,81,0
60,89735.4426,19,14,598.2002503,29525.41814,60,10.12668237,0.880467263,1457.866627,24186.79851,32132.242,0,27,4,1,0.7988566131,5,17,61,3.049547882,0.6921121434,2,20,0
55,60280.00577,9,20,676.2733613,12555.57935,48,11.94431601,0.2880381509,2240.028147,8837.753473,0,1,19,5,2,0.3412625062,5,80,30,5.553098329,0.4359649024,0,19,0
34,63446.86694,10,19,722.8803113,32537.06865,48,13.4624978,0.3679215338,3058.643926,16875.13857,36689.63929,3,7,4,3,0.4670847381,2,2,49,0.6059840678,0.4300306892,0,55,0
29,84164.00594,10,29,663.1343938,19833.69641,48,15.31478447,0.322891854,3536.022347,23449.50042,43901.94854,1,6,5,3,0.09941297869,5,96,16,10.27965576,0.3483528434,1,45,0
39,76560.74047,19,9,727.0534887,11483.08602,24,16.46197031,0.8661434539,2650.128098,16532.41273,17976.64438,0,16,5,3,0.7954652025,2,93,9,1.588469744,0.7506676804,0,89,0
34,77527.56805,13,18,657.606777,35845.41351,24,6.714390913,0.7890023686,1560.481158,30528.72184,3524.24659,4,27,1,2,0.1201656955,4,34,4,11.12807483,0.7041436894,2,92,0
21,54254.82293,19,8,706.3076053,13777.55216,24,4.087039039,0.4456131177,2338.290522,9143.227611,17857.99722,2,7,2,1,0.08354411151,2,12,64,4.891756506,0.595640101,0,34,0
42,63452.41431,11,24,714.9256013,35191.97103,24,15.79609318,0.3827737669,2373.494762,12796.82989,9524.844521,2,18,3,1,0.6966852119,2,76,64,4.561271389,0.02497378355,0,77,0
61,80261.16674,13,26,723.8102769,6474.681644,24,4.0706674,0.09201918498,2032.496652,21032.99116,8665.940593,5,23,1,1,0.3729503225,5,42,51,4.391690661,0.4736778965,1,100,0
58,60595.07127,12,38,685.3058117,52056.79318,60,14.27139968,0.2288409146,3071.855196,23854.95006,20500.3487,3,20,3,3,0.8828500595,2,69,93,4.890928037,0.5660605303,0,36,0
50,82793.27547,8,18,666.1879381,1159.250268,36,17.84204601,0.879496269,1525.212476,0,22379.72822,5,22,4,3,0.3459963876,3,44,99,1.349836256,0.2846632492,0,2,0
37,81123.17655,14,16,680.8561209,24136.95727,24,5.471167355,0.4607597466,2477.433103,28789.76677,18747.14879,4,12,2,1,0.1004815664,5,23,74,1.277110474,0.4708005548,1,12,0
48,71720.74692,11,20,650.298926,24559.2029,48,13.47634814,0.2951076534,3025.090669,9030.315748,17789.69089,0,10,3,1,0.8713774101,1,62,19,8.289570937,0.1828767425,2,79,0
20,69289.37996,10,8,718.9004475,39940.46138,12,12.60981019,0.4495140766,2863.62902,17120.60339,37090.22386,5,20,2,1,0.5341189267,2,36,36,0.5187360415,0.2328178793,1,46,0
20,40512.06154,16,35,720.0959788,20512.72499,12,7.485350658,0.6473921182,1000.731315,16992.80952,27883.47476,3,7,1,2,0.1275768702,4,13,39,1.028205434,0.1042932658,0,4,0
30,57610.6662,16,25,747.1470243,23909.13853,60,4.916115147,0.2725941845,3240.017982,19634.98758,0,4,2,3,2,0.7698299271,2,97,20,10.75430217,0.9666214532,0,11,0
51,65652.80294,13,10,707.2744602,24795.79721,12,15.69788021,0.4308646546,3425.104127,27007.0923,22384.66017,1,23,1,1,0.4634772468,3,41,51,9.462804019,0.5565136379,2,47,0
25,63497.47455,19,37,673.3446198,39267.1655,12,13.22679268,0.5566975925,3090.693543,9339.460543,35351.0183,4,13,3,1,0.5738123053,4,57,69,7.918751024,0.9857100535,0,3,0
44,50704.22841,11,28,680.6664214,9503.896871,24,10.69100649,0.5084806848,1402.141928,21449.81592,35762.33832,5,21,1,3,0.4166252102,5,84,32,10.29676083,0.7688557552,1,70,0
42,60229.50081,19,15,690.5386783,15618.04288,48,12.76092436,0.2005247728,2730.482677,18373.75404,14607.84143,3,21,3,3,0.563025679,5,29,14,6.564426201,0.4316276064,0,95,0
28,81056.20839,11,18,636.6692105,32544.97536,36,6.70778168,0.3794118774,2552.152019,14157.57763,14596.76217,1,16,5,3,0.0372495109,1,83,60,9.139204493,0.7943001823,0,17,0
56,49882.47443,9,30,723.4239474,25846.06985,60,4.404109626,0.3786428785,3253.650532,12719.72103,6348.238785,5,16,1,1,0.5968157644,1,62,57,11.2183098,0.06620502487,0,37,0
21,49430.20209,13,19,732.0458838,27563.37479,24,17.86085291,0.681710081,2674.241295,4869.19751,4860.550517,2,8,2,2,0.5003193007,5,5,35,6.107342162,0.9182743666,0,90,0
27,57937.29881,9,20,644.5672844,21869.90547,24,8.142493722,0.745393382,2033.048436,16926.75814,19451.30549,1,12,4,1,0.4393741534,2,83,36,2.002994002,0.1984825628,1,73,0
54,71457.03978,10,10,729.3226681,22010.59975,12,17.84640794,0.7549823269,3144.216423,9086.004742,17274.49129,3,9,3,3,0.2132836036,2,93,8,4.190828809,0.9823849943,0,7,0
54,86591.84049,18,11,706.4680136,28558.90631,60,9.843130718,0.1470210682,2572.881186,14468.78594,0,2,27,3,3,0.1824592268,3,46,41,10.05027271,0.6061637267,1,97,0
42,73336.80235,12,36,612.0689689,43003.57568,60,9.516350849,0.5895304008,2487.953976,37741.69512,8785.168484,1,7,4,1,0.9808881822,3,86,56,6.238455639,0.1770719685,0,73,0
26,97794.06405,18,32,690.4578059,30164.95054,60,12.07344923,0.5102995673,3130.946226,13507.20099,27280.69346,2,11,4,2,0.5879515374,3,22,83,4.662679119,0.8324639724,0,19,0
47,63109.9184,13,3,633.8970971,16158.96417,36,11.0750449,0.5639604976,1333.564858,29053.20014,25984.35868,3,18,2,1,0.4428033289,1,55,29,11.61568546,0.9784517663,0,29,0
36,59581.85654,11,39,677.9036419,27347.13734,48,7.352381183,0.620961067,3468.527812,12925.63473,0,1,20,4,2,0.2710720235,1,66,99,1.761426734,0.09323348401,3,6,0
24,44975.22108,13,16,813.4066044,20736.21659,12,10.01384606,0.7050556656,3530.565906,29997.0052,15011.93107,2,20,5,3,0.2260372727,2,97,56,5.721659107,0.3495208813,1,86,0
53,42754.15333,10,10,662.3611965,38967.37552,60,7.496166083,0.3205270659,1335.499366,0,0,4,21,2,3,0.2546282308,3,65,89,2.289482655,0.63611305,2,25,0
59,65315.60577,13,12,701.2427268,1915.028627,12,4.943474497,0.6728604711,3189.991948,3694.569033,30364.35687,4,21,5,2,0.331360088,5,11,20,5.888047815,0.4403140902,0,28,0
58,44803.88461,10,9,710.6575451,14317.00136,48,8.01040776,0.3168608482,1209.827421,19548.34358,35693.98088,0,6,2,1,0.3067993268,4,46,74,9.856241664,0.4055023514,0,70,0
32,70426.77637,16,33,721.0378616,29469.71835,36,14.88899064,0.2215180335,2729.932339,22326.98924,7111.537315,4,19,2,3,0.7962355267,5,11,52,11.86321961,0.3790242292,0,62,0
45,42467.95311,16,16,622.6870557,31262.76688,36,17.5730276,0.4701314801,2069.903451,12394.25152,16687.01135,0,24,5,3,0.100792212,3,63,48,3.316265889,0.4297071932,2,63,0
41,61384.00111,8,23,732.3499496,27082.3024,36,13.56769774,0.2412103512,583.031491,5601.777419,18918.18525,0,29,5,1,0.2314381198,3,49,1,3.606329616,0.578668716,1,71,0
25,59614.1221,16,13,653.9451614,20651.7122,12,16.96409336,0.3126938396,3383.435997,21946.59927,19501.93286,3,8,1,3,0.5546100016,5,55,34,2.721089231,0.04468417461,1,52,0
63,43090.8362,18,37,799.9352316,41281.08682,60,6.127857075,0.7564008184,1705.366472,620.5345159,14396.64652,2,4,5,1,0.4791926277,2,71,90,9.148127276,0.9688640325,1,46,0
50,45864.94518,16,33,634.1205189,28710.97257,24,13.57196858,0.4355227106,2694.664534,16029.25405,0,2,18,1,2,0.5721716505,2,60,73,0.8843879658,0.2981887645,0,58,0
20,36528.68841,17,19,649.905665,26241.05577,36,8.456651033,0.7644163388,3174.806361,26677.79016,47922.82796,3,2,4,2,0.6894277365,5,52,3,5.112797779,0.1618812963,1,11,0
27,81949.83043,14,37,657.0539589,21114.01052,12,12.23281988,0.4135367829,2713.731749,15226.16295,32114.33871,2,22,2,3,0.5097583918,3,90,68,10.74226697,0.3556212818,2,67,0
45,50917.36534,8,19,635.8119229,35248.66196,60,3.880769627,0.5555313149,2555.108702,24519.63284,20886.06248,4,18,5,2,0.3830037783,4,48,57,7.396767067,0.4509161337,2,72,0
32,34533.52692,14,19,547.7324144,27678.67422,36,5.088271127,0.5504941997,1562.989988,11901.40759,38362.02545,5,23,3,1,0.8064507897,4,21,26,6.590233452,0.4689453371,0,28,0
52,75011.67652,10,29,691.2257371,7078.63864,48,4.100708306,0.2313964957,2472.420718,23767.3359,0,4,20,2,2,0.973883867,1,38,29,5.849512339,0.8118697395,0,34,0
34,43834.25137,12,18,773.3578148,41838.62909,60,3.166839248,0.7940460352,2220.227343,24226.76969,25968.66495,5,20,5,3,0.2794830046,1,98,60,3.697321515,0.3756426067,0,93,0
57,61481.32123,19,29,750.0560536,14211.66971,48,9.605708441,0.161984518,596.4493594,0,30373.7518,1,9,4,2,0.2708563416,4,46,63,8.969514075,0.213958605,2,81,0
47,71436.66431,10,31,689.7541345,11362.23785,24,9.646851513,0.7960755635,2594.220218,24656.52945,24504.57437,4,8,4,1,0.1151106956,5,32,36,5.539345781,0.5287703178,0,37,0
51,83646.64704,19,34,639.02601,11002.43039,24,3.487108437,0.8740615989,2000.499456,21032.26192,17572.68151,0,18,1,2,0.1485200406,3,38,18,10.75773958,0.9064715568,0,76,0
40,84506.06937,13,21,658.8911852,40313.00659,12,17.40631536,0.5373942447,2837.960656,0,0,0,24,5,3,0.6895686332,5,76,7,4.921483224,0.8956221063,0,10,0
29,58484.06069,17,30,566.0503366,36401.87787,48,16.74526784,0.06258221634,2668.355835,19444.64101,24375.83849,3,15,5,2,0.6163596168,2,42,28,2.977654556,0.3168323433,0,95,0
41,71029.85608,15,2,713.7493599,30814.69206,12,4.798060744,0.1610750635,3817.146521,23088.54156,34311.30994,3,3,1,2,0.1473861661,2,76,26,8.623665306,0.3445263409,0,89,0
57,82129.79059,9,29,662.0623755,51469.82527,60,5.129096695,0.2703370866,3546.03537,6848.347392,16037.79896,3,11,1,1,0.7202350246,3,93,79,10.40256556,0.9657280763,0,4,0
31,33390.1391,17,36,619.2876459,42762.13854,12,10.43624258,0.100718446,2384.056558,10546.99139,29553.81824,4,7,3,2,0.7857685149,3,46,10,6.624104874,0.2778989275,0,79,0
23,74319.16375,16,23,661.6341179,27907.39476,12,4.122989649,0.5441799952,1985.629311,7191.976992,43356.2839,1,9,4,2,0.4224887672,3,18,95,4.281944587,0.1901997663,0,15,0
30,83882.89505,19,6,680.5487838,31660.99172,24,7.810448708,0.6661592412,2917.554988,21374.75706,28323.56525,1,27,1,2,0.1199880387,4,90,46,10.49910443,0.2022734196,0,63,0
37,64837.18938,14,29,739.3549495,15068.82646,48,13.66616455,0.604805032,2275.252264,0,37361.64965,1,9,2,1,0.8667749868,2,89,49,8.811873284,0.6803136592,1,17,0
19,52902.58087,8,9,607.7408804,46771.34317,12,11.10101787,0.8525636376,2304.765726,13576.62727,22630.67762,3,23,1,1,0.4183380366,3,76,23,11.32347586,0.9070936391,0,76,0
31,48738.62884,19,25,599.3912853,26921.70235,12,13.37813474,0.4168007833,3233.648475,20620.39661,24506.6452,3,19,1,1,0.007973725496,5,12,88,3.238725427,0.2825078627,0,31,0
43,85018.94278,10,37,847.937824,41798.53483,60,16.19145903,0.4768453092,3283.304148,18143.25116,24451.62216,1,10,4,2,0.6028529738,3,58,2,11.17565878,0.8210170209,1,95,0
55,51398.79023,11,2,721.4344378,18365.31443,24,10.6041358,0.8526520812,997.5247717,18637.90531,15180.11068,1,8,1,3,0.05808777183,2,94,51,6.719531532,0.3375286527,0,83,0
38,62764.52595,19,27,760.441307,38569.43052,12,8.65358834,0.5813014968,3501.611593,28962.43973,2179.810613,3,22,1,1,0.9558146413,4,99,97,3.830124734,0.3076565184,0,68,0
39,82057.0413,11,29,675.1417175,9152.131006,48,7.82942624,0.8612871075,2413.856704,21073.10243,626.52804,0,16,3,2,0.2356647906,2,3,47,6.413831591,0.7528090065,0,86,0
62,44111.3337,14,17,749.4485275,31694.9794,60,8.07577181,0.4498010239,3397.765712,27425.80548,26696.56291,4,17,3,1,0.5197626313,3,3,23,11.65741508,0.4482584732,0,37,0
41,61290.38394,19,15,758.4043489,36099.33136,48,7.178479129,0.7336570152,2000.826446,18953.65012,23021.47121,1,24,4,2,0.5107772399,4,28,100,6.665283747,0.7154259073,0,27,0
61,74036.98589,8,19,719.7417832,13066.39984,60,12.40268691,0.3282266563,2217.167135,4884.607365,34772.4779,3,18,1,2,0.2453419496,1,87,23,9.156497845,0.9287350471,0,94,0
55,55717.066,13,18,687.4975193,8112.020302,36,12.39727158,0.5349205671,1528.793222,14173.02693,22190.47626,0,1,5,3,0.2283171847,1,71,64,4.304967508,0.1978511032,0,95,0
48,62514.57337,8,18,646.1690161,11233.86568,24,11.84914614,0.438606929,2852.163681,0,0,2,26,4,2,0.5376888125,3,26,80,3.055875266,0.005457929966,1,40,0
21,55675.36998,11,8,671.733975,23592.30973,48,7.394608001,0.3732022262,1792.18323,19856.53488,34418.43247,2,23,5,2,0.9329006525,1,82,97,1.982436983,0.7311210563,0,91,0
23,69141.35702,11,16,662.3192786,31656.71517,24,9.378939428,0.2402938846,2294.494568,7462.641876,36805.4482,4,25,5,2,0.01213895661,4,36,34,3.317378492,0.549848063,0,53,0
49,90220.88506,9,15,636.0996093,48833.79508,24,11.37750948,0.5661210732,3753.688784,15006.91823,0,3,1,3,3,0.2467256814,5,40,92,11.73002342,0.1100622663,0,79,0
19,43703.3931,15,26,688.3670579,15990.54081,24,9.748710721,0.2549368826,1511.975147,40754.08508,23130.56862,2,28,5,2,0.5631560573,4,63,10,9.836224692,0.3837128572,0,92,0
63,56514.29349,12,3,662.458013,27310.68603,60,4.861400201,0.4780503017,2099.970967,3217.995182,20232.26639,2,17,5,3,0.04388545496,4,32,24,8.481076849,0.1521346278,0,54,0
40,63159.25099,12,0,694.7173703,27920.54645,60,8.026595791,0.8695689833,1950.680165,14960.10607,14964.41239,1,14,2,1,0.6009912305,4,87,43,5.202070653,0.3185901167,1,79,0
41,58782.88273,18,9,677.2287835,14593.6004,12,7.457053868,0.6006792346,1644.061023,1721.522513,26634.68966,3,23,2,1,0.2780187864,1,41,45,4.289727248,0.693298474,0,71,0
48,64689.67595,14,12,817.309156,12990.01037,48,8.980118298,0.07648906016,1097.097137,24269.80885,2104.905554,3,29,2,2,0.7267110257,4,84,44,5.264198898,0.780828397,0,74,0
38,86357.85426,8,5,616.0424703,29128.22451,48,5.485145874,0.7865284303,3160.283479,12859.95211,52568.09152,3,20,5,1,0.03389815711,4,87,78,3.386988375,0.585031726,0,77,0
19,50762.78744,13,16,685.9187139,29537.4552,60,8.120653636,0.8168786754,3258.307652,18332.43095,40904.4578,5,16,2,1,0.1146951769,1,44,43,0.668658917,0.3095614022,0,80,0
28,70562.39901,17,15,661.9437578,17063.85786,24,17.53000803,0.8820250193,2591.99753,8228.646924,18112.43145,5,3,4,2,0.4834285232,1,33,16,2.13069662,0.4413180236,0,76,0
57,74454.87302,15,28,700.3353531,11844.30194,36,14.43415344,0.2063996314,1924.970376,32988.82064,15096.60723,2,11,2,1,0.5920805091,3,64,47,5.360469775,0.8368301025,2,97,0
30,69937.38318,14,31,720.6799933,1000,12,17.11658127,0.7297936941,2494.040674,24898.18375,48533.17166,0,7,5,2,0.6120016567,2,81,76,0.5300830782,0.7999037969,0,46,0
22,41677.44515,12,12,791.3415276,41336.91029,12,12.81812767,0.1146389587,3015.516121,0,8518.586722,2,6,5,3,0.9120945139,1,43,15,1.034725672,0.1277660251,0,95,0
30,64809.06264,18,1,612.9137893,26614.30172,24,14.0555298,0.4612195672,4891.077764,12583.66269,50694.85869,5,3,5,1,0.8567791913,2,64,21,9.237429035,0.2603702647,0,69,0
20,37117.31429,12,18,753.2488735,48115.82041,36,17.42975261,0.3952824254,1446.71788,0,21043.66833,1,13,3,3,0.7586602968,4,23,28,5.980847514,0.7626289715,0,35,0
42,58465.1982,12,7,616.0582676,28834.83448,12,5.596020661,0.6960906296,3267.993241,38857.48818,26802.53842,5,29,5,1,0.7418650141,1,38,56,8.592173645,0.7211271705,0,44,0
56,58606.0785,8,29,724.4555175,1787.95855,36,8.113932534,0.5258058973,2778.46487,28677.44474,41132.83271,5,19,1,2,0.1177479397,5,94,79,7.442339986,0.2110558395,1,72,0
30,50102.1814,9,32,633.5585855,26515.59997,36,7.90453907,0.4023988856,1027.057009,14173.91597,0,0,7,3,2,0.02742662594,4,22,49,10.51578385,0.6920268578,0,38,0
61,47180.74039,13,35,782.4850859,16979.67288,36,9.707125709,0.8907559906,1342.816409,18502.30731,610.3173091,0,1,4,3,0.6537493538,5,30,57,11.00380422,0.3913901634,1,40,0
33,88361.50624,9,15,671.3945598,16327.03093,36,10.21982702,0.4768355759,3881.532561,17905.54857,39805.54508,1,12,2,1,0.7053524943,5,99,50,4.62802738,0.3815502784,0,26,0
44,56977.98318,18,10,680.6183502,25232.83204,48,6.502870753,0.5903191282,3270.644381,0,21345.42322,5,0,5,2,0.6509473487,4,63,33,6.057274915,0.3060432688,0,52,0
41,59329.05826,17,24,676.9477532,8213.699158,12,16.2945775,0.5388892796,3274.142661,29308.20338,20695.02051,4,21,2,3,0.1262976169,3,28,37,8.394420128,0.4309947837,1,100,0
64,84061.02584,15,19,671.230496,27967.2835,60,14.79338799,0.1082022971,2324.029075,2421.812406,13424.42994,4,5,3,2,0.8650815979,4,86,45,8.150695195,0.3966036767,0,58,0
41,71691.82208,10,19,568.1214645,29660.1112,24,15.61448542,0.2708552704,4135.958915,14572.99728,34621.93741,0,25,2,1,0.7467089765,5,23,94,9.786708962,0.6551521177,0,42,0
59,49907.24364,13,30,668.1630766,29713.64387,48,15.76147616,0.5403515892,2068.472583,24649.95553,25551.42597,0,13,5,1,0.9130292444,4,85,48,10.68676319,0.4896839653,1,10,0
25,47855.5589,18,10,735.426938,14382.40351,48,17.54235324,0.5288740275,2785.286424,11249.41853,13646.19279,5,22,1,1,0.6597476903,5,29,14,11.90299113,0.006480778385,1,75,0
46,71124.63767,11,29,683.3236155,16126.54298,24,3.205886942,0.504657595,3158.814258,39920.43877,25142.68962,1,22,3,2,0.7764258671,4,92,27,1.962268001,0.4016359053,1,39,0
24,61054.19878,18,1,748.5336469,1000,60,14.9222181,0.2705371581,948.8445824,23423.14904,11889.30322,5,22,3,2,0.6339961191,3,74,57,0.7752765629,0.3131380998,0,28,0
52,28651.76732,17,17,626.6141728,1000,12,13.39643946,0.09469784346,2853.798932,18592.40974,6031.616898,4,21,4,2,0.06163666649,4,16,68,2.239327056,0.3128706594,1,99,0
52,65044.18922,13,14,592.8580166,9084.272285,36,16.88386992,0.6459008042,3156.421546,30447.71103,42047.40219,3,6,3,1,0.3682390462,2,3,41,5.263958912,0.4827138329,0,71,0
47,62394.29343,8,9,667.6684016,14589.10799,48,16.15764214,0.2485592204,2196.04797,9380.517885,21675.21524,5,23,1,1,0.1846272418,1,49,24,2.790493174,0.5338061507,1,68,0
31,86594.59699,11,16,742.9669005,19379.2845,36,13.38192857,0.4321146973,2196.987617,24511.65182,7290.525599,0,13,2,3,0.8138056528,3,37,45,5.452341175,0.4001802652,0,92,0
34,45422.36236,19,32,662.1213733,6877.946066,12,14.26625111,0.136303275,2338.733488,13666.20833,23407.24265,0,28,3,2,0.7750101947,5,26,39,8.601684202,0.9668714037,1,80,0
31,66760.07399,19,8,601.1229011,31869.53249,48,12.76870556,0.8730643089,2370.414781,18471.03224,32532.43016,4,10,4,3,0.2029259028,1,1,14,6.876434138,0.2684317786,0,78,0
25,60278.00699,19,38,682.0956814,40930.58085,24,6.993288056,0.8791780159,3058.230877,15659.69756,26027.34121,4,27,1,3,0.8234533032,4,95,73,4.376865121,0.3753761218,1,37,0
33,35415.74388,12,5,742.3157699,40318.58302,60,12.23767927,0.1548853141,3227.166478,16896.79967,3531.693974,2,28,3,1,0.1181487968,1,77,88,8.009400295,0.8821197114,0,91,0
58,48940.88281,10,36,691.2452962,45755.76079,36,5.531570559,0.8144959134,1942.68969,10267.21612,15533.71747,3,14,3,2,0.2794530372,3,11,86,11.06257487,0.4402911994,0,4,0
21,52808.58815,11,19,752.4806841,20800.14616,12,4.503581567,0.2511126005,1598.535157,11721.51561,25088.68118,4,26,4,3,0.6193935365,1,24,12,11.50674025,0.04153734297,0,63,0
53,34078.33097,17,25,750.7189726,54443.41137,24,7.538660169,0.6302381709,2423.514652,8341.828811,26208.31437,1,16,3,3,0.06079849218,4,95,33,0.9472416505,0.3385781776,0,55,0
19,82085.95829,15,3,644.7323674,14989.09522,24,13.81805731,0.1345551207,3112.83891,5631.502235,19969.91589,3,3,3,3,0.3578347003,1,66,61,9.512395242,0.4338145585,1,61,0
32,46915.77866,16,36,677.1567313,29076.57219,12,10.75567616,0.6711055739,2104.770653,13635.3038,38603.24914,4,28,3,2,0.2544870481,3,27,51,2.482406324,0.2481820806,0,81,0
40,61318.48594,9,28,750.6530701,5046.668232,12,7.157568113,0.3495732184,2390.394195,27102.2014,16103.61931,3,26,4,1,0.5142112898,4,52,92,6.386698412,0.7532494744,0,26,0
40,81598.22415,9,11,743.7095596,9175.421019,36,10.70261451,0.7777541854,4218.742864,18716.44405,39143.22165,5,15,1,3,0.2289386945,4,54,98,1.702949367,0.08233869982,1,73,0
28,55030.10955,17,27,691.4170197,44288.01071,60,4.065283794,0.5088469643,2424.538604,15132.67068,12454.35232,5,24,4,1,0.08545507009,2,57,93,9.420831325,0.09834100595,0,28,0
31,69056.1708,14,26,611.3321363,19021.6142,12,11.1192428,0.3312622368,2808.170183,31121.46122,28732.35904,0,27,1,3,0.4769319865,5,52,12,1.088923515,0.4157230518,0,39,0
53,52927.7044,17,12,733.9369785,23978.25143,48,5.928370941,0.8254823672,2768.940887,17795.99914,43782.97474,2,27,4,1,0.666701172,5,54,29,11.087618,0.5523015952,0,97,0
41,42406.48753,12,4,658.9550651,30524.72688,60,5.015945753,0.590985348,2028.891262,19790.97164,17589.96722,3,0,4,3,0.8979026877,1,93,64,5.379642382,0.7997043983,2,90,0
44,45618.74224,17,39,783.3179293,20110.12239,12,16.10362585,0.8313760338,2895.15643,0,19455.57679,1,2,1,2,0.5903733989,1,89,86,7.708887523,0.3815247344,1,55,0
52,63406.65991,10,20,787.0099187,39495.27691,24,4.120993848,0.4504652646,1154.312705,33122.17557,29444.53856,5,29,2,1,0.6314894465,4,68,18,8.375929129,0.8772513242,0,5,0
19,56154.61559,17,13,689.5607045,14818.70368,60,4.825733391,0.777634644,3266.801038,7142.017157,21933.52275,4,15,3,3,0.8229670603,1,5,30,8.040394999,0.8498502139,1,58,0
27,78510.87708,11,5,609.8483189,47152.87883,12,13.98772813,0.7581721576,2291.733089,16912.43025,0,1,26,1,2,0.09907448127,3,65,74,4.915693928,0.5917034504,1,61,0
37,38150.7097,15,35,733.1394945,25067.32894,48,8.833057174,0.4274087212,2667.891905,26466.33373,20189.12801,5,5,1,2,0.4603294087,5,67,94,2.362696109,0.1199848028,1,60,0
47,67417.72297,17,1,647.4744378,4797.184427,24,16.06090712,0.1119890137,2163.428572,6776.641418,8111.804776,1,14,4,1,0.1468907253,2,81,67,3.210877955,0.9234473894,1,79,0
58,62069.78249,11,15,700.0403719,23916.81498,12,3.103749219,0.6055025424,2729.459049,28825.32367,31326.61456,2,18,2,3,0.4454503082,1,85,57,2.405990554,0.7271290678,0,35,0
40,62804.99208,16,38,533.0031885,30424.75714,60,5.924844202,0.3097323197,1415.572947,988.0090799,29339.49648,2,1,2,3,0.7966083607,3,91,94,5.227190379,0.6653738174,0,27,0
42,65644.90749,14,13,690.0080353,30545.31019,48,5.641818927,0.2572651944,3176.748058,8665.626397,38142.74675,4,10,4,1,0.8821537538,3,28,30,10.98386012,0.08817803695,0,84,0
40,45769.88897,10,2,674.663128,31243.44094,12,5.844466074,0.6793929791,3288.164719,11799.46722,18525.41611,2,16,1,1,0.7444078448,3,57,71,2.476485692,0.4248469589,1,12,0
42,52375.54371,18,12,736.1445124,40568.95992,48,16.32790608,0.2185293307,3455.117578,31797.08503,25186.04116,5,2,1,2,0.5232100662,2,45,94,6.497938631,0.9015542622,0,29,0
62,67462.79891,19,29,820.186235,28039.59058,12,17.21551832,0.8104333863,2792.264241,4371.23579,14597.40214,3,22,3,3,0.6331937467,3,97,89,9.875309867,0.3512469657,0,28,0
56,66192.9154,11,26,726.3696805,33729.61752,12,10.82639683,0.733729752,2094.153091,28082.43778,30149.82153,2,28,2,1,0.7592083667,4,83,24,1.281009936,0.7439354639,0,84,0
28,79778.74246,17,6,654.0905122,15498.40559,24,16.13843813,0.2081517071,1280.638,4152.662052,14259.33158,2,29,3,3,0.6668153265,4,53,4,6.611391397,0.03423193265,2,86,0
38,36205.45615,15,4,680.554208,15514.05111,36,14.24646005,0.6422522773,3982.872795,17559.62865,10389.58097,4,11,1,1,0.4806674876,5,17,33,7.753707493,0.5876183697,1,14,0
31,91312.48866,15,23,683.3116268,14534.2277,24,17.68996148,0.1130164297,3807.84467,11778.99879,28611.01481,5,29,4,3,0.2416346091,4,3,34,7.15756699,0.5806479994,1,94,0
28,84616.70468,8,36,636.8007105,17544.67357,12,11.75639063,0.7094112529,2644.863,4567.548938,22703.80546,5,15,4,3,0.428162578,5,99,95,4.906941538,0.5853649384,0,22,0
23,70900.13076,10,11,740.4983951,34681.56258,36,7.53273637,0.5245555346,1520.735328,24373.68406,32400.62477,4,13,4,1,0.749188102,5,56,52,8.016452069,0.6847014609,0,18,0
26,54333.80082,8,39,702.1265788,46075.96515,12,11.41240545,0.1845713132,1720.42473,25839.02991,73296.28875,0,2,5,3,0.6075661245,3,10,13,6.429960873,0.1862646691,0,72,0
42,56004.05461,9,36,624.0925724,52763.98028,48,13.3155457,0.3545567024,3675.001147,16623.51275,6242.440107,3,26,1,1,0.6921650138,3,51,89,2.396073187,0.1772874746,0,28,0
46,85498.96501,10,5,728.2927454,6660.437227,12,10.33697554,0.4231012545,2384.856051,11420.68564,41393.82052,1,11,1,3,0.8005484828,3,90,20,9.954834105,0.5028195307,0,80,0
39,92566.46824,9,5,693.5705853,42775.36139,60,12.91816536,0.6036819994,2280.997076,5247.953636,19549.40786,2,29,2,2,0.8240481666,5,1,13,0.5868800338,0.9209886124,0,27,0
42,78034.13899,16,33,698.817325,13188.70192,12,5.335231256,0.5345246363,2660.863599,27351.90895,14383.64186,4,11,4,3,0.8996200255,4,27,76,8.197153475,0.6296850426,0,95,0
49,56417.41273,18,7,713.7655492,2731.929734,60,8.665924876,0.3974069921,880.9364989,32514.66267,29127.10302,4,22,4,3,0.7622776379,4,76,25,5.633391282,0.7466245938,0,46,0
43,50521.14929,15,11,771.0878528,8620.232614,36,3.772663562,0.5231173998,2644.864831,25669.65742,10168.44598,0,2,4,3,0.6158393104,3,5,50,11.56257989,0.3971380343,0,66,0
61,75523.68387,18,37,766.131932,1000,48,9.09693648,0.8223225972,3060.608759,24381.27147,1248.845577,2,11,4,1,0.2402287966,4,25,55,4.958497371,0.3353547582,2,59,0
64,52647.59106,11,25,625.5444111,14109.1085,60,12.45777377,0.5316248253,2431.38667,16256.91354,0,3,3,5,3,0.2357709556,4,26,95,8.95035558,0.6030096625,0,62,0
49,61400.65235,12,11,665.2934346,28950.27505,36,16.11217554,0.0805295541,2511.105249,27822.80636,10914.02618,1,22,1,2,0.8239284659,4,91,86,6.202723033,0.3682197935,0,51,0
52,56348.40548,15,27,638.3281008,33915.64914,48,17.71094564,0.05659694445,300,26364.63689,23085.41259,3,25,1,3,0.585406222,1,18,87,7.523645726,0.830341049,1,18,0
26,73479.75231,12,20,776.5052677,35480.65287,60,12.85528475,0.3227365898,2999.185995,5323.26082,12752.04282,4,11,1,2,0.9313174344,2,96,29,2.177644664,0.828525117,1,45,0
64,78295.74744,8,6,723.6687444,25201.80433,12,9.186752665,0.09574593975,2467.845587,10016.05995,23350.08745,3,8,4,2,0.4276283665,2,76,5,2.988819096,0.2067572883,1,26,0
20,62460.47391,14,6,617.8535499,1000,60,12.90976157,0.7987297262,1955.745028,7708.424328,40870.58621,1,26,3,3,0.9861816251,3,88,54,3.866422225,0.9992070119,1,7,0
31,46054.32478,9,38,666.8726501,14685.02228,24,3.868978647,0.3246180339,2809.487177,5482.136805,25717.16512,1,17,5,3,0.4263052579,3,24,77,0.5266761369,0.1126193239,0,29,0
38,69652.91536,10,17,741.8984976,52984.26701,36,15.54074336,0.4091085462,3427.659015,3699.132869,32043.03625,0,26,2,3,0.380967088,1,26,24,6.682072722,0.8663858038,0,13,0
31,69072.46256,13,15,702.3125175,29872.57039,48,15.11271668,0.4294283597,1599.710741,9381.195104,33977.11826,1,21,5,3,0.8090859672,2,64,30,4.060743527,0.684590198,1,39,0
59,73713.58624,11,6,654.3890124,19718.50397,12,6.099508602,0.7684030544,2797.69492,19144.16053,20202.55042,0,11,2,1,0.4385909137,3,69,33,0.8650622435,0.3334282033,0,97,0
45,44966.49695,9,34,762.5853336,29669.75072,48,16.75046942,0.4857717217,2386.535795,22798.53498,37744.43237,1,0,5,2,0.6544968728,4,27,54,10.57120656,0.3426200443,0,10,0
36,37306.72519,16,38,728.1306318,35918.34492,48,3.083412143,0.8039585377,2774.109505,29500.03985,18242.2927,4,26,2,1,0.4646864823,1,99,92,11.0768176,0.6992522692,0,76,0
56,46685.3648,17,29,563.7279662,27436.5955,48,12.02266959,0.7065834978,2803.310343,30858.05009,16072.80648,5,13,1,1,0.492740901,3,70,29,7.525897162,0.405520683,0,44,0
47,55647.10952,12,30,648.5225294,33439.67593,36,9.838775514,0.4421816152,2905.448758,21602.40108,23980.97097,2,23,3,3,0.0006187740866,2,54,89,2.493781749,0.9352835834,0,65,0
18,78151.55494,17,0,794.0768602,34644.99594,60,17.72466786,0.547562575,1478.907138,5367.956618,23754.55527,4,4,4,3,0.9642645281,5,24,86,4.277151576,0.2796742227,0,33,0
30,51155.91167,15,11,512.3655409,14148.81418,12,17.64217679,0.4164073248,4861.427358,4472.244558,24126.31843,3,17,5,3,0.1798907901,2,45,75,11.75817071,0.608929846,0,30,0
45,53373.72997,15,7,705.6592226,8872.113144,24,16.47130935,0.2863243271,2171.219189,16142.87162,18358.27157,1,3,5,2,0.0296678267,4,14,1,2.779021952,0.31968701,1,23,0
58,55766.67154,17,32,734.2035325,24859.46971,12,7.536031716,0.7437945586,3543.826748,7210.120578,24121.32368,3,15,1,1,0.5161328626,1,87,19,6.885776251,0.5565590402,0,57,0
57,45106.91439,18,3,646.9554427,27282.41431,12,16.44743702,0.2568654779,2341.870834,15504.6358,38125.29318,4,9,3,2,0.816703632,2,19,36,3.429291124,0.1508478714,0,14,0
36,56408.60885,10,24,472.2732653,23901.43731,60,7.164089681,0.4850596853,1550.43911,12081.02108,18223.68241,2,14,2,2,0.1835045394,2,88,42,11.26847156,0.1656339453,2,14,0
38,72294.34168,11,14,721.1252144,5341.517328,60,3.27291958,0.6691294569,3874.528203,11365.46769,25828.87072,3,24,4,2,0.9484392352,5,16,21,9.821885403,0.431868747,1,44,0
24,38961.54764,11,11,627.3753425,14747.06844,36,13.9010177,0.4809297332,2697.202189,20337.05651,0,5,5,2,2,0.6139284033,3,43,72,5.970715819,0.677759928,0,86,0
29,71426.93537,15,34,742.093946,17125.60573,24,8.65323514,0.5093547854,2729.748785,21812.64284,7032.8408,2,3,1,3,0.7526170769,4,33,4,6.159608389,0.4257148824,1,5,0
49,54080.85319,18,4,719.5190324,47205.38529,24,13.93663195,0.4817281601,1839.373483,14813.19025,31068.60691,4,8,1,1,0.2923859225,3,18,68,11.11723634,0.1864544536,3,13,0
43,32630.43973,9,16,675.5098184,22523.9772,36,15.29477572,0.1446792714,2480.611738,9699.358232,52570.72806,0,18,5,1,0.7490070302,4,45,24,6.820866185,0.681817838,0,15,0
59,74203.84269,15,23,694.2264692,32619.19149,48,6.41829047,0.3844369034,2036.764881,5371.657495,23752.02972,3,3,1,3,0.4910061351,1,68,19,7.780806693,0.279229303,0,80,0
42,45500.44927,16,13,588.2925169,29105.35551,24,9.156373079,0.3205151201,3108.749267,31574.13697,51843.03952,4,23,4,1,0.7731968841,4,33,37,11.95161591,0.9681568721,2,91,0
26,68255.12358,11,29,773.2228822,28388.32291,60,17.02455503,0.3297853321,2330.354978,2116.891884,15471.31852,1,15,4,3,0.6924446874,1,35,26,9.635070589,0.5527431631,0,94,0
36,32548.11281,12,0,723.5106193,20317.99211,36,3.448221793,0.843835053,1501.188732,12087.05044,21187.21797,0,29,1,3,0.3574416232,5,71,40,8.608759936,0.3021489261,0,42,0
64,65502.23038,18,37,705.8512861,13584.88729,60,14.55686159,0.3934217575,2775.749917,8744.834744,0,5,1,5,3,0.7921278481,4,66,81,4.729826357,0.7404819533,0,32,0
37,51883.13759,18,25,529.2057587,28774.73301,12,6.354816757,0.6377112397,3126.450732,18677.70805,38521.35978,0,29,2,1,0.4224164868,5,1,61,4.055902832,0.6864664,0,55,0
31,54590.12919,15,4,675.5428961,31254.37781,12,8.011910794,0.3261594864,3771.176331,0,10430.33178,3,1,3,1,0.3794478029,3,66,50,10.03239134,0.5317285727,0,15,0
40,30082.52918,11,13,608.4351905,32992.79594,24,16.51978326,0.5910374873,3177.516378,19474.96354,0,1,25,4,2,0.1365631467,2,1,96,7.163488451,0.1973601891,0,69,0
61,49144.19617,14,30,682.7350035,23964.93783,60,17.82812029,0.8546241503,2224.052855,12835.45617,39281.00967,0,16,3,1,0.191022358,4,72,52,10.47822685,0.03784569472,0,26,0
46,63234.75458,18,25,662.7498622,21326.60159,12,7.949028275,0.4255966097,2363.012448,27117.94958,15524.55416,1,5,5,2,0.1018478417,3,66,93,4.644805786,0.3232342335,1,68,0
47,59015.45139,18,16,695.4691818,1000,12,13.09180781,0.4554334847,2973.288336,25890.4006,32105.5522,0,21,4,1,0.7573522859,3,90,86,5.782771209,0.2953918628,1,12,0
61,63327.18749,13,31,723.8758102,20692.14131,36,8.85280253,0.8340835885,3408.366261,12974.66939,0,3,13,1,2,0.5545564269,1,55,21,3.723453625,0.4220651742,1,82,0
42,74412.38313,14,22,767.1297226,16354.06901,60,17.45971203,0.3142009177,3709.254092,84.21532469,25863.4483,0,6,1,3,0.9545785315,5,34,38,5.976959828,0.6258236736,0,82,0
30,71351.16735,15,38,775.2513166,21686.74076,24,11.59415373,0.4250981937,3431.88215,13843.62635,7004.424024,1,10,2,3,0.3544972635,1,20,33,9.907404106,0.4420850195,0,56,0
33,40678.62923,19,13,720.2625452,11844.25316,12,3.449562542,0.1812686528,2911.120319,8954.614185,17474.12391,1,28,1,2,0.7934440004,4,25,63,8.798011706,0.6550035194,1,55,0
46,74202.42004,12,11,652.6278419,21710.13299,36,13.60194675,0.2777629418,2583.063586,5463.361008,31283.65668,5,26,3,3,0.977287339,1,64,15,5.00403122,0.7170471568,1,64,0
39,60120.26,16,30,665.5936787,17217.63875,60,6.836632612,0.689723517,2060.400554,21912.09275,9936.574066,4,14,3,3,0.2613643265,1,60,77,5.827218504,0.4426687775,1,54,0
55,76134.40656,19,31,612.6520964,28374.20439,60,3.664276522,0.1943154901,2407.433083,22349.43609,24152.15395,4,15,3,2,0.06835154942,5,48,41,10.68612451,0.2698478839,0,63,0
52,53810.05222,17,6,676.0461348,15497.22158,36,7.607359924,0.08195075187,3737.216066,15292.10715,28641.84355,1,14,5,1,0.1021287911,2,15,41,2.815005854,0.9689503925,0,28,0
38,44239.04766,17,8,678.4616189,17173.09253,36,16.34512981,0.6931268932,1477.810628,0,31105.78978,4,9,1,1,0.5964798493,4,10,57,2.240694676,0.5714064956,1,79,0
34,66848.59051,12,39,721.7127906,1000,60,11.1336927,0.555672836,3312.364014,8350.334016,12320.55289,2,2,3,1,0.1060876697,1,9,23,3.874916203,0.5529897941,0,67,0
29,105013.7118,15,1,754.3613151,18854.73765,36,5.832354024,0.1736094845,2542.422548,17306.95585,23623.52612,4,26,5,1,0.09099522312,2,18,11,7.155779977,0.3086597221,0,71,0
32,68975.14313,15,12,711.7024639,26878.53319,36,9.154818835,0.4548884178,1697.969524,10755.54434,52449.06889,3,29,1,3,0.3698385793,1,74,83,1.153350387,0.8106237959,1,14,0
38,59054.35547,18,4,717.8974316,21882.80768,12,17.12020896,0.7089680773,2152.769697,21103.54172,0,0,10,2,2,0.1795742498,5,99,67,10.09057177,0.6901676886,0,59,0
43,44391.08698,19,11,667.7745225,30307.37467,24,14.16582096,0.5514786528,2921.679434,14820.88554,1230.124715,0,12,1,2,0.2400394323,4,33,39,8.320301578,0.288665016,0,67,0
59,75810.48384,19,13,658.5815703,33978.14211,36,16.09461101,0.2293022927,3039.604755,45245.25841,38475.54359,2,8,3,3,0.06565040095,1,45,98,5.511780189,0.2810848236,0,81,0
19,54524.1174,18,7,625.7557613,1000,24,11.9381748,0.7460707033,1850.926728,11267.37401,20283.81021,0,14,3,2,0.3270500764,5,69,18,3.59290882,0.3956648778,0,88,0
50,48971.32017,13,11,581.4784118,37066.72543,12,8.687552165,0.6327694331,3329.460447,18509.05222,17878.41324,1,14,4,1,0.0408397413,5,41,63,2.337691213,0.2102702584,2,90,0
32,46507.13714,9,4,771.4884352,13637.25898,12,11.75525213,0.3546821576,2123.150456,3147.088968,18545.15473,4,16,2,3,0.8379404406,3,87,75,6.421865498,0.8148205681,2,68,0
60,102219.3956,19,13,649.8980667,26870.45364,48,8.006119212,0.3873608838,1854.337536,32486.32328,23109.66923,3,6,3,2,0.6470311578,2,95,2,7.978313678,0.5473446873,0,23,0
30,55288.06126,10,7,722.3229943,36430.04767,48,11.69545074,0.6136318826,2207.181663,16950.92612,12401.95879,0,23,5,2,0.2660055243,1,94,65,10.4415993,0.07513680942,1,91,0
42,52943.60231,10,26,735.898294,33063.34523,48,9.846973057,0.4823199398,3083.609848,23251.51489,27503.91459,3,27,1,3,0.5410987065,2,54,37,8.337030125,0.1102408983,1,78,0
48,73821.28133,15,23,638.1746035,7602.355274,36,7.472220434,0.4391175092,2054.043209,0,29540.27421,3,15,4,2,0.9539709542,4,4,87,2.735533715,0.869950228,1,8,0
48,46648.4689,15,18,605.6611945,48464.74843,12,9.144898543,0.8460258079,2191.420768,12758.46151,38039.75999,2,22,4,2,0.8053217617,1,36,94,5.190314809,0.2056886054,0,80,0
55,63368.57414,18,39,720.7677865,44172.24976,48,9.298910167,0.250883194,1796.41957,6630.442889,6121.152512,0,28,1,2,0.3064233064,5,63,15,8.420017907,0.05675891137,0,88,0
22,78380.39329,10,6,643.6142861,35478.20835,36,7.627041817,0.6756956115,2914.732968,12993.75906,11881.34438,3,26,2,3,0.9651456265,4,5,37,3.904444111,0.930335057,0,12,0
45,88778.96416,9,28,733.8591812,5148.586939,60,12.48276876,0.3208166137,2244.603382,8477.22029,0,3,1,2,1,0.02734589015,4,100,24,1.462135215,0.07853441868,0,30,0
64,64948.19342,8,38,567.5418472,1535.025197,12,8.482033072,0.1261478704,3631.714819,28445.72613,617.0490033,1,4,4,3,0.1067355321,4,11,32,5.051207581,0.0239720861,0,63,0
50,72376.21127,9,10,683.912302,14977.45677,36,6.642225867,0.4239080935,2305.558106,27789.01183,12411.88908,3,29,2,3,0.6662863991,4,28,36,1.468426646,0.2746044669,1,41,0
36,41604.18209,19,7,582.5254512,25956.22079,48,3.58985572,0.7660276308,2022.439794,9560.96476,25822.31028,3,3,4,2,0.8073714808,5,75,32,4.571575487,0.01364140465,1,43,0
22,64514.46499,10,24,773.9583379,26193.44016,48,17.64919985,0.1477624307,3231.963803,19099.83204,40565.12211,4,21,3,1,0.5104039847,3,49,67,4.120732912,0.7914272076,1,68,0
21,70272.78596,9,17,611.3140405,36042.5685,48,4.484181001,0.289766632,1713.170771,17773.73045,9580.517209,2,9,5,2,0.3516024493,5,95,77,11.77030212,0.8383649879,0,98,0
49,48109.23517,11,3,736.0065374,14909.90869,24,6.162966711,0.3404449346,3077.933909,31207.28849,18152.94127,2,25,1,2,0.1654874367,1,30,47,1.826802274,0.8740596074,1,88,0
53,53711.52394,18,15,750.846358,21466.25097,24,7.424980963,0.7153597626,2475.896806,15612.79687,26571.43908,1,9,4,2,0.4286393592,4,91,79,1.814816414,0.1841551848,1,80,0
64,67415.6638,8,32,778.2374095,21307.82381,36,8.716326352,0.5008545626,2743.996589,21309.63572,9403.821332,3,28,4,2,0.9513417165,1,53,56,6.058715505,0.1964084589,0,70,0
39,43413.58207,10,29,726.9102028,42126.08758,60,6.10807219,0.3075514318,2536.85586,16836.38375,6398.000898,2,22,4,1,0.7311170314,1,63,61,5.345158274,0.698564785,1,87,0
55,67541.78502,17,17,562.9996392,29158.32767,12,13.36839801,0.1159655689,2334.614228,16358.44914,21935.19062,3,24,3,3,0.557152674,2,33,67,6.6430862,0.2853821228,0,66,0
56,57702.38824,16,8,794.1710526,16902.97294,36,6.691530378,0.7472230468,2118.935178,16279.6237,30924.66969,1,5,3,2,0.6264363944,1,35,25,1.670366031,0.4316175484,2,77,0
46,70031.04567,15,23,579.0998452,7135.405831,48,3.465919161,0.8436127384,1957.675362,18961.86084,852.0608006,5,5,1,1,0.9095084533,3,77,72,7.852867026,0.8742435427,0,31,0
61,66639.41804,13,28,656.1294506,8860.482953,60,5.118614601,0.3449910992,2331.554026,0,0,3,13,3,2,0.4632729966,4,96,53,9.976033219,0.2971398668,0,48,0
26,70083.54653,19,8,765.7499856,31127.52989,36,4.737285291,0.405861726,3059.89213,4871.579181,31544.38583,1,12,5,3,0.07707343924,4,72,10,0.9958494575,0.4659858768,0,61,0
21,35574.10109,14,35,725.2502333,12972.67582,36,17.25216494,0.820881589,1945.311367,18501.39837,33450.39186,3,26,4,2,0.5957132333,2,72,6,6.371873714,0.1440715187,0,34,0
32,70001.88501,14,29,703.8889943,22603.91812,12,9.539675937,0.3360294053,3261.859935,12423.08751,15628.79005,5,24,4,1,0.03161134943,4,54,42,9.56005088,0.2162898054,1,97,0
53,84137.7298,9,31,655.7118049,15322.16523,60,5.628587538,0.4262486567,3518.744206,2610.747298,19006.98099,5,14,4,3,0.5825328229,3,80,36,8.465688715,0.9540702109,1,14,0
45,61861.24691,11,32,612.7802626,47352.16254,48,16.38120422,0.6105226389,1879.8347,0,26194.44721,5,17,2,1,0.5743649177,4,59,56,11.10667699,0.3102415468,0,71,0
38,46338.18456,16,34,724.3335283,27553.66676,36,11.10969661,0.831128785,1733.077294,16783.34417,25478.00018,0,18,1,1,0.4782115583,5,50,59,6.994733212,0.8563737864,0,23,0
59,82260.52188,14,17,682.1375866,44792.04539,60,14.66282985,0.5761565839,2670.223944,0,15149.3777,1,29,1,3,0.6351715694,3,16,97,11.05645643,0.5906808711,0,34,0
38,48063.18206,16,6,675.7271229,17728.15765,36,13.50975504,0.6579465332,2386.91436,10657.66102,33407.07375,0,28,3,2,0.8686835412,5,80,56,9.213699656,0.2570543689,0,45,0
26,60242.94323,13,28,562.0449657,39933.28084,60,11.31240998,0.2510477551,1314.445939,25351.85235,11848.87212,3,3,4,1,0.6266042299,4,61,48,10.5345785,0.1593809245,1,48,0
21,54054.96099,17,23,639.1638995,30342.03216,60,8.047376994,0.4316178397,1510.750703,6993.80107,43683.67671,3,16,1,2,0.7212026662,2,43,42,7.429243388,0.5618790038,0,63,0
40,38002.54952,9,28,631.4526666,37419.75536,48,7.947211316,0.09109284066,3354.957492,12981.52951,10935.78167,1,23,1,3,0.3802421582,3,20,26,10.70381355,0.9441287302,1,90,0
48,58684.11873,15,16,651.8458067,11233.81783,12,17.87133948,0.6594605461,2073.694933,21018.33707,41928.27246,1,2,3,2,0.7373394874,4,70,52,10.29375756,0.758667404,0,51,0
48,49730.30419,17,3,595.1798367,25246.84257,24,10.01660893,0.6478036822,2542.058105,27484.9357,33504.1901,1,18,5,1,0.5693673281,5,49,67,8.895957532,0.06440830297,0,75,0
23,75390.0297,17,34,556.6435752,36357.28357,48,14.49140546,0.7757294707,2047.836253,31839.79089,19356.47266,0,9,4,1,0.7899987606,3,57,52,7.475536403,0.7122561555,1,60,0
61,76873.2033,12,28,699.1068567,26208.31177,48,4.70831263,0.1940955915,1661.905752,2027.970538,30145.44277,5,6,3,1,0.9448497437,3,10,60,1.521534442,0.6101944314,0,60,0
61,62337.0068,15,15,701.7294254,27126.21473,24,7.601186715,0.5123789245,2195.040599,14603.65831,0,2,6,5,1,0.2347018153,4,39,7,8.304312095,0.261346919,1,73,0
26,60748.49671,12,0,652.641751,22457.45163,48,6.716483003,0.4285711991,2408.321412,25757.45631,12074.87455,2,9,2,1,0.4752346033,4,90,48,1.548254392,0.2194481437,1,62,0
50,55743.75853,17,16,698.4261291,21135.93781,60,14.70636946,0.7106542684,3069.339757,27856.98228,39551.4274,5,12,4,3,0.1640884474,5,88,51,1.039964688,0.1257869485,1,21,0
38,64875.33658,13,7,695.6924708,18784.63745,24,16.50235681,0.4448343697,3182.11735,30543.3422,3344.046517,2,5,1,3,0.4202500973,1,24,85,6.517060262,0.368335298,0,70,0
57,54078.31235,14,14,774.8459734,22677.26777,60,17.79563764,0.5817670991,3287.12948,14231.96289,14581.66293,1,15,1,3,0.6640208507,2,86,74,1.746997981,0.4942458092,0,57,0
38,18693.16262,12,0,677.3322812,25926.35039,60,13.12733668,0.525529148,3324.327359,13708.09112,34729.42939,2,28,5,2,0.4808164346,1,40,21,9.204240274,0.9997056477,0,47,0
23,92205.03574,17,10,780.8554603,16663.6068,36,10.82502596,0.3276094776,1978.385054,24938.16595,39711.69029,3,29,1,3,0.3102713328,2,95,58,11.22043468,0.6687400401,1,48,0
26,80989.4313,17,36,715.715808,21456.3859,12,3.362591234,0.4824035087,1595.212711,7468.179156,9189.623839,3,18,2,3,0.04942927874,3,42,2,11.54418032,0.4640544661,0,62,0
27,67307.58155,15,19,599.4750494,38517.5081,60,16.76643005,0.1923252682,2500.171907,25894.56284,0,3,19,5,2,0.9045832579,5,19,71,6.872393132,0.6721176653,0,33,0
20,84993.53626,11,13,651.4999651,35543.06258,12,6.327723508,0.8204547381,2189.894369,24443.85876,45654.67276,3,6,5,3,0.5872880806,4,75,9,11.93451848,0.1328466919,1,45,0
52,66564.07127,13,13,612.5486336,14281.11417,60,7.548575329,0.3806609642,2446.571061,14565.20099,49096.60661,5,29,4,3,0.9062667974,3,81,72,6.33597593,0.4285177753,0,74,0
31,97072.8603,19,7,516.1131891,11701.24998,12,12.43526779,0.3677343388,4616.492077,5581.979945,0,2,11,1,2,0.06751155879,4,30,57,1.576892265,0.9622924408,1,67,0
43,50102.75789,9,9,669.8072076,7018.9882,36,14.18944576,0.05787641678,3845.994472,27578.03551,47092.79794,5,26,4,1,0.9239140744,3,93,67,2.139705284,0.04563657176,0,36,0
53,54898.84226,19,10,717.6578809,11280.18857,12,4.364534667,0.4059966739,1450.739739,15421.4265,5961.187205,1,22,2,3,0.1131535012,4,90,7,8.64140993,0.7450786695,1,10,0
26,68615.45758,17,32,606.0090125,2205.14534,60,9.29437449,0.2455937039,2540.038362,17502.76813,0,0,25,5,2,0.7852671729,1,21,20,5.222008651,0.3410023559,1,21,0
38,52716.58823,12,1,720.6400087,32344.69339,12,14.59512212,0.3609727552,3128.692063,12560.28748,13807.29144,5,11,4,3,0.1613869427,4,11,77,5.936366924,0.1466545224,1,9,0
59,62573.52597,8,27,730.9445879,22884.62203,60,6.849254053,0.1383086435,1021.234936,6132.974699,33497.98938,5,22,3,3,0.7885909723,3,85,66,2.690770692,0.1262268438,2,69,0
63,54397.25505,18,14,699.3925467,31680.30777,36,4.614262111,0.1004016328,2284.129316,32932.68575,37685.28175,1,6,5,1,0.6991588461,1,52,15,1.867562324,0.8298501782,0,71,0
44,68263.58694,18,20,732.6151593,35205.33996,60,7.608267684,0.6026742322,3849.550349,22048.25981,21697.98811,1,1,5,3,0.7577944536,3,84,35,11.10054252,0.1946196009,0,23,0
32,55286.23935,13,33,618.8909547,19443.98283,24,8.695891722,0.3891337989,2300.281955,3797.861342,36571.22798,3,29,3,2,0.8466824201,3,44,45,5.079026462,0.4776043119,1,43,0
40,68856.40596,11,19,645.9936602,28163.16942,48,14.18140797,0.7220107937,3120.101003,0,42220.53638,1,4,1,3,0.7502518847,2,67,99,4.803309523,0.5924515918,0,13,0
45,51287.6422,14,21,762.244393,39633.06344,60,13.4169493,0.1448298521,3467.869114,21051.91171,15819.2197,2,15,3,1,0.4904248182,5,2,23,1.049401879,0.6793510766,1,66,0
47,55718.00735,10,6,725.8289334,10883.04031,36,8.362768816,0.7645426166,3362.666768,21.27740578,22647.94348,1,5,3,2,0.5184493011,3,61,51,11.70886004,0.9415505272,0,40,0
40,79376.54278,17,18,735.297636,14405.73408,12,10.06127552,0.1452637561,3104.444755,10956.67902,297.4085679,4,0,3,3,0.02655022464,4,6,51,1.253424399,0.5784355167,1,56,0
33,67581.10811,18,9,696.63397,34055.44178,60,15.58584729,0.8205563756,3130.380496,9570.748684,7093.089733,3,28,3,2,0.276960493,3,25,95,1.680154343,0.2727538259,2,66,0
60,55468.11167,16,20,649.8934962,11623.87941,24,5.622534636,0.8805147135,2431.217986,10085.7554,18579.77388,0,10,4,3,0.5268409627,1,42,12,2.067877207,0.6129084493,0,35,0
25,58941.24535,15,39,625.2928274,2139.764323,36,16.61593328,0.7484300582,3025.707578,8574.678828,31144.44911,2,10,2,1,0.6977430709,2,21,19,1.557290144,0.8753676435,1,94,0
41,51331.01825,19,34,670.7950647,1000,24,6.462877777,0.8077242436,2467.577299,22696.62804,51486.78896,5,17,1,1,0.4392470503,1,93,73,4.68250544,0.7469421628,0,65,0
21,71704.03013,10,29,533.696419,40911.03551,36,9.246811969,0.154129167,1221.742318,24452.59301,9442.076177,5,9,2,1,0.6534666982,2,40,3,9.120445313,0.2159634366,0,38,0
32,67825.63274,15,35,586.1409353,13837.72618,12,14.48015269,0.7974786924,2684.32247,1421.075845,39358.63256,1,14,4,2,0.425951383,5,58,16,1.735838516,0.9858608332,0,67,0
48,72834.56487,16,26,591.0812752,47185.48854,24,15.13934865,0.6193844801,3077.194534,12804.32738,32971.21807,4,21,4,2,0.1400967196,4,77,26,1.895159035,0.3811613214,1,9,0
36,87573.15782,19,2,678.7220975,35367.51753,60,4.196831949,0.3001456745,2312.318645,0,36049.50144,4,16,1,3,0.386716664,3,73,43,4.559527173,0.9842604998,3,57,0
28,72427.57438,11,13,596.2494582,21099.90691,12,11.48193543,0.09750979339,300,24152.69281,35278.61213,1,1,1,2,0.2157052203,2,65,95,5.971606764,0.9573061089,1,18,0
37,57251.54966,17,11,709.4533642,20554.45466,36,15.64748502,0.8692950077,2467.786761,18048.06652,30292.78497,4,9,1,2,0.4058630687,1,26,48,2.48060015,0.1713650087,0,80,0
63,72119.93403,13,36,675.4245833,27527.55846,36,12.03690538,0.4822595772,3916.7151,10208.14046,25763.1951,0,11,4,2,0.7777690525,3,16,79,10.1433035,0.6952854628,0,67,0
52,65029.15493,16,11,650.4980166,15346.98709,24,10.05442089,0.289540766,2770.226703,14114.00085,29644.04045,0,11,3,3,0.9788551674,3,22,78,1.914841219,0.569392665,2,98,0
30,74240.4552,16,3,663.3626384,15031.13197,24,6.932658998,0.3004342754,2666.447992,23450.2464,25756.27912,5,2,3,3,0.9858429921,5,33,49,10.40100989,0.8989487191,0,44,0
47,47680.52035,15,6,723.6678905,21723.86681,48,14.44532169,0.2518131649,1839.810193,5658.814708,9697.393662,1,25,2,2,0.7348613732,1,44,53,11.182738,0.2292618879,0,4,0
43,63374.78264,16,29,752.9685304,14634.17816,24,10.42253118,0.2476466677,1408.485278,29062.69268,56962.77257,0,29,2,1,0.5425200666,1,60,85,10.20868303,0.7958182951,1,67,0
19,61881.33337,10,5,623.3191797,16989.8498,60,12.00252777,0.3038914922,2656.317718,33410.11998,13473.87542,3,7,1,1,0.5741215632,2,77,8,8.978284185,0.5063285089,0,49,0
26,68982.11675,16,10,695.8174041,8918.254886,60,15.71083263,0.05064833448,3748.462553,7660.87107,16070.25312,0,5,3,3,0.1678097534,3,39,44,10.2271701,0.2800906548,0,11,0
53,45874.27058,9,39,674.6566661,1000,48,13.35778164,0.5892320691,3051.98663,16942.40627,20650.4712,2,29,5,1,0.240321596,4,51,69,1.652666647,0.1212117343,1,57,0
37,61238.64691,10,36,775.3950207,28469.17878,24,9.378189565,0.6081980157,1237.214526,10178.81799,8260.725724,3,14,2,1,0.2380195479,3,89,37,11.8133778,0.463043012,0,71,0
30,84587.78582,8,23,675.0421747,16475.32456,48,4.701308074,0.15470817,1956.411278,26912.70115,35836.03547,5,8,2,3,0.7494362679,5,11,65,7.227652609,0.5695791382,0,98,0
28,50103.00844,10,1,684.9754715,24839.02597,24,17.40503975,0.5295505693,3303.985154,6263.857827,0,5,7,5,1,0.1613756262,1,89,49,0.8947923664,0.6831061838,4,19,0
30,61662.36142,19,6,706.3455963,27201.6552,12,16.57478094,0.5015538196,2683.25587,28714.65188,7453.560562,1,1,3,1,0.6626193444,2,22,88,11.81089006,0.1084381551,1,37,0
31,38557.95395,16,23,722.3226298,28354.62802,24,9.416717075,0.1951505124,2517.992222,13308.62021,0,0,28,1,1,0.2540287438,1,61,16,5.110214976,0.02357411862,0,57,0
27,30626.39397,9,39,720.8718517,13754.87079,36,10.67332209,0.6239844738,2064.085007,15845.05092,4137.221323,2,27,3,3,0.2356896299,4,58,35,3.171221723,0.8384030834,3,88,0
24,80320.27315,19,24,601.036162,18031.24504,48,11.73265572,0.574565412,1345.716069,19707.64917,16379.60769,5,27,5,3,0.9047646353,3,80,56,7.204804105,0.3369218962,0,20,0
40,45929.81435,13,31,600.9633156,15512.28127,48,15.41765333,0.8976959162,1946.861158,14540.26275,14352.04908,2,27,2,2,0.7932684369,3,98,41,5.434260332,0.03283796526,0,4,0
44,41908.91612,19,25,643.1503334,27391.98648,12,14.48860128,0.1867853939,3130.145507,6684.532177,39529.0437,0,8,2,3,0.7967674493,5,73,98,6.710107627,0.9673848596,0,68,0
30,83400.60286,19,0,756.9921409,34275.28825,48,11.01003369,0.2612765219,2786.06443,14796.32928,0,0,18,4,3,0.6131739463,4,28,60,8.886326089,0.1248643723,1,83,0
32,29291.7559,12,36,728.8330972,28819.35593,60,9.35612157,0.7192831827,1817.573137,18403.29449,51089.03369,5,23,4,2,0.8803936164,3,2,15,11.65092654,0.8811762546,0,83,0
44,68445.01301,8,29,644.9112494,35320.80855,36,10.52641332,0.2371038917,2322.57863,0,23539.54884,5,8,5,1,0.09573200019,1,4,40,2.086584397,0.2919014096,2,98,0
30,77235.39132,18,33,715.1319199,35848.24562,48,7.646366731,0.2763448384,2313.949271,23201.36489,32660.91858,1,23,3,3,0.8719840474,4,70,22,2.098198112,0.08225894951,0,88,0
29,64270.89652,19,34,598.4070455,13932.20678,48,17.53076651,0.1195313053,2739.933174,10179.53856,48431.98197,5,26,4,3,0.8808317841,4,81,4,4.433677842,0.3639298951,0,83,0
56,49899.65906,12,4,598.5477421,30611.43911,12,17.39892284,0.3015391537,2959.809846,7837.961668,42352.24493,1,5,1,2,0.0644029077,2,73,79,9.228436539,0.2279919794,0,72,0
45,58198.40956,8,9,698.4911166,38324.06494,36,5.378978445,0.7817041395,2502.878382,17224.52732,18142.04997,2,20,4,2,0.6260759152,2,80,35,7.816235914,0.1918808264,2,94,0
21,51501.49384,14,31,629.0307992,19064.23329,48,9.673919518,0.5183770346,2431.307242,16255.06154,30681.73828,1,27,4,1,0.8258895006,4,98,3,7.986238246,0.9996687826,1,86,0
48,78307.16884,15,25,770.4452255,27984.5742,36,6.579354095,0.7186873506,967.1517165,10943.7706,25015.69059,4,5,2,2,0.8369230782,5,100,91,2.243492904,0.511121074,2,100,0
18,45654.27124,14,22,726.1534923,23643.71914,24,8.381942166,0.7562789351,2943.756085,30615.03302,21195.15585,3,24,1,1,0.763167517,4,46,17,11.40262108,0.182975535,0,89,0
32,56083.87312,14,39,737.8875371,27582.41848,12,9.810867398,0.7577560367,2039.271035,9931.280722,40032.21435,4,11,1,2,0.541516075,5,6,75,9.480496916,0.314195323,0,8,0
48,70868.9981,14,39,659.7366515,12734.3603,12,15.31156978,0.1515125678,3284.310236,2609.327337,11609.76863,5,28,2,2,0.7359009352,5,29,84,6.100205777,0.7443979934,0,25,0
24,25484.0665,12,32,672.8871883,23153.78391,60,3.621526234,0.7224749813,2276.876612,15575.47487,0,0,29,3,2,0.24118658,3,97,75,8.41208708,0.7404974148,1,35,0
29,29832.36378,11,23,710.9957785,20670.77043,24,3.781362437,0.5618182919,1770.092764,23575.67836,42167.25105,3,15,4,3,0.3175535459,3,13,24,1.788887346,0.5057920587,0,70,0
21,35104.48172,11,35,642.9724902,24398.74263,12,10.30159346,0.7194751832,2944.568151,13608.09963,11301.53677,1,24,5,1,0.3823924295,4,47,96,6.777387986,0.6940020287,0,66,0
22,84911.27468,18,25,669.6893708,12982.32557,48,3.601871032,0.7979813487,3094.994867,9572.365771,30911.26877,1,0,4,3,0.8367713419,4,31,64,3.882846862,0.2912084563,1,81,0
35,83296.05055,19,39,647.9507414,36746.45415,24,15.16483271,0.4301098054,4166.417458,17441.96085,22597.54048,3,11,3,1,0.6577808582,2,57,13,2.902074679,0.8955258891,1,30,0
46,80869.43217,8,34,716.2730218,6860.577358,24,15.13189445,0.8842131807,2895.545902,34724.48096,6701.158865,4,25,3,3,0.6725997083,2,66,67,7.123787092,0.09059799258,1,2,0
32,56708.08436,15,12,664.4058343,22657.49542,60,6.257550588,0.4460357461,3702.798067,29248.76805,37397.31112,2,28,3,3,0.135873363,4,76,57,8.766790277,0.571828482,1,60,0
54,63633.3525,11,39,718.2237047,30209.75656,24,9.75105268,0.8131784248,2833.994518,8279.137318,34142.97127,3,17,5,1,0.6901829099,5,61,11,5.124682855,0.5267418941,1,94,0
56,57609.67174,9,37,620.8008642,1000,12,17.03244437,0.3766969869,1366.985454,20828.73544,25985.62796,1,10,2,2,0.5746296281,3,80,49,10.97943258,0.3854900511,0,75,0
21,65182.78478,14,12,672.9231577,46173.18254,60,13.13302762,0.6224246404,1850.007643,29578.5766,25643.18941,0,21,4,2,0.9919446014,2,3,56,3.075194912,0.01963239092,1,62,0
30,43685.3466,13,21,682.6345348,12347.09939,48,14.15601519,0.09591112526,3241.949972,23931.99174,16311.15734,5,18,4,3,0.7148129247,1,26,48,2.706700486,0.7330297523,2,28,0
50,53926.43786,8,27,639.2716953,19294.74351,48,10.3094755,0.7113082888,1804.410412,5685.151682,20158.042,0,8,3,1,0.3218139724,4,5,84,2.396118377,0.2914208941,0,3,0
27,55695.76233,9,21,581.2682807,28331.56544,48,4.014834139,0.8985272545,1922.888697,0,6511.242846,5,23,3,3,0.6623057649,3,19,96,6.229764865,0.7046827667,0,82,0
23,75789.14356,12,17,575.1618684,4812.529032,60,12.08460065,0.1658404794,2440.080276,10288.18969,34592.84653,4,3,2,2,0.2490023994,1,74,64,10.4210749,0.3045523158,0,7,0
28,55439.48313,17,36,719.9303872,36396.3421,36,6.85705475,0.4956528252,2192.555431,3169.378607,0,4,2,5,3,0.6852668841,1,51,73,1.5517207,0.1524480368,0,39,0
57,77310.46547,18,16,742.9820898,5252.150167,12,17.81339899,0.1193590358,2493.611699,19360.90848,19695.0568,0,0,5,3,0.02000454983,1,48,24,7.554788511,0.4673811132,0,15,0
34,20717.13981,10,16,671.0447844,29493.3312,12,9.23501222,0.2926001498,1948.998994,15006.24489,27605.21547,5,26,2,2,0.9146795918,5,48,44,10.75047555,0.7579654067,1,49,0
31,78562.92868,17,4,672.0299621,33673.64137,12,6.464808723,0.5056719477,1482.355128,12311.88271,11236.7061,2,28,4,1,0.5744740166,1,87,88,8.38276893,0.6253330362,0,91,0
41,61700.18105,18,32,699.8294257,29502.18059,60,15.84227394,0.224510855,3059.027615,4372.128428,26720.50164,0,0,4,2,0.7713510686,5,42,85,3.810204704,0.8261207831,0,12,0
62,43302.7908,8,32,742.7322098,23228.76245,36,7.341187277,0.4057782063,2896.081435,18461.90195,15596.99605,4,29,1,3,0.8831483986,2,88,94,8.179684325,0.1797625495,0,46,0
37,104720.8991,10,26,629.603549,16116.76558,48,15.060138,0.555147799,1847.359475,16157.8755,21113.88666,1,1,5,3,0.3470266615,3,2,57,10.70110882,0.2936321324,0,78,0
18,68960.67098,19,11,722.3612769,19016.6788,24,11.67160627,0.1018082667,2879.952898,16128.09069,16838.5818,1,24,3,1,0.2500218276,2,80,80,11.3678285,0.8084780555,0,90,0
32,57343.77013,16,33,619.5790363,26781.50998,12,7.253606873,0.7905244832,633.222515,14675.6598,17321.71807,3,12,5,3,0.5029953035,5,36,9,2.029435031,0.2894397224,1,43,0
57,41920.47916,10,27,596.4788821,23073.35071,12,10.41342528,0.8269558569,3228.14037,11977.27422,38206.05324,3,26,3,3,0.5660628665,4,32,49,3.292894365,0.9479869829,1,68,0
41,59926.04748,9,30,626.8433977,11125.39963,36,4.328586784,0.2697699215,1912.836797,27081.087,9807.262,3,14,1,3,0.8200205378,1,15,39,2.245787159,0.2265120461,0,73,0
18,51233.52026,17,3,751.2048585,13728.7646,36,7.386686405,0.7714286639,1244.518631,17765.9649,9458.75459,3,12,1,3,0.9944309179,4,33,98,11.29124235,0.5075312334,2,20,0
52,73457.47563,10,31,748.6819625,34544.51959,60,8.007415829,0.4686845442,2907.549712,4885.363233,8217.683825,3,2,3,3,0.3226628022,2,64,60,5.010572585,0.7518570334,1,81,0
32,60271.2425,19,4,602.5510236,14768.98572,36,7.936922052,0.887277897,1818.084022,16477.09582,3123.669159,0,22,1,3,0.6194051169,4,41,83,11.92857287,0.2348300716,3,92,0
34,55994.70383,17,23,760.5629186,19491.21516,48,8.44837717,0.8345312255,1794.782602,30811.17189,26204.61809,0,9,1,1,0.1901568665,5,73,9,3.725474863,0.1715909097,0,61,0
64,65819.08762,13,1,692.3265708,23553.75516,24,17.50886623,0.7601403808,3286.399132,0,20954.82435,4,20,4,2,0.1061953281,5,92,61,3.22195929,0.9094873152,0,48,0
20,47158.09975,14,20,709.0007731,40899.97878,36,16.07877018,0.3434704723,2340.640682,32750.21541,18690.65131,2,28,4,1,0.8021874773,1,53,12,6.324962338,0.529571046,2,24,0
57,45155.15258,12,19,635.7564695,34131.76343,36,12.35248303,0.5017945331,3427.284745,0,3564.646764,0,6,4,3,0.1420844259,4,77,57,10.92250947,0.9275841754,0,51,0
19,92223.67435,15,12,779.7837197,31829.18056,60,4.942751754,0.3648405855,1976.819774,20846.70286,0,1,24,4,2,0.7532691672,1,84,52,6.149321097,0.3607600126,1,76,0
23,96754.23131,10,27,654.560271,14548.67982,36,10.8566197,0.2298846138,3757.940671,12740.10127,22228.7904,1,1,1,3,0.4411979607,2,84,54,3.536501893,0.08622937812,0,3,0
21,45570.78987,10,38,639.3983367,25110.50285,60,9.885683469,0.8029907253,3451.083255,19222.17945,11270.68822,0,28,1,1,0.3034386852,2,33,73,2.443342438,0.7598270645,1,73,0
43,57597.21404,10,36,697.4828662,15087.7518,36,8.100126607,0.5394310379,1247.408174,18088.10738,22224.39677,5,22,2,1,0.1981101492,3,14,10,9.6651186,0.7069367402,1,89,0
30,86290.49123,18,4,595.3004354,29227.56774,48,7.140345795,0.6966724823,4397.441413,2709.079863,16305.7811,3,9,5,2,0.06128637497,5,32,36,3.794370403,0.2960040782,0,45,0
48,58512.31882,16,18,638.077572,14608.84883,36,4.3654567,0.1612185018,2402.192923,5446.15171,2044.950939,3,9,2,2,0.431716957,3,86,78,4.132065755,0.1131058485,0,51,0
47,58249.7484,18,31,670.4656584,4146.275778,12,3.445910475,0.6279346029,1856.604198,33704.36585,0,5,2,5,3,0.5573287913,2,74,48,0.6832524773,0.7770516837,0,5,0
36,46408.12126,11,26,718.9889666,33738.0662,12,12.23966188,0.1660200381,3779.994864,28705.48622,41354.22532,0,25,5,3,0.5532497798,1,24,51,9.706759877,0.5869533875,0,9,0
53,61394.26791,18,29,755.991878,21998.7746,48,13.10324002,0.6310455936,2039.337427,13388.82218,4014.34744,1,4,2,3,0.1705048785,1,22,11,7.080205303,0.9221412668,0,54,0
60,58679.47031,15,1,663.0669471,26424.15139,60,7.632065702,0.8547070997,1645.496364,22009.43882,17901.8192,2,19,5,2,0.8427064081,3,22,72,2.462068869,0.4105311014,0,1,0
34,41216.49773,10,36,629.3936878,31992.65964,36,3.908167954,0.4255779963,2298.891405,6375.434833,7743.778134,3,10,5,3,0.9438655056,5,12,7,11.78358751,0.03289928679,1,2,0
24,42948.94855,17,33,776.7269906,30653.1229,12,5.200133838,0.8508592049,3735.077715,13061.04538,0,4,23,1,1,0.511013811,2,5,10,3.543001429,0.4649529329,0,66,0
32,58084.50514,12,12,605.6313895,37607.60672,24,5.857028131,0.3911414265,4085.301266,23440.29283,27716.93043,1,12,5,3,0.2873303926,3,27,78,4.219206189,0.8176581748,1,32,0
25,67974.33267,14,34,703.0222696,22123.99395,12,6.198853193,0.8891330672,1466.086014,12341.46859,15666.90853,4,5,4,2,0.2929179623,5,5,67,8.811817698,0.7055879862,1,3,0
62,51192.70801,14,12,659.2524318,10199.37613,48,17.34954731,0.7129061752,775.5662938,20685.29304,0,2,10,4,1,0.7308471798,2,9,60,2.631868875,0.6985932639,1,16,0
25,71659.02378,17,38,704.8124613,23842.57688,48,13.61339413,0.7614203368,1157.120644,2207.832204,3664.106567,4,29,1,2,0.2262330935,5,74,38,8.806177686,0.3171307156,0,62,0
23,67519.28067,17,17,626.8839981,39343.8826,36,9.734739812,0.283234982,2006.805582,7080.494744,2355.337805,2,26,3,2,0.8583322329,3,69,31,4.772359044,0.2512276637,2,10,0
50,57551.26154,8,28,765.0129228,30571.14503,24,12.76727301,0.6771775524,2461.480079,9045.311483,4336.354462,1,21,5,3,0.6599124286,2,24,15,5.83517404,0.1309025001,0,13,0
37,55427.99376,8,14,635.2179469,14951.76521,12,15.40620459,0.8669058611,3068.536483,17247.21873,5014.767314,2,20,4,2,0.9973569925,2,91,71,1.839298368,0.3595496332,1,53,0
23,76051.11744,16,39,730.4564421,34930.86629,48,4.526654992,0.3486349052,1665.364968,10316.38138,37781.28301,3,20,5,3,0.6264496746,2,38,92,7.027580131,0.3484326087,1,53,0
59,72145.51048,8,28,537.4668276,21120.77278,24,10.36728134,0.3293925925,3367.682007,7785.27042,4246.416514,3,14,5,1,0.3723289949,3,20,5,0.8090504747,0.4279604028,0,25,0
46,61051.16251,19,25,741.9965217,16021.72151,24,9.77508152,0.6364315824,2614.459507,13250.66003,42937.82229,1,26,5,3,0.8152858186,5,17,97,6.760631573,0.3896901647,0,41,0
21,77367.36324,11,21,687.7408813,32649.13799,48,4.462673443,0.4599039668,2461.784368,18098.67181,17536.27075,3,22,1,3,0.9892822704,4,1,26,0.7079782106,0.3448416426,0,19,0
32,55259.21346,10,5,623.0498271,18416.38338,60,13.64306774,0.2741608627,3430.709667,1144.847485,0,0,5,2,1,0.96083628,3,67,3,2.575255958,0.04414880462,0,41,0
22,46886.87648,12,16,705.9512659,11308.58772,12,15.41951714,0.1241407619,973.4586178,15022.62347,18348.15381,3,17,3,1,0.5906101214,1,91,63,9.488218949,0.611354033,0,54,0
22,82610.56753,14,24,695.4363418,22285.79504,12,6.36641743,0.7779885103,2111.480391,10102.94664,37339.84132,0,11,5,2,0.823242311,4,64,96,6.660694259,0.1059427505,0,40,0
22,57179.47711,19,10,649.254752,9877.545127,36,12.32839054,0.7084580436,1083.722283,10876.0369,16023.40611,5,11,2,2,0.2283393562,1,26,63,6.737027903,0.7777200752,0,39,0
61,47535.39788,16,29,579.2242999,42916.99396,60,15.18310906,0.1028220743,2755.514577,14822.70897,22842.56682,2,21,5,1,0.8986948414,5,69,12,2.070907036,0.940163662,1,1,0
53,45251.92627,13,32,640.1495422,30778.71663,60,13.03277316,0.8015724333,2042.55772,19426.75612,35601.53357,4,22,3,1,0.003465845077,4,44,2,5.323522585,0.2847702458,0,57,0
54,67184.50572,12,23,605.270906,10553.0826,24,5.027931138,0.3554675725,3907.251756,15756.13872,20637.53624,5,23,2,1,0.6460921796,5,16,22,9.863999943,0.4974509227,0,92,0
42,65992.00256,19,12,687.8228316,30253.53997,12,14.64166886,0.4571851008,1982.793703,25448.79291,17196.43197,4,25,3,2,0.8937529899,3,68,61,3.641254898,0.621993835,0,81,0
35,64364.80002,18,3,658.6498166,27029.74982,60,11.18357812,0.1795388455,1447.245714,1765.324361,0,0,22,1,2,0.7829008488,4,78,15,2.294823343,0.1363572142,0,22,0
18,42355.02773,8,17,624.1875525,24982.13804,12,7.007034919,0.3772763911,2116.624994,24344.97407,34881.40263,2,13,1,1,0.1257547022,1,65,24,5.276960904,0.5062487887,2,18,0
22,73164.27118,14,32,810.5012753,37292.65938,48,7.319534297,0.2906582748,1683.352894,8122.29067,4622.571852,1,26,3,2,0.1217500791,2,71,87,10.72701021,0.4471816443,0,38,0
18,47326.06604,15,36,775.8177207,35653.5354,12,4.572728365,0.8835007453,2575.106872,7791.106809,18597.72473,2,22,3,1,0.94883115,5,85,66,3.272862685,0.9688244315,0,79,0
28,54970.00849,18,17,732.384273,1000,24,17.29662574,0.2861479023,1288.372877,14783.88408,7822.944828,0,26,3,3,0.4728099555,1,92,15,3.378430079,0.5658702867,0,60,0
40,32608.96775,10,35,697.7612132,13102.21952,60,5.3908363,0.4113618382,1014.542924,23945.21626,18198.04317,3,13,2,1,0.7170236687,1,5,90,3.32811359,0.5673936117,0,66,0
50,75283.85179,12,0,830.9415512,11893.21781,36,16.16859367,0.613553084,2133.529453,16588.69738,21900.49534,5,13,5,2,0.09164569484,1,24,89,2.129540485,0.8124565666,0,52,0
24,78426.20889,14,7,677.8312207,16715.71437,36,13.1797077,0.1935812952,3054.378035,10131.55194,20804.16913,0,10,5,2,0.2624371223,5,36,14,11.91298207,0.2511319166,0,45,0
43,54062.34037,16,19,632.0486877,26265.86972,24,17.14112446,0.2589751983,3228.24173,18780.62651,8280.478098,3,8,5,2,0.8575481857,4,14,18,4.608651641,0.4035637757,1,65,0
58,63065.12296,15,14,695.0329285,6399.674498,36,16.74611658,0.1304723554,3471.610729,8855.717551,32702.45764,5,19,2,3,0.690003625,4,10,36,6.58694752,0.2032575756,1,64,0
30,56177.43341,15,14,698.0532134,21433.68908,60,12.4704768,0.1085581742,3026.393189,0,22420.68625,5,23,2,1,0.4851487919,2,61,66,6.446829954,0.5797628537,0,56,0
47,62326.74879,17,10,565.0056168,20172.15616,48,5.417638853,0.8105738702,3355.593965,5976.559079,18935.78791,0,20,4,2,0.1699867265,5,97,83,6.092227582,0.1197847126,0,75,0
29,49100.17898,11,27,801.7093765,20702.52249,36,14.47816237,0.743528282,1323.024685,19379.82177,43293.51352,5,13,2,1,0.5806239093,3,40,80,5.048285963,0.9313862185,0,53,0
36,89252.08531,13,16,702.8909982,32637.46988,12,9.773630599,0.3243371828,3407.124518,16113.60682,17142.95237,2,12,5,3,0.1350469488,4,75,28,10.15566322,0.5427518589,0,74,0
49,43552.01358,13,31,595.09253,35868.32717,36,3.596813826,0.1806975879,4877.891214,11357.90535,0,0,10,2,1,0.4785169859,4,56,49,4.866117098,0.7778128142,0,92,0
40,65069.92441,10,22,666.1166386,40723.49961,36,10.65504311,0.7707946714,2281.879798,31136.04987,11142.99321,1,22,3,1,0.959447035,4,37,86,11.64460694,0.8577127454,1,40,0
29,70051.76891,15,15,626.8284684,9701.864499,48,8.363361203,0.2651243159,2109.331016,27826.14217,0,2,23,5,1,0.01001662027,1,53,57,7.052012482,0.6812567386,0,46,0
49,68530.75605,13,20,683.5686662,36443.88297,60,5.842068981,0.823813944,2691.181858,21952.77802,9118.020498,1,16,1,2,0.5885666849,1,8,50,6.541360773,0.1940814264,1,20,0
19,54136.22561,8,6,642.816122,42638.35192,48,8.340594139,0.2844636548,3622.415565,16577.47425,0,3,21,1,3,0.8152066875,1,100,61,3.195035861,0.4698714543,0,83,0
38,80597.47198,18,8,769.2839527,38142.63786,12,5.120117077,0.7681633574,2848.370283,14279.46783,45201.55641,1,5,2,2,0.9725933698,1,49,9,10.3482753,0.09925065369,1,78,0
29,84397.92622,12,2,711.0030165,16721.54852,36,8.836771733,0.1223227923,1408.040357,45264.96025,17798.0166,5,0,2,2,0.02727468376,3,33,13,9.929389216,0.1148937873,0,71,0
24,51183.16867,14,14,763.1727037,33397.18031,48,15.30435111,0.8470767774,2204.721468,13576.20222,0,3,1,5,3,0.4548485232,4,69,60,3.849279672,0.5400891139,0,89,0
46,61080.73039,15,25,727.1507349,25811.67404,48,5.200731223,0.05448967649,2139.418326,10239.26942,17308.1855,3,15,4,1,0.5350400814,5,66,12,6.45445838,0.05776595913,1,33,0
19,82522.26225,8,24,547.9203391,28671.75882,48,12.00768656,0.6270469265,3058.699899,12169.0444,12038.75816,4,23,1,1,0.1404706724,1,10,1,7.259671175,0.7207036933,5,54,0
21,76989.37676,10,24,599.6975677,21300.66274,12,11.18308463,0.6380504691,2278.916282,0,33034.62393,0,7,3,3,0.9522956685,1,66,9,6.512098362,0.02544610243,0,70,0
53,59860.51651,18,24,711.763648,36129.27466,24,14.29200742,0.5213138923,1745.311475,8326.872066,0,3,15,4,2,0.6347971627,1,14,47,2.141962968,0.01622712511,0,91,0
61,59613.57172,10,13,615.9304061,31942.05914,60,11.67792618,0.09780745535,5275.045022,5421.550591,18827.92627,0,22,1,2,0.01044032741,4,16,58,2.459672224,0.2324767339,0,51,0
25,79679.50854,19,34,686.8505415,28983.09833,24,8.591077694,0.6081251477,1477.578328,5605.226392,11387.98707,3,1,1,2,0.4842883341,5,75,73,10.69767485,0.7006925976,0,60,0
62,66239.46449,8,19,719.8423334,30753.9355,60,5.563521817,0.5998799312,2684.950561,0,6992.582202,2,26,4,2,0.7969824414,5,97,66,1.160149859,0.1730182982,0,40,0
34,68004.57824,8,13,709.8672335,32163.0351,12,7.90233491,0.8875198985,2334.294352,7686.060925,49487.0265,1,15,3,1,0.1594251612,3,92,39,3.020746673,0.6466067363,0,95,0
50,87219.56048,8,1,732.3911876,4368.011965,12,15.23697398,0.4911910754,2273.259124,25678.30062,9225.683563,1,12,4,1,0.8776700963,1,4,71,11.39629601,0.9629665184,0,26,0
59,79587.54845,13,6,703.8909304,30850.45105,36,15.13718807,0.641313966,3426.786749,11631.36997,24865.81534,3,27,4,1,0.09308728862,5,27,89,9.681117716,0.9009833972,2,49,0
58,61762.2327,11,36,676.053662,6579.190039,60,11.9376438,0.09471594112,2457.499629,23182.43628,21913.22332,1,12,5,3,0.111132905,1,6,15,2.907273137,0.1516682578,1,49,0
53,56488.17743,19,21,763.91834,13319.23991,48,13.67812384,0.6005813019,1218.85618,21779.37096,0,4,5,3,3,0.3704305844,3,23,43,4.161086503,0.04994100813,1,65,0
34,40642.2406,8,22,636.9853696,38021.92791,60,15.716947,0.5796039913,2987.837222,12047.16178,37652.56591,0,25,4,3,0.1751808304,5,54,85,7.45116363,0.4604739237,0,74,0
59,63400.93688,11,18,787.0385912,14562.88738,24,4.747173387,0.07150997095,3477.56104,22514.71607,15415.77259,2,29,1,2,0.8832308564,4,48,18,11.76946627,0.697982796,1,67,0
53,44686.90712,19,5,707.6655306,48097.9913,60,3.339211808,0.6176315175,3627.684557,14287.47346,11726.08431,4,4,5,1,0.8853736387,2,36,8,11.80729117,0.06241535329,0,5,0
35,67085.50258,8,9,637.5428332,24843.53624,60,9.471871194,0.5444745815,2979.915864,16853.49589,20974.93904,5,0,1,3,0.1901482491,1,45,30,8.208510786,0.367362501,1,75,0
59,60894.78063,17,1,648.701104,31120.58828,24,10.03659339,0.6886645752,3316.565885,1132.829807,12236.9185,2,15,4,3,0.3943989501,1,92,26,9.336520013,0.5204392556,2,100,0
40,49322.73194,8,10,693.532591,47074.92144,60,14.97580402,0.2253909472,3005.13097,29374.21502,22575.82749,3,17,4,1,0.639827685,2,61,50,8.8103966,0.0693518757,0,84,0
62,57789.24801,9,19,633.7550181,23401.53757,48,15.07904974,0.7186942559,1880.178907,18922.74313,41.21777691,3,3,1,2,0.6993631913,4,82,76,9.005930857,0.7417291795,0,19,0
25,89455.21261,12,7,697.8282983,10428.2258,12,10.22097609,0.8240992249,2964.993707,19555.96118,7614.509056,2,3,1,2,0.4448671242,1,2,79,6.568402521,0.1050459624,0,51,0
62,34896.04644,16,15,743.516911,29352.77288,12,7.817361567,0.7881356486,2723.553859,11548.12487,9822.648773,1,21,2,3,0.05654239581,4,34,15,8.688865417,0.773000117,0,66,0
23,42898.76672,17,3,655.9607675,31816.28446,24,6.928499131,0.7898418685,2873.478682,4857.919278,14923.31097,5,17,5,3,0.1971420653,5,11,78,6.612412509,0.716918329,2,86,0
61,15000,15,4,712.7719719,27708.84003,36,12.82580379,0.3389672795,2496.074476,15494.35956,19475.06558,2,1,5,3,0.03245563242,4,26,52,8.525058125,0.4244769827,0,11,0
52,74916.07638,13,20,749.3218422,26774.71482,60,12.29704415,0.5738621563,3054.820047,15828.68699,7622.02554,1,9,3,3,0.002127973908,2,47,13,1.046011943,0.8383626384,0,30,0
28,68537.83719,19,2,726.9996051,32735.22443,12,8.755172868,0.6273258068,1358.502579,19597.714,0,3,27,1,3,0.8866039836,1,41,33,10.7576064,0.5617106303,1,15,0
56,54563.43048,9,14,695.1460934,24995.90132,60,10.78427724,0.3573237787,3097.076918,19571.88449,0,5,0,1,1,0.5320743923,4,27,44,10.45026656,0.1730524322,1,94,0
50,82705.1724,17,2,607.4205446,25529.74841,24,12.72727661,0.3297990495,2751.873528,395.8699727,27509.55407,4,8,4,2,0.2695747811,1,99,59,11.44514749,0.1664287879,1,14,0
27,59565.58658,11,23,498.3340675,32501.60238,36,15.62657697,0.7589264574,2237.207613,23334.9241,4795.162831,5,14,5,1,0.6174486681,4,1,22,8.708615004,0.8549605698,1,52,0
64,47958.79554,11,23,744.7426446,31572.62037,60,4.151746795,0.465694941,2052.987238,20439.10963,1342.797798,1,25,3,1,0.6509553341,2,16,44,9.466577787,0.631567354,0,16,0
30,44716.30961,10,7,605.0512946,21022.55187,24,6.595061939,0.5995061287,3252.229122,2260.438905,15389.92056,0,4,4,3,0.9819874427,2,67,80,3.769596003,0.3836671219,0,78,0
28,63651.73919,18,14,633.1103148,17753.87027,60,16.38380985,0.8056360735,1458.513488,17437.54355,20461.78139,2,29,4,1,0.3208758761,5,54,95,10.0969591,0.5239342348,1,94,0
64,61541.13936,9,21,624.9742028,24897.73984,12,13.3727003,0.6971108662,2389.736294,20244.73076,36407.44455,3,17,2,2,0.6109937188,2,98,73,11.54751641,0.9035742356,1,28,0
23,55812.81149,15,32,778.6478193,9147.830837,60,15.10743968,0.5091145494,1496.19604,10757.71166,10602.80327,5,20,4,3,0.6351142195,3,18,90,8.849448816,0.1185352745,1,88,0
61,86294.58642,14,24,674.6514046,43163.50646,48,13.79656275,0.4029075045,1820.819668,11962.56822,26248.78796,3,8,2,1,0.6014101965,5,99,15,10.32832964,0.36828729,0,52,0
44,51275.34997,17,25,655.8675654,38407.32587,36,16.02053869,0.3660072613,2011.517902,22423.01272,36926.71845,2,7,5,2,0.4011530348,5,78,18,7.62847809,0.8822971218,4,54,0
25,90506.89512,18,16,618.8181675,40680.23364,48,15.26735484,0.3050363123,2250.308749,15297.15757,23189.74633,1,3,5,1,0.232334337,5,34,6,4.655625378,0.8863186203,0,40,0
57,84960.033,15,11,635.4249287,1779.978702,36,12.45025395,0.1831013275,3196.966552,20652.32898,57210.96151,4,24,2,3,0.1483763235,4,19,9,10.44889064,0.5072651009,0,17,0
27,70981.0151,18,29,779.237112,23582.00674,36,17.08526913,0.877497701,3067.751775,9933.55575,41488.10421,2,9,1,3,0.9295921172,2,100,59,3.134977949,0.9447782298,1,90,0
27,42553.31042,18,9,681.1063772,28935.39606,12,6.35020096,0.05325486891,1116.410565,26727.41309,7174.411472,5,17,2,3,0.5761224014,1,72,56,10.76069291,0.5141391175,1,83,0
58,47299.57391,19,39,666.1934919,29399.70406,24,8.084732774,0.5954178299,2121.295575,7401.854996,10498.35342,1,18,5,1,0.5697137072,3,8,72,7.488936163,0.5657587613,0,68,0
62,50055.45351,8,38,678.7337982,16700.67342,60,14.90644174,0.5109480225,3265.854683,8483.611083,19898.91272,0,9,2,3,0.03895273424,3,64,35,8.000528672,0.9016884227,0,6,0
35,48619.56367,15,14,790.4670578,19014.41834,36,12.72729712,0.8274154214,2112.55952,25480.34556,25006.40527,2,4,2,1,0.5591414646,5,11,4,7.629071885,0.9628949466,0,42,0
43,67015.52552,10,5,679.9880176,1000,24,9.955767019,0.8557520279,1958.963157,19610.93836,0,5,20,2,2,0.1643855988,5,1,99,5.808690005,0.783204269,0,86,0
59,31616.29055,9,4,644.9285064,12427.39646,60,16.48619361,0.3947958734,3143.008114,10971.17346,18973.43184,1,28,4,2,0.9458376361,1,44,26,7.115210617,0.9867415736,1,34,0
44,72538.1009,14,20,621.1386024,30881.51522,36,6.901213937,0.1788712989,3747.082264,2356.104397,6865.681945,4,16,5,2,0.278405447,5,18,4,10.07977918,0.2930624276,1,51,0
28,50514.51775,11,7,652.0190553,15840.89009,36,9.710532557,0.2133600785,1481.856843,18140.73145,11239.06546,3,12,5,1,0.596287817,5,86,45,1.866767129,0.9839025289,0,44,0
23,46340.52449,16,16,623.2012969,23015.87526,36,12.88417687,0.3833305792,1243.668605,0,0,4,28,2,1,0.5264134391,5,25,12,4.619048363,0.7144954851,0,36,0
50,68563.21783,8,3,619.5319869,24555.17894,24,7.911444617,0.4813044634,4422.154762,11743.11353,9050.267452,1,11,2,1,0.1116643255,2,98,78,6.211830139,0.1278744194,0,84,0
43,48543.80109,16,30,743.8731054,28750.88725,60,11.49341832,0.4936531155,1183.524166,16228.88811,34935.89782,3,18,1,2,0.9675389622,3,56,99,8.408180343,0.7526371697,0,77,0
18,65444.43221,9,13,555.2894913,4163.972301,12,7.163707966,0.5403063989,3811.553361,19156.02718,34884.625,5,17,2,3,0.3706982384,4,76,73,11.93540148,0.4576448064,0,30,0
19,66109.0572,15,28,766.9697034,40714.45466,12,5.666168961,0.6079198307,2833.989725,9103.464289,15231.67653,2,4,3,3,0.01019218036,5,57,93,1.210521635,0.6499328376,0,48,0
43,62022.89698,12,5,603.6664372,12305.04816,60,6.708599313,0.2271387344,1402.201454,9472.360738,6505.31679,5,8,5,2,0.4879042423,1,80,82,9.900892587,0.07829455663,0,24,0
39,68075.31904,19,35,705.3908564,19874.11063,12,5.789270963,0.3312400585,1860.338728,18945.72437,9229.823543,1,2,5,3,0.4696242937,3,32,19,5.856398623,0.1842840148,0,52,0
43,55857.48591,13,20,702.0422042,23913.08533,24,11.48325338,0.3926284269,3146.018773,14610.67922,0,2,25,4,3,0.7488575565,4,65,70,2.949915367,0.3461110804,1,55,0
45,81264.55734,15,28,750.2233275,7892.33129,12,6.794266322,0.05592237162,735.9830738,20547.13985,13221.35328,1,16,5,2,0.4023044861,3,71,55,5.177948391,0.9679474102,1,19,0
19,57143.50541,11,15,706.9050743,29433.14347,36,9.118860037,0.2192989475,3092.968098,19616.73112,37112.68878,2,2,3,3,0.9294758191,3,84,57,2.751016355,0.8106888694,0,68,0
35,81914.40449,19,3,685.6272793,15546.74853,60,16.91739178,0.1427134686,3054.41663,30703.59507,28244.43733,4,12,3,2,0.6416411403,1,57,20,2.374227809,0.004818906308,0,90,0
62,62902.1225,15,9,630.2971389,23463.50266,36,17.83858277,0.1225915547,3435.08108,13791.18499,19037.7175,0,20,3,1,0.2837591626,2,47,77,11.93835903,0.4753952364,1,98,0
46,67110.51447,10,29,652.81649,20279.6392,60,3.782289448,0.6957611177,2558.792817,3536.272106,34599.88282,5,14,5,2,0.8861979072,5,79,50,8.176163208,0.4468040719,0,26,0
20,65073.35677,12,38,592.759806,44939.7757,36,11.06594685,0.3931527101,1272.708476,25773.08975,49562.41994,3,20,3,1,0.2371084842,3,14,50,1.70774607,0.6805666918,0,99,0
19,64906.6397,14,23,550.122156,22998.54931,24,15.87150332,0.6527513041,1291.776186,26501.08231,43768.96589,3,6,5,3,0.5016764686,3,67,41,10.54508221,0.3155249843,1,67,0
55,65333.7695,17,6,591.2421429,45354.76006,48,12.65929008,0.6983202413,2704.66317,3773.206024,47109.40995,0,8,2,2,0.06964553418,2,46,54,7.861643658,0.1898633014,1,66,0
22,54667.87211,12,33,643.855047,11571.12296,12,14.81074392,0.6987354357,3287.790546,4538.262736,13957.38212,2,27,1,3,0.03245672416,5,15,78,0.6835238604,0.974868449,0,17,0
60,55003.22282,10,10,727.0396904,28484.4082,60,16.1019989,0.6846192412,2380.919858,32263.20434,18740.81469,3,24,2,1,0.9059484445,2,28,31,5.024236994,0.768874328,0,58,0
26,75706.73033,18,39,708.060016,34913.77267,36,10.76632776,0.1004328999,3148.399687,20418.70765,29292.59171,3,12,1,2,0.8353096522,4,48,87,2.007649965,0.319867078,1,64,0
59,59779.35836,11,22,724.3127993,13810.51623,36,14.66985657,0.5772900892,4223.310807,11866.68623,15010.25358,3,24,5,2,0.778053501,4,14,83,7.480554704,0.5561866286,0,43,0
40,78586.88132,9,38,567.3977396,3785.426615,24,10.67384739,0.1979971054,1555.978252,19548.05033,24471.46476,3,8,2,3,0.7765796194,4,64,60,2.462073647,0.6323564121,0,9,0
39,65031.52232,8,0,665.7328093,34018.83096,24,14.31637107,0.8254836046,1646.908601,17107.69969,50022.59013,3,25,5,1,0.9812771326,3,17,79,8.750586068,0.7038942126,2,44,0
49,50873.84637,11,37,617.315979,22651.19712,12,15.67688877,0.1648841118,2969.980029,17504.91965,23947.79209,2,2,2,3,0.9194323394,3,7,14,2.58650338,0.4136052589,1,60,0
27,91876.97615,15,30,705.504745,41370.40203,48,12.78412001,0.1792180155,2390.952223,10223.14471,292.4575376,1,5,1,3,0.1416506935,2,56,21,6.202148191,0.894015666,0,69,0
53,56786.48469,8,4,726.6199639,9131.947716,60,7.446394037,0.3310032751,3242.96018,23812.34061,18454.14042,3,1,2,1,0.5411110139,3,44,5,4.488972164,0.09792256768,0,15,0
51,50655.57412,17,31,650.9431401,24443.07682,12,16.37223618,0.6927554778,1897.744954,17346.68054,36290.58753,3,21,5,2,0.8832593392,4,100,12,9.188936329,0.9791590504,1,99,0
42,82218.48717,12,6,670.6379847,8034.446364,48,17.77289128,0.4652665459,2630.576716,26665.24512,8512.093291,2,10,2,1,0.8234395788,2,33,14,8.365925896,0.1531632017,0,93,0
47,47366.24443,8,21,735.188541,24977.71696,36,11.68799261,0.3940381512,2638.498595,12781.96975,4260.408417,0,24,1,2,0.7662601528,2,39,99,8.684248512,0.3540258876,2,72,0
26,54461.96973,19,20,595.0702421,36953.14936,12,7.23652993,0.4955080914,1062.991818,32828.10833,25910.56339,0,8,2,3,0.6582614091,2,14,53,5.822532726,0.4803063101,2,47,0
30,53135.75295,11,37,643.2661473,33141.47933,60,10.86928063,0.6723935891,2452.832574,25321.41988,44991.58255,2,11,2,1,0.1043556622,4,28,83,11.4020245,0.1562851425,0,32,0
58,62761.46951,18,15,698.7248604,42050.78911,24,16.6457011,0.8182120956,2306.144679,5667.566054,3765.005446,2,0,3,3,0.2710879767,5,21,100,2.233166045,0.7495074025,1,36,0
56,88539.85596,10,15,713.0704211,40155.26799,12,10.73395432,0.149975931,2801.141403,5781.200526,0,2,15,5,1,0.3564833629,1,11,85,9.912189404,0.4110162111,0,97,0
18,58674.66671,14,20,719.4979628,44875.88518,36,4.564847171,0.5127274242,2282.944622,2680.98257,21371.24929,3,1,2,1,0.7879175778,1,15,23,11.43429724,0.4244644454,1,9,0
34,49458.35841,15,10,746.7786799,33750.58273,48,3.694510951,0.08541111863,3706.087864,8932.35697,28166.65963,2,4,3,1,0.482397929,2,90,7,10.28646959,0.772396863,1,26,0
19,61342.78487,12,13,764.0303652,23962.31516,24,14.39291933,0.5683525363,3292.649693,18277.97685,0,2,25,1,2,0.6240416413,5,13,53,11.66479073,0.2494566652,0,13,0
51,71275.267,8,35,667.6581544,12060.4517,12,8.861700472,0.4000779506,760.1661959,20922.784,6883.870297,0,8,4,2,0.7772743137,4,79,99,1.569794985,0.2975378021,0,35,0
55,71459.86632,8,23,717.8109152,18134.60805,12,7.966757644,0.1654906564,2363.566241,26613.87799,15930.14768,1,8,1,3,0.4456475006,4,30,10,8.282588291,0.07232734679,0,17,0
18,59074.06185,8,8,694.3850483,23726.07606,12,9.818791904,0.7577254343,2345.947146,21683.04345,12463.17373,0,14,4,3,0.7284266652,1,47,62,3.205046381,0.1393102738,1,46,0
40,84382.796,16,6,627.3711319,40415.52338,12,13.43005932,0.5274086413,1973.981238,0,40429.57541,5,17,5,3,0.208602249,3,26,51,5.307599802,0.3333057917,0,87,0
35,79394.92415,13,18,670.348429,8027.787056,48,5.473887573,0.7788031461,2056.397287,14584.43168,20819.17698,3,21,2,2,0.5396264746,2,73,39,2.419463893,0.5699541368,1,65,0
29,72752.2619,9,12,651.7119235,30830.55126,36,7.954917172,0.5457557232,2029.86854,6066.150278,35729.03155,2,26,3,1,0.5305711455,3,43,81,2.511425605,0.9347374461,1,7,0
26,70242.44581,14,17,681.4880244,39266.17948,12,13.90859225,0.0998224461,3189.175212,22916.17082,16912.69008,0,12,4,2,0.4458958619,1,45,70,3.071019998,0.7638991026,1,17,0
28,72223.24001,12,38,755.6875194,34787.82821,12,4.59607672,0.350322687,2019.376108,12863.45473,32718.61557,0,5,4,2,0.2829497468,4,71,33,1.99913337,0.9252327021,1,99,0
21,41708.43995,13,25,666.7467952,23059.7135,24,6.737124495,0.7979346036,3474.865628,9680.619006,26119.65501,1,24,2,1,0.3469073679,3,71,86,2.838557068,0.6061324295,0,71,0
49,56141.44836,17,21,721.43601,30398.86909,36,8.326114759,0.1817625902,1751.759598,24643.97497,44183.36675,4,2,1,2,0.3672248893,1,41,66,7.594482716,0.781172435,0,35,0
40,58530.83667,9,32,638.5983546,20954.84624,36,8.816126486,0.3304113424,2984.975699,0,21737.4515,5,17,4,1,0.7611883979,4,8,74,2.09983816,0.8315235735,0,93,0
32,44692.38459,19,37,599.8698846,39262.06454,60,17.33889332,0.7741460228,2359.320915,22627.0197,27662.24755,3,25,5,1,0.5189502056,3,34,53,5.348315093,0.2784678286,1,2,0
21,81152.21261,11,38,630.4412319,30307.57196,12,3.500347835,0.1621561806,1473.865239,7614.119782,30022.92475,5,16,1,3,0.5525689464,4,28,28,10.87687829,0.4589191097,2,36,0
46,32168.6286,8,27,638.1281752,24421.24268,36,6.157067834,0.7329082596,3094.947249,34258.1778,11672.53818,3,15,4,3,0.1680766798,4,98,53,5.151876773,0.6660533524,0,39,0
20,64853.80668,18,16,698.90536,19715.88604,48,12.995442,0.647431703,3916.645965,27026.87978,17017.7958,4,25,3,1,0.4657618739,2,77,72,1.136601796,0.4175600257,1,56,0
58,65712.09623,16,32,598.9989111,42209.67947,24,3.276629542,0.1089641687,2354.126303,10775.54725,230.884335,3,21,5,2,0.3553658088,3,84,72,6.269067251,0.2345517487,0,80,0
51,62211.67115,10,6,682.4088253,27622.6599,36,14.14465706,0.8544021009,1881.30757,37852.43804,35803.61597,1,12,2,2,0.7542988636,2,46,44,5.53947859,0.07384495084,0,67,0
54,60898.29786,18,23,636.3033756,25705.13036,24,3.665659162,0.1622775868,3458.238814,9971.216161,0,2,20,1,3,0.2247989693,4,73,40,10.75031516,0.4955717941,2,8,0
53,39671.72625,15,28,768.5178247,6827.925787,48,16.96100336,0.3008995624,1589.224911,20518.68862,18039.96889,0,0,3,2,0.2047494306,3,86,25,6.315630943,0.729034445,0,19,0
55,58019.09516,15,14,711.0635012,5174.812124,12,6.411235253,0.2678685944,1536.909872,11176.13207,17864.44248,5,8,1,3,0.6685109679,2,50,32,3.801301703,0.5053337382,0,26,0
37,49111.41606,13,1,600.6316704,26850.47914,48,3.829956519,0.07260571893,2753.397346,30440.78066,9569.308128,4,5,1,3,0.5815839994,5,18,32,11.60669243,0.110661827,1,86,0
52,57001.45765,19,25,636.3212754,38660.39664,36,7.766443054,0.2374430514,3557.510297,15915.10472,11335.38082,5,6,2,3,0.477685538,5,41,31,9.681910142,0.6624624718,2,30,0
62,43788.16623,19,37,659.6193047,20364.86314,12,12.44361043,0.60232773,2458.924045,18020.01382,27847.60783,3,28,4,1,0.4327253417,1,28,50,5.691800094,0.8188071083,1,71,0
63,59502.93243,16,37,675.8032586,24926.09491,60,3.586641891,0.2460138135,2046.814497,13142.78899,0,3,25,5,2,0.1310209182,4,21,39,10.75129403,0.9182352215,2,72,0
44,80789.03058,10,25,632.6212497,13800.16233,24,3.513552711,0.190015772,4362.894792,5985.308476,36399.75581,0,19,2,3,0.7547441082,1,75,2,1.312951473,0.1674992454,0,37,0
49,41841.16151,9,30,713.7245096,28500.29218,48,8.014231961,0.07405096169,1453.602199,0,12790.36891,3,16,1,2,0.3375627137,4,19,95,0.7838060769,0.6891123162,2,4,0
47,58346.99497,11,28,650.4918028,2435.808185,36,17.65080969,0.8533598875,2451.084999,19026.07489,5693.548777,5,19,2,3,0.5642420561,5,43,85,4.827954963,0.5081792243,0,63,0
24,57855.37221,15,34,577.6878606,18411.18003,24,7.392818251,0.4014448239,3765.01099,11144.97426,12480.24161,4,0,5,3,0.5300298906,5,35,29,9.986038398,0.5153413268,1,78,0
28,45171.84834,16,18,755.5237734,10197.73191,36,17.80590891,0.05273222586,2486.055813,0,32546.86748,2,7,1,3,0.3328896695,4,73,36,10.84407242,0.6880352822,1,9,0
38,55371.79636,11,35,681.684276,15142.56649,12,8.002713407,0.8006595238,3068.444483,23244.36077,13846.86897,0,28,5,2,0.7152057416,5,50,55,9.466401779,0.262629712,0,66,0
55,51154.69053,10,29,743.26268,36489.9509,36,10.17633291,0.6258104379,2961.32116,6199.520541,14904.34401,2,13,2,3,0.9552578989,2,33,26,2.155966001,0.05265291261,1,70,0
36,48257.1268,10,20,801.6332579,11400.93286,36,6.833245596,0.5452463125,2853.513537,7768.757394,9838.545508,2,20,4,2,0.651641465,2,65,74,2.995786903,0.2238022738,0,47,0
35,46521.24343,9,37,686.1876042,12287.94843,36,16.17010747,0.6815272391,2986.927361,19300.6675,0,1,12,2,2,0.1823915725,5,16,10,2.468098582,0.2346917811,2,9,0
56,57687.20531,12,19,702.5731952,19867.36917,60,12.20136826,0.7053747075,395.3613124,22359.31763,19940.41779,3,21,4,2,0.2099566206,3,12,62,7.592163452,0.1014772437,0,99,0
44,61802.04734,11,10,674.0238068,22249.49508,12,3.526196352,0.05456441378,2968.159907,18095.92704,53568.21174,2,18,1,1,0.2455274917,1,41,55,10.83397339,0.5562178764,0,11,0
52,73938.28061,14,24,688.8038209,13506.01222,36,9.294513891,0.2385830005,2371.425009,3613.643234,35103.48803,3,1,1,2,0.2803600554,5,52,21,7.287391098,0.9074684214,0,88,0
19,37785.19293,18,6,686.6274425,2998.932609,24,9.107607307,0.3589573468,1822.680083,15476.76433,21193.29245,2,1,2,3,0.1808577271,4,100,71,5.91033669,0.4709609099,0,32,0
22,31253.81544,17,27,616.5743466,20492.19836,60,8.638203168,0.3298143407,2389.960607,0,16193.96393,2,0,2,1,0.7158653446,5,13,84,7.2645058,0.09785526059,0,30,0
34,44124.70737,14,2,736.7559994,23205.36691,36,14.10778306,0.8906360105,3470.547943,22497.85696,34069.34047,4,1,5,1,0.2142920652,5,91,38,1.264933153,0.5493843181,0,43,0
61,52132.19177,9,29,753.2631171,6946.374657,48,8.478253015,0.2734243298,3213.095342,10054.36385,44854.29503,3,0,2,1,0.4454664304,5,68,35,11.59530443,0.9647298745,0,74,0
21,67788.03034,11,38,734.4911252,17639.16887,24,8.88904817,0.3442305277,3416.560482,15386.9124,3552.94031,1,10,4,2,0.9906783164,5,34,67,11.21616247,0.02528702657,1,20,0
33,52338.72133,13,23,706.2803195,14761.23285,60,8.44962795,0.6626587202,3374.882574,18843.87043,28064.72254,2,23,3,1,0.4466804941,5,71,99,9.060474025,0.7079207343,0,49,0
62,40738.18827,14,39,740.8591055,29564.35589,48,9.362840625,0.2487074678,2935.715385,33144.05028,29850.3211,5,11,2,1,0.7596725077,1,43,58,8.604541858,0.4100318757,0,18,0
63,18833.94778,11,26,583.3330935,34550.1676,24,16.59317034,0.07148998416,2239.508805,13155.80092,16443.33403,4,2,5,2,0.00802096597,3,4,3,5.371861732,0.3844688551,0,1,0
60,59251.56598,12,39,730.8134753,20420.37708,36,7.256549717,0.1228749001,3021.608107,36548.05942,24805.8323,4,3,2,2,0.525838588,5,14,75,3.95400228,0.906792225,1,26,0
51,17453.32133,18,13,742.874617,18252.95301,36,3.829006826,0.461021139,2712.472323,25425.70115,26993.1575,3,19,3,1,0.03965763484,5,49,31,1.440050824,0.782084504,0,67,0
41,75341.02809,14,16,566.5614621,37960.39569,24,4.476637828,0.6460737105,1965.90469,43168.78026,1129.874339,2,4,1,3,0.8133942435,4,84,20,1.894962411,0.6403684712,1,17,0
44,66965.71036,18,25,695.4363281,29691.88852,60,12.12941186,0.8300379283,3088.498349,17775.39463,42801.93803,2,3,2,3,0.9978519906,4,85,11,2.791963491,0.1765558277,0,38,0
40,66264.33899,18,26,738.6869728,20833.11825,36,12.97289513,0.5438090717,2048.672197,4025.657006,0,4,23,4,2,0.7163572935,5,98,13,3.393732973,0.634284088,0,3,0
44,68693.90783,12,18,719.9400627,15172.88655,24,9.192944876,0.7256860042,2995.17707,1994.398638,25064.28186,1,25,1,2,0.07540094443,5,52,56,0.5952193487,0.6580454528,1,24,0
21,74029.05759,16,21,710.3867929,26621.45979,36,10.37509052,0.1724156268,1442.741388,15027.44227,9419.661217,4,6,4,3,0.5235330031,4,73,24,10.09152277,0.9826717322,0,84,0
42,40599.22294,9,11,708.0981564,29940.99719,60,10.85338123,0.7149259931,627.0467533,20462.03627,15001.01936,4,11,5,1,0.8535097718,3,83,48,7.81290716,0.1681513942,1,42,0
39,47766.00471,9,37,623.1292822,17156.06546,24,17.63485831,0.7904724198,3166.959363,17256.68933,17590.53279,1,21,1,1,0.2049787566,3,58,77,8.290452086,0.363276049,0,47,0
51,65078.19442,19,29,800.6863076,42856.09623,24,12.96489021,0.6197602265,3049.766484,20791.94826,0,1,18,1,1,0.1668848078,2,44,73,4.777767163,0.9053659687,1,44,0
36,65374.39298,14,36,672.9518486,21498.15341,60,15.9309975,0.7797208527,1885.572826,1792.242298,19614.44945,1,4,2,2,0.9798680948,4,26,57,1.930645219,0.1632344072,0,14,0
37,50911.99077,17,25,777.4171187,20893.30971,12,16.95078231,0.5358747829,2378.810539,6952.492792,6297.916752,4,5,5,3,0.6650919661,5,36,24,7.871468239,0.1385860369,1,57,0
30,80771.30727,17,1,695.501715,12228.93967,36,12.44868381,0.3545777477,2831.260625,4657.316229,34.28133987,0,27,2,1,0.3472062455,4,66,12,6.012793245,0.1815734349,0,85,0
27,65727.6567,12,34,763.3878525,16541.41524,36,3.478498,0.5035755611,1769.76282,16999.71382,26751.77413,1,20,1,2,0.1848348846,4,45,4,4.880312975,0.430907319,1,64,0
62,47461.18512,15,1,735.7557745,40596.57261,60,7.574065789,0.7237441818,2633.293201,0,32016.93792,3,15,1,3,0.02589377771,2,36,75,0.9187539611,0.2080347664,0,86,0
58,50103.27131,15,35,638.424284,22488.00976,24,9.274094951,0.6067044143,1858.017723,16703.06034,20378.36166,0,14,5,2,0.5043277525,3,60,12,3.376615663,0.9259551566,0,16,0
61,101602.2484,9,28,698.8828587,48517.17971,60,17.44807663,0.06722344583,3340.865437,8666.303465,9564.124152,5,23,3,3,0.7119060732,4,21,34,7.496107477,0.8364686038,0,22,0
49,68106.23581,10,15,643.1725185,14173.77793,36,15.99701768,0.08657875763,1715.310426,7735.716619,14814.90804,2,12,2,3,0.9280047998,4,88,96,9.218198434,0.1106473483,0,19,0
59,58313.25275,12,38,717.9077821,19195.10765,60,7.429452468,0.4318351933,3528.857136,10448.9632,17709.50476,3,3,2,2,0.7979211432,1,7,88,10.76814686,0.7529322437,0,75,0
42,36894.56141,13,15,679.1329938,8548.987208,24,17.46773978,0.7895533517,2883.776512,22791.81064,6176.404148,4,12,3,2,0.8074583504,5,20,76,2.250362655,0.9300396939,0,33,0
35,47326.20259,16,34,719.4102349,32109.91294,12,12.66275914,0.1243580741,300,0,21193.06557,5,3,5,1,0.6910275578,2,80,42,11.51927033,0.9880206023,4,61,0
56,60905.66244,18,8,630.9100586,16153.27218,24,9.610769689,0.4042670137,3060.724539,26670.55645,9775.599643,2,15,1,2,0.1946630866,5,20,45,11.73746262,0.8148290465,0,33,0
54,32878.39859,11,14,728.874491,17459.44557,48,5.906131106,0.4437486944,2726.649857,27799.0662,23410.31272,2,10,4,1,0.6899971418,3,29,88,8.335586663,0.066843774,0,41,0
50,64654.0637,19,2,657.9477911,2986.700962,36,3.450720494,0.2285752953,2553.736022,25471.37401,26271.06985,0,4,2,3,0.2989755076,2,39,49,6.137561741,0.6170836942,0,63,0
57,42143.96193,14,5,599.5329924,39744.45889,36,6.118695021,0.2361213412,1092.13115,0,20348.60751,5,10,3,1,0.452645703,4,73,19,7.34650173,0.3135544346,0,43,0
40,62964.12323,9,27,779.4270002,37509.18802,60,10.665118,0.1830158266,4200.22911,10250.11635,7444.349139,5,26,1,3,0.3455137753,4,89,57,3.069711614,0.5268058363,1,27,0
42,71671.60582,11,0,755.0968883,39722.50473,60,17.86590725,0.6781657156,1494.146264,21549.26538,4656.479758,0,3,4,3,0.1583675577,1,92,33,0.8055809226,0.3456597891,0,22,0
52,59480.94805,13,39,697.8048899,26504.55541,12,12.92834885,0.08071527329,3475.349995,9425.276465,30208.14421,0,8,5,1,0.1953572014,2,49,30,4.141459923,0.7982539336,1,1,0
58,43020.41255,10,20,704.3598879,24325.95128,24,4.205396513,0.1154568537,1298.241488,21436.94142,0,4,2,2,1,0.3295933277,3,32,43,11.06572665,0.05150531832,0,82,0
53,51608.69673,16,22,713.2023925,20942.16272,60,11.39750027,0.8745253195,3978.366156,6071.382201,27963.82311,0,10,1,3,0.3963074411,5,41,88,2.302741488,0.1679208263,0,55,0
55,59024.00584,9,35,730.045923,28537.87721,36,8.122238218,0.428858508,2946.698344,17019.88142,28756.29721,1,20,2,3,0.4874963574,4,65,23,7.674783402,0.08235146818,1,66,0
22,63079.99831,16,14,629.0920708,38826.4393,24,11.34235001,0.2733951027,1096.922505,8709.870646,43726.36818,3,0,4,1,0.3150584485,1,11,4,1.427166155,0.8523245402,0,62,0
33,61709.68589,10,9,628.1912518,17834.07506,48,7.127350878,0.2844432228,2100.68766,21413.25853,25815.75513,0,25,4,2,0.3876417931,3,25,5,10.26944622,0.1055605474,1,10,0
60,46618.05039,10,0,681.9698982,30550.32476,36,12.15877323,0.6997749712,2721.387406,17012.19039,33791.05587,3,18,4,2,0.1380941788,5,73,98,1.879934424,0.8138072279,0,82,0
60,41368.70225,11,7,645.0769904,8432.209084,36,8.188824562,0.3490327297,2377.29313,9300.868874,24721.07409,1,8,2,2,0.03919261298,3,60,31,2.960697483,0.2411707497,0,82,0
64,83520.66928,15,17,603.6759185,27657.90348,24,12.88229343,0.2043971981,2680.272517,23410.64336,17591.89987,2,14,4,3,0.8239448363,1,10,11,3.741965715,0.2491251564,2,69,0
35,57744.54118,19,36,722.6382439,1000,48,10.18221965,0.5273184814,3934.038573,0,0,4,9,1,2,0.3872101391,4,50,74,8.248449808,0.8412758335,1,94,0
26,38755.71106,17,11,685.6986411,23949.95414,48,13.76812134,0.5700972373,2123.231573,15465.421,1410.674911,3,14,5,1,0.4835998024,5,27,80,8.581340949,0.9911864075,0,25,0
52,44913.5622,12,11,686.8965838,20171.06407,60,6.461772936,0.3293261209,2896.815864,4447.682065,3118.954329,0,23,2,3,0.3910746667,2,1,3,10.79204532,0.2958265877,0,91,0
50,43721.17728,12,20,724.4414806,13673.66799,60,12.99821973,0.6115737936,3865.108893,21542.80812,10393.28919,0,8,4,3,0.6213151823,2,78,3,8.851191746,0.132869374,0,64,0
54,61690.79196,17,17,738.6831949,20637.84101,60,16.59688147,0.4628891155,2187.546017,14335.04024,45216.17362,2,4,5,3,0.5539552763,1,98,63,4.298340312,0.262397132,1,24,0
33,53900.70344,17,30,714.111712,12413.21684,36,9.922028989,0.6420810612,2714.625886,14423.75649,28467.69777,4,4,2,3,0.06891759848,4,80,18,6.280972514,0.3121826463,0,54,0
46,69060.25461,17,27,577.2113305,32545.91622,60,12.790903,0.1308375463,3003.42005,18917.1763,25422.8836,4,24,5,3,0.6813014305,1,91,50,1.497900079,0.4140940423,2,69,0
56,77525.55731,8,15,682.8660184,13935.16891,24,13.17208079,0.8995704646,2329.221631,21404.58545,28568.6254,3,11,1,3,0.002021402133,1,88,39,5.355622177,0.4249376853,0,11,0
44,44920.17647,18,38,686.7330642,34019.44791,12,15.67889012,0.6868766476,2429.091883,8226.959574,16346.17937,3,26,2,1,0.03872734375,4,26,73,3.013017031,0.07609044217,0,98,0
34,55472.16049,10,12,682.5669397,26913.30371,60,16.00057566,0.2341370596,3285.849259,9326.246353,18011.36141,2,1,5,2,0.6005828569,3,23,21,10.65063775,0.6040539653,1,51,0
54,37624.18981,13,38,716.9319006,26719.8979,48,9.642594059,0.2866705635,2523.757354,17901.01464,24591.83314,2,25,5,2,0.6885982017,3,28,69,11.29109947,0.396458318,2,85,0
31,60917.4213,14,2,762.6058295,22609.92258,60,14.00693981,0.3782257388,2715.779317,15274.81761,21979.25223,2,18,3,1,0.5960915948,1,89,52,5.561305094,0.05582469762,0,40,0
29,62808.17762,18,33,725.36412,13442.89828,60,13.32584187,0.05045465604,3771.617107,862.0760499,32095.68091,2,17,3,1,0.7389297765,1,90,41,11.5803747,0.8538237645,0,99,0
59,81098.02311,18,14,721.5030364,16644.05086,36,14.36960151,0.7986539378,2875.152777,3137.995849,4584.788951,1,5,1,2,0.8205522923,5,81,57,10.11203044,0.3213507045,1,16,0
46,35581.1196,18,36,603.3913935,34451.27266,48,9.969223974,0.61180922,3398.418555,1523.067509,39636.3017,2,0,4,3,0.8308468881,1,82,41,11.65902229,0.592094521,0,24,0
39,67258.95084,15,0,699.3763254,39611.64529,12,15.10983206,0.3767634113,3100.411446,21172.88112,9158.140444,4,13,3,3,0.7480283287,1,35,85,1.920965123,0.8470725937,1,55,0
64,49294.13771,18,32,677.7744073,1000,24,12.14691502,0.3341377003,1846.982103,16364.80431,16014.21094,4,19,5,3,0.8822264298,4,43,89,2.82624523,0.04537923295,0,89,0
42,70611.9719,18,7,760.3617765,26167.02712,48,11.51847013,0.06759673526,3183.825394,20575.68497,0,0,10,5,2,0.5093518119,1,50,76,11.44552059,0.7845210352,0,59,0
49,68345.26291,12,36,638.7884273,36951.89494,60,14.11725726,0.2508213641,1859.552241,5597.714367,36835.6229,3,29,3,1,0.2316116572,5,29,1,7.854973399,0.7479002615,0,65,0
63,59077.82863,10,38,712.3022543,35218.10546,48,16.54711907,0.4578328527,2436.518925,0,0,4,6,3,2,0.6398613095,4,38,52,5.407247036,0.1507745454,0,57,0
47,52265.21175,16,9,687.6818634,37728.5097,36,11.77075372,0.1438616935,1614.813133,14411.32933,15662.33955,1,22,2,1,0.4091863526,4,35,73,11.20548975,0.240542671,0,77,0
52,67340.44829,11,37,729.5838998,41152.51618,36,10.87779317,0.3957498895,3740.997517,14659.16831,29267.31577,5,10,1,1,0.9097065226,4,37,58,8.524694688,0.4375458874,0,99,0
45,64273.67224,8,31,630.6966789,30256.93668,24,4.133972429,0.4850760066,3574.086888,8181.959088,8292.961149,0,8,3,3,0.3057691818,1,77,12,5.939287494,0.1641094857,0,38,0
63,67627.75764,8,17,700.7442737,11298.53545,48,7.067245713,0.2286507593,2998.486131,16158.83218,10389.21148,1,6,5,1,0.1445784883,1,80,60,6.447006961,0.255919799,0,61,0
53,62507.1562,14,38,810.0621019,10842.94933,24,15.13949439,0.4461552771,2826.048813,11662.67824,24195.46349,5,1,4,1,0.296829814,5,94,62,8.764716266,0.8097970816,0,97,0
43,45969.74073,19,15,701.7769514,30872.13905,24,6.692923849,0.8383029831,1383.332044,0,38987.23951,0,16,3,3,0.6271230944,3,73,71,7.184261452,0.3906394568,1,95,0
63,84040.70004,19,20,692.0760594,29782.10324,48,14.28218228,0.4413881506,1810.692728,36695.27504,16675.1127,5,28,2,3,0.08710366634,4,81,9,9.106786172,0.1846253178,0,71,0
42,48994.29616,11,24,686.390561,16932.87562,36,5.193964155,0.4616322936,3029.801261,13839.72059,13633.00904,5,2,5,2,0.08998870383,3,44,18,8.642365844,0.8459459707,0,12,0
29,66305.95304,17,27,815.9037195,33720.34905,48,6.070487094,0.160074037,1576.112134,0,0,2,20,4,2,0.7851793716,2,22,85,10.89459303,0.6502638476,0,67,0
41,69131.75322,13,31,509.3108124,32786.03052,24,3.229248168,0.8086457289,1706.816366,11642.25142,3140.515875,0,19,3,2,0.9630210439,2,9,60,0.8961876043,0.7434256878,1,9,0
39,66612.24776,18,29,617.5204768,14176.99337,24,7.733554164,0.6526965993,1775.997387,19185.25496,25651.84924,1,5,1,3,0.9996439924,4,47,40,4.2852099,0.553535429,0,1,0
35,44038.2583,8,31,724.0879956,29242.79543,60,10.61119075,0.4761102991,3299.273219,0,0,1,1,4,1,0.9426633913,1,85,44,0.9940527875,0.6648288659,1,38,0
19,72363.40817,12,2,601.2379802,18265.71434,48,10.23981713,0.5134836246,4147.535602,25272.35518,23005.89302,0,29,5,3,0.2542198747,1,69,7,11.01186065,0.8072425215,0,21,0
22,75800.5878,11,33,689.2353642,20051.0502,60,13.44458174,0.2556336438,2732.40347,26253.22427,41731.25215,0,2,5,2,0.5865584835,2,91,22,4.673818276,0.08464836186,0,96,0
50,67869.26478,17,8,553.6694459,23973.81431,60,13.29684884,0.5147614056,3199.68417,22328.83829,16009.52996,0,14,2,1,0.9823973844,3,57,17,10.65787122,0.6311403409,0,46,0
54,113267.9282,9,35,586.0754344,30157.69526,12,5.836144022,0.3663905022,3399.238781,1859.171597,31868.5396,0,14,4,2,0.9079339701,4,5,18,1.369780044,0.8003420756,1,21,0
23,72668.70397,17,7,665.0506225,12481.93084,24,15.23000994,0.8063985839,2219.887385,10685.501,15696.61614,3,1,2,2,0.7194329452,3,67,98,6.051743537,0.7060069619,0,64,0
38,48504.73527,14,20,553.7526413,21740.05602,12,6.772541224,0.148703413,1207.461233,20223.90724,34458.49404,0,21,4,2,0.358194658,4,22,11,4.130393435,0.8076589913,0,51,0
22,41140.01273,15,13,743.3723231,38357.78782,36,6.781543646,0.1356479074,1455.837499,9384.984451,48684.9234,5,5,1,1,0.6354522085,1,47,59,10.09419264,0.1594702005,1,66,0
52,59943.30811,9,14,638.4364534,38712.95108,60,5.013183635,0.4190197774,2094.362958,11832.25663,20606.89672,3,0,2,1,0.1590766036,2,28,5,3.029598527,0.7227618148,1,61,0
36,56821.95501,13,34,722.0726303,12994.48432,60,12.74577111,0.1078161334,1261.987349,19167.0035,0,2,15,4,2,0.1464320288,1,26,20,9.810531997,0.5349759776,1,64,0
47,62649.99085,17,32,687.2212408,18840.55036,24,3.856894715,0.1196881939,3513.168293,20481.62726,21541.08429,2,9,1,2,0.1843857951,5,66,3,9.054705093,0.007121345333,1,1,0
25,62499.66501,13,20,587.6698663,31813.49555,60,11.17314983,0.2752808477,2299.029502,11504.36632,8944.583076,1,1,4,1,0.9560808653,1,11,39,7.708581685,0.8902878888,1,34,0
25,56083.94417,16,11,674.6355733,38667.96923,12,17.40013403,0.6847197622,2503.89498,11397.576,29968.40172,5,0,3,1,0.9953000503,2,7,39,6.130383222,0.127936626,0,1,0
62,57680.26973,9,30,782.1852808,36752.09695,12,4.282029462,0.1311954481,1638.137955,21574.06348,18023.13771,4,28,4,1,0.7352641983,4,56,49,2.36361697,0.2394475417,1,55,0
62,66612.48641,19,26,637.3541447,20926.06323,60,5.833978769,0.8927561755,2691.116904,6090.865757,0,3,4,2,3,0.5873679782,1,41,56,5.928338134,0.958449665,0,61,0
22,48167.10447,19,29,642.4454053,18809.75893,48,4.262636989,0.0991059101,2520.578614,19302.04998,12815.12144,5,28,2,3,0.9458216238,3,29,8,3.053342729,0.4782747658,0,77,0
55,24222.70626,17,0,764.4168351,29642.48419,60,16.2399119,0.7497855305,2934.331487,25562.28747,16251.71498,4,11,1,1,0.680529151,2,21,35,1.337683758,0.545718043,0,9,0
20,70854.26239,18,31,709.2411716,7744.748301,24,4.680256821,0.4511388385,3861.436839,0,29568.25739,0,0,1,3,0.7394325609,4,12,35,9.81740039,0.8988399016,0,82,0
43,53007.64285,8,16,699.2040866,7663.161703,48,8.527646479,0.2192226489,1664.282248,32537.28406,6914.335272,5,25,5,3,0.933117817,5,46,74,2.686124259,0.53595976,1,64,0
39,49748.9412,10,21,730.0852679,31936.55255,48,12.53442485,0.1523160067,2611.872441,10891.93231,2403.687367,5,28,3,3,0.5983978806,2,72,19,7.854129465,0.5515382875,1,50,0
40,66461.13099,17,24,698.0322728,26139.51436,60,5.181022027,0.6203884618,1785.606731,16962.21805,0,3,20,2,2,0.7579192479,3,25,38,4.578919045,0.4176572796,0,32,0
26,53011.91839,17,35,634.3186289,12799.79871,36,9.043342524,0.7399581255,3054.39211,18006.57743,11129.43753,0,20,5,3,0.5092114314,4,13,3,7.859176896,0.7013950804,0,17,0
61,60139.82495,13,6,619.5686465,34023.8228,12,11.13656356,0.2804217411,2015.519672,11735.01842,27929.36342,4,28,2,3,0.9079402346,3,97,14,8.025697056,0.2437148752,0,57,0
64,71224.76423,13,19,803.3987324,15463.46095,36,17.78166464,0.5077418864,2039.453913,7953.209285,24948.20569,4,24,3,1,0.7590905988,2,26,26,5.720434677,0.6666136997,1,18,0
63,39921.59474,14,23,718.7603105,23149.59494,48,5.840731505,0.4942117551,2430.46736,12031.49765,29387.657,2,17,1,3,0.8543912977,2,40,47,3.277316678,0.2471820228,0,31,0
59,73722.8069,18,30,778.6857454,4182.347546,24,4.83071396,0.5486143215,3068.237719,21665.66877,10062.10361,3,11,4,1,0.8539042005,2,77,46,4.777327645,0.3039652785,0,34,0
41,52186.7907,17,28,588.6916708,42078.49629,36,4.738544731,0.1239186176,2904.717837,13771.06834,0,1,9,1,3,0.5667797435,2,4,42,2.456035834,0.612356874,0,30,0
51,49581.12613,16,18,663.5382514,42428.89128,24,3.247660508,0.6607798412,1337.639591,11774.07843,22304.72286,2,7,2,1,0.7575732102,1,96,19,9.855462709,0.2498117812,0,22,0
27,42581.28793,17,9,734.3008456,17254.37069,24,10.52192105,0.6762495135,2748.404903,22314.72993,13603.86839,4,24,4,2,0.8846753744,2,45,74,6.560580923,0.3934040262,0,91,0
28,79278.75732,8,32,618.7029569,1000,12,9.03985588,0.4613883252,2101.498661,15536.57,0,0,15,4,3,0.9588736341,3,39,49,4.612605241,0.7745927112,1,22,0
29,75781.71529,17,18,668.3157193,26764.9295,48,13.72526234,0.4027339936,2056.138416,20379.60329,16257.03576,1,16,2,3,0.8572310114,3,4,22,8.066350139,0.3480459379,0,51,0
24,52533.58985,10,27,678.850874,19875.87801,36,8.990916954,0.7331973345,1329.899264,16659.61487,20921.86243,5,28,2,1,0.2424082067,4,61,15,8.441374971,0.4719556656,2,69,0
29,66405.78929,19,9,678.2152781,26274.61784,12,17.39548346,0.13841391,2702.755013,23201.8376,8853.373763,4,0,2,3,0.008440066161,1,28,37,0.8391073797,0.005284321782,0,71,0
30,70711.98734,10,24,725.9458099,1000,36,3.951958311,0.2499727089,2411.683666,0,12294.57587,3,6,3,1,0.6894730636,1,48,35,8.346153228,0.4455525375,1,76,0
38,34676.3389,13,21,598.0688673,24270.89408,60,4.463602584,0.3844050723,2637.699365,6641.737556,0,5,23,2,1,0.0757696492,3,1,20,2.543986941,0.9061650622,0,81,0
51,75437.4243,11,35,686.5015631,2788.417389,60,10.24322689,0.4205636818,970.6319488,0,16552.06133,5,26,5,2,0.3183364699,4,30,4,6.65161117,0.5759758491,2,67,0
54,79788.00055,16,20,640.802151,41584.84141,48,12.04572055,0.7347892056,3608.944846,2334.655233,22783.715,1,19,4,2,0.004286926425,2,38,17,7.474205034,0.2102614535,1,30,0
43,63505.49719,15,25,687.0793186,12376.4997,12,12.04621205,0.3708455089,1962.340699,21346.57806,9516.929965,4,1,2,2,0.9286209556,3,47,61,6.820587357,0.1138852384,0,45,0
24,65638.80984,14,4,789.5773445,28082.86281,36,4.206244881,0.8193930254,2087.134071,13857.45536,3245.718956,4,29,3,1,0.6677954681,1,2,64,7.921422877,0.4546907127,0,19,0
28,56356.04967,10,9,733.3151019,44893.96395,48,14.80703751,0.4503832284,2561.080853,25542.96009,6736.045048,5,29,5,1,0.986875916,4,94,85,8.031512202,0.5320944287,1,77,0
32,50828.31137,18,23,745.3306981,20421.14867,60,12.4226339,0.7382879641,3250.317091,3586.272065,5810.252115,0,1,3,1,0.280880073,4,25,40,6.14470804,0.2899903664,0,25,0
42,64188.56925,17,9,645.2684555,22129.97643,48,15.59288709,0.7129931735,2489.89571,5945.621386,36385.89819,5,20,3,1,0.4437991608,3,13,1,7.460026148,0.8108035323,0,18,0
40,54891.53993,19,0,781.2815478,18258.99631,48,4.185727818,0.4927314413,823.6485696,17565.52065,28744.33408,1,25,3,2,0.9554131427,5,71,97,10.92031223,0.2221919577,1,40,0
52,81001.89811,15,8,670.158299,17704.48372,60,16.49154534,0.3121249084,3672.962698,26640.24882,5054.984957,5,12,3,2,0.8075128671,4,46,14,2.070042903,0.04675033287,0,85,0
64,66842.94474,9,2,697.5777011,1000,12,4.061435792,0.7162042091,3194.617002,11785.42038,38275.26953,1,9,1,2,0.6833229396,3,28,53,10.78490405,0.2392478138,0,47,0
36,100479.8633,17,8,586.4926634,9815.917995,12,5.463099693,0.2823856825,3192.101412,12085.43795,31849.94948,3,17,2,3,0.1938999212,4,64,15,1.000586761,0.06443186667,1,84,0
25,63485.11678,15,11,670.6946536,3507.332432,24,3.338480987,0.6709341439,3808.523166,16263.61574,31668.74247,5,8,1,3,0.9256119124,5,34,17,3.985600649,0.07836671417,0,26,0
43,64182.11891,13,20,725.4315985,11824.15746,60,3.148829925,0.4022096838,1996.420872,30331.57279,12461.96403,2,20,4,2,0.6706334281,3,52,66,2.646632909,0.9234115491,0,89,0
55,53260.03782,12,30,651.5223596,13632.19983,24,14.45374132,0.8109906109,2022.86559,26449.5688,4358.52936,1,19,5,1,0.6352552494,1,73,1,1.798733032,0.3310897226,1,84,0
47,82896.9736,10,16,715.9904671,20143.9625,36,13.85999163,0.7283292613,3867.272489,15902.16594,15925.5636,0,29,5,3,0.3043545931,1,99,2,3.885348316,0.01343629506,0,1,0
63,84229.72255,17,37,644.9463517,14048.42885,24,12.39173564,0.8706682282,2235.818925,27501.90307,7047.907713,0,10,3,1,0.5128034607,3,25,16,6.328267254,0.3609514921,1,24,0
51,56455.23,13,3,689.7205207,37315.53672,60,3.750656824,0.7810958755,1705.109883,2976.690534,27258.74883,4,16,4,3,0.5067178501,3,5,43,5.479762386,0.1191317423,0,53,0
51,72640.62637,15,35,720.5762082,20977.94164,60,10.4662369,0.564326492,1941.429832,12739.36219,15251.65785,0,13,3,3,0.9721113804,5,82,41,3.412541456,0.9607233444,1,35,0
56,58764.2326,15,22,710.8724401,51226.57729,60,10.36079297,0.556410835,2146.269243,29517.30175,21097.02851,2,2,1,2,0.3367335413,4,84,35,6.153258076,0.5201742124,1,37,0
54,59233.8282,14,25,639.0592999,20480.96933,12,10.01983834,0.2006821537,2430.973165,34162.34842,43431.31727,4,12,2,3,0.05308156781,2,31,9,0.735429583,0.8138860096,1,15,0
57,55427.15956,16,26,735.1216954,23470.93552,24,8.010755573,0.08234590215,3830.548643,23443.95815,31027.88046,0,10,2,2,0.5379161662,4,62,72,3.13899508,0.3843168685,0,41,0
28,70746.80111,18,15,741.006645,20112.93351,48,6.459276813,0.8623299722,2691.11802,14718.19226,16376.02664,1,7,5,3,0.4288465814,4,51,45,1.809644611,0.01849692497,0,29,0
22,68364.28652,12,3,634.4451487,33264.1998,60,11.5660885,0.05321971583,1438.63174,37314.86512,9012.520009,5,11,1,2,0.1794244945,3,57,96,2.060250583,0.1147803449,1,3,0
63,77024.81695,11,27,660.0324042,25719.592,60,14.30621541,0.4240056187,2235.820854,3517.815247,50425.59562,1,7,4,3,0.5033139865,4,4,3,4.532933429,0.8754581804,0,59,0
59,45248.95841,18,27,677.2256779,23310.40031,12,10.3251985,0.7665947974,2248.247317,7545.577469,61718.13816,3,5,4,1,0.9292947564,3,75,35,7.270201682,0.7109779818,2,22,0
45,43829.64982,16,8,661.880737,23835.17525,24,12.96906824,0.08685942986,3780.946385,15357.70545,23545.56487,0,16,1,1,0.6502386558,2,14,24,3.161575137,0.5314868781,0,25,0
35,65094.99192,14,39,775.2179142,25323.99768,12,8.341932823,0.4746213885,3222.68065,5588.021435,8977.510511,3,25,2,2,0.4778371141,4,49,48,7.59034118,0.7565735758,0,96,0
38,81038.53768,12,31,559.7999919,18818.71098,60,10.96295296,0.5663257617,1618.540216,17374.30791,7197.959437,1,11,2,3,0.638700157,5,43,24,4.780038174,0.7194703049,0,53,0
43,36159.58441,18,24,730.3709288,11609.78837,48,15.12936914,0.3565174364,3022.928414,11492.23134,43243.04392,4,27,2,3,0.4159447625,3,83,71,5.518083833,0.0188112196,0,98,0
44,75889.62572,12,11,663.2011191,50190.67899,36,6.312352201,0.7037358213,3406.162325,9834.220393,38127.40598,1,6,1,2,0.7363858391,3,63,78,2.990892716,0.02073214998,0,60,0
19,46390.22383,17,19,758.735755,38895.62667,48,5.110477908,0.7852878844,1988.501619,6204.067074,16990.58207,3,14,2,1,0.07642761628,2,86,45,10.09150451,0.7206069689,0,79,0
54,54577.41997,13,17,723.4630294,23498.24367,12,13.70782669,0.3878474972,2795.049223,9852.376732,17240.40566,4,4,3,2,0.1396076488,1,92,75,8.527408372,0.06032788856,1,88,0
42,71233.41965,8,6,593.7753945,21891.37002,12,5.387973422,0.3871931193,3531.552738,19194.88795,22650.22658,1,26,2,3,0.9154669446,5,27,43,10.63649351,0.3474878988,0,99,0
32,54328.00734,15,11,726.854832,30398.9751,24,11.06186883,0.2576649463,1280.851909,11962.69097,19639.47794,1,25,1,1,0.3814948669,2,1,44,1.626427485,0.006352924125,2,21,0
19,39647.17432,11,22,583.2559355,21096.68154,48,4.973307531,0.8709300327,1209.749752,0,12794.89968,0,4,4,1,0.4826677719,1,68,42,1.566713367,0.753721132,0,89,0
21,56029.01107,17,22,652.6997761,11148.93885,12,5.023776095,0.8184032904,2162.571294,34535.98295,25591.42507,1,10,5,3,0.457703145,1,18,77,5.93637751,0.8373950882,2,35,0
58,49391.69025,16,5,719.2498214,27895.16428,24,16.87291947,0.3322206563,3240.853182,18332.91517,0,5,24,3,2,0.1001007729,5,29,51,7.700913539,0.4106616502,0,84,0
31,69712.40114,10,16,625.3021039,38572.86106,12,14.08149821,0.1043352997,3496.32104,14485.99233,5661.093864,5,3,5,3,0.4553029917,2,21,96,4.569368844,0.7522703762,2,54,0
41,78624.57801,19,28,646.4160109,25590.28512,24,7.627147594,0.2821628605,2785.510912,21937.46948,0,2,19,4,2,0.7009915458,1,58,12,11.46386924,0.1106295629,0,21,0
22,56376.27089,9,9,760.8314219,30938.21126,60,7.452705614,0.5477215069,2242.93975,0,5771.123213,4,19,1,2,0.8450078223,1,51,61,2.059823789,0.8195600906,0,90,0
29,67274.47278,15,17,606.9666418,46241.94249,60,10.70408339,0.05013555308,3665.04968,10879.61643,38839.55762,4,15,2,1,0.5602359144,3,30,86,2.918630829,0.8552961607,0,32,0
19,88461.33579,14,8,640.5882803,38540.71632,12,4.088185556,0.2761414094,2379.078719,8965.829739,30374.43637,5,21,5,1,0.3863710155,3,31,10,10.64127649,0.3118264021,2,97,0
56,53715.70112,15,14,670.0763233,41915.98126,12,17.57389399,0.1405960926,1336.474905,10397.59518,0,3,0,5,2,0.6961762445,3,15,89,8.946743397,0.1224296739,1,50,0
59,91013.30139,11,22,682.3623304,1000,12,17.25376147,0.05944038849,2610.38587,31277.54329,15203.54564,5,28,1,2,0.2869629799,5,12,73,7.723231742,0.5255374751,1,3,0
36,33221.51563,17,13,638.313288,31399.26394,12,12.87523233,0.697801158,2103.849952,30923.28614,26553.93444,4,3,3,2,0.9326904736,2,27,39,10.95722139,0.6929390393,0,86,0
28,36856.21861,16,1,678.5358417,24163.63237,60,4.130215632,0.5522299949,2168.16168,19775.71094,26846.90659,1,14,3,3,0.1163341406,1,46,79,8.23479641,0.9688163368,0,18,0
19,45498.60168,10,32,767.0425197,22006.93004,36,13.56142594,0.567452142,3783.255032,16267.5088,14195.83081,4,20,5,3,0.5080891427,4,24,98,11.56050464,0.6034998657,0,53,0
35,57583.98599,13,7,800.4108904,36675.75961,36,16.9461747,0.09801269869,2505.363838,21544.1299,20164.9154,2,16,4,2,0.2569477577,5,70,47,11.23628421,0.6465730303,1,74,0
18,64424.09431,15,20,660.6478585,27190.81556,12,15.40282216,0.8335629707,2301.805813,15535.91113,38137.31994,2,5,5,2,0.2035039914,1,26,54,1.4431264,0.1404482891,2,38,0
26,53553.02772,15,15,607.954949,24614.69188,24,5.307802769,0.2424718784,1951.379422,20245.97861,4638.72411,0,18,4,3,0.6750363961,1,2,90,0.5884258772,0.4937399521,1,6,0
58,75434.02148,10,30,696.8597133,24606.53525,36,9.985211572,0.3829841496,3340.732772,17148.73655,2184.635728,1,19,3,2,0.8368846111,1,60,24,10.8649926,0.1187816485,0,74,0
63,79719.72379,15,14,715.7359318,25235.40162,12,17.50207054,0.6163764948,2918.876542,15080.25281,49505.18716,1,24,3,3,0.7504850539,3,75,82,11.73870747,0.2984323729,0,48,0
62,47637.39061,19,32,620.5271691,21646.232,24,7.991844536,0.295116927,2127.966768,3395.909233,31503.15714,3,3,4,2,0.9859360607,5,21,73,9.529755609,0.04495325696,2,68,0
46,66886.39887,11,20,654.383575,32773.72135,48,3.158523003,0.7052646331,2156.764015,13963.94156,27491.42784,5,17,3,2,0.4797422725,3,68,63,1.408875444,0.2385442649,0,80,0
54,92851.39788,10,21,740.9140478,11833.24774,24,13.53191274,0.5624328768,2306.380382,24662.12557,28786.61842,0,12,2,1,0.7294468142,1,47,9,11.84883248,0.5272315056,0,14,0
44,82188.03642,11,23,800.51326,27080.06494,12,17.94058029,0.4422924057,3365.111176,12471.07229,26627.1037,1,13,1,3,0.8165339694,3,15,48,8.901199375,0.5498547772,0,72,0
61,34911.38557,13,30,694.833179,18101.90781,12,14.62217169,0.6771429345,1356.379748,8278.73621,0,3,29,2,2,0.09837188376,3,50,14,11.07048442,0.3317694886,2,74,0
34,72221.76293,19,36,666.6095386,9097.272531,24,9.407264738,0.7959788121,1715.478453,2634.754381,44125.38159,3,14,2,1,0.2843330009,2,71,51,4.326095192,0.2250312823,0,99,0
35,37488.45291,16,22,609.6838959,30891.35093,60,5.347887732,0.498144863,2340.487192,17856.40788,19173.89965,3,29,5,1,0.03153316925,4,89,99,10.99076659,0.770930008,0,72,0
33,72544.0111,10,28,724.7955362,36635.03777,48,17.02360967,0.8354470606,2735.702516,3751.261551,28570.1462,5,1,4,3,0.9909880032,5,88,76,4.250906955,0.2102822855,0,56,0
49,61105.04732,16,22,704.26898,17853.37992,36,8.741117954,0.492300345,1399.661779,1658.592031,47853.94482,5,21,4,2,0.8396847277,2,10,83,2.048442288,0.659434955,0,100,0
64,60309.03784,12,27,717.9709751,30063.3835,60,5.868489172,0.8896948932,2042.9075,23473.29227,19093.94019,1,14,5,3,0.1089829791,5,78,52,8.435165333,0.6113173342,0,84,0
52,55456.43178,16,13,579.2357201,21863.25369,36,13.05054751,0.6417874929,3174.60377,24174.08148,35634.27926,2,8,2,3,0.2399351644,3,53,70,6.967713545,0.4855866315,0,12,0
43,62071.86095,12,6,634.9129247,28363.59035,60,10.47247809,0.3231972128,1629.539708,13246.1074,28621.82258,0,10,1,1,0.9988876501,3,94,60,3.839998018,0.7089641998,0,26,0
49,29612.26622,19,24,653.9595573,8358.867177,24,3.976397761,0.2192019761,2863.305417,3017.174376,24830.04511,0,11,2,2,0.2178715401,1,87,48,10.32846271,0.7098477133,0,36,0
45,68309.10391,9,19,746.7573297,19357.60135,12,3.460476252,0.6327441883,3479.640888,20944.44982,27597.23386,0,6,2,1,0.07693107119,4,83,9,9.284769138,0.300263043,0,82,0
58,32456.59283,19,3,670.3881942,6564.650086,60,13.39586997,0.102609493,2676.558886,44314.66457,24865.88268,4,20,3,3,0.3670108619,4,9,76,4.748554206,0.4551659314,1,22,0
55,69972.56381,15,12,714.9436554,30755.09898,12,17.22392056,0.1444863471,2488.57404,13972.39081,23997.71539,3,22,5,2,0.6603460998,5,41,46,5.941366269,0.348181602,0,42,0
40,74118.80517,15,5,709.7597791,52926.27193,24,5.504942375,0.612057017,2211.67614,18116.12709,31741.15212,3,19,3,2,0.6273077651,4,37,11,4.030828225,0.04863688851,2,72,0
31,60320.11944,11,18,816.6438373,9820.103887,36,11.4773151,0.8392318166,3388.843013,1528.147251,14079.08709,5,7,3,1,0.4066426476,4,51,14,4.451930411,0.8435430928,0,85,0
41,78367.23951,17,38,641.2410821,36104.47165,36,6.053995604,0.6465623441,2718.495209,14116.011,51726.22587,4,22,1,1,0.06402139315,4,97,48,1.37941613,0.2495539287,0,96,0
30,48009.30141,12,24,633.4031333,41741.82564,36,15.97983072,0.3405427973,2428.297369,6293.225,43065.50808,5,22,5,1,0.8105640681,1,25,79,6.225697148,0.8113204503,0,89,0
23,48227.02042,13,38,666.4500585,10190.56823,48,16.59276035,0.05896347459,2758.8378,25354.90607,19138.39964,1,19,1,1,0.5762826393,1,80,76,10.8198477,0.6435754529,1,49,0
59,62283.94224,15,35,653.0210911,14019.92315,60,13.13593993,0.05636289111,1514.573803,17983.10718,39831.73692,1,12,2,3,0.7863413212,5,64,6,9.545436938,0.478300401,0,14,0
22,44175.84979,10,30,628.6136255,18441.44976,24,10.85293504,0.3918721675,2720.050568,7034.158218,30813.10169,3,25,3,1,0.154080965,1,24,10,8.921713814,0.5719208127,0,40,0
45,60907.80976,16,9,648.2160746,3632.802317,12,15.23703247,0.7862409717,3092.762997,5234.296217,23306.6558,5,13,4,2,0.6387837387,5,80,47,4.003591739,0.1987000324,0,93,0
20,70771.79283,14,4,799.1695907,6859.125738,36,10.89236413,0.3566838047,2853.829212,25903.32019,5133.700707,5,2,4,1,0.391669862,4,95,6,4.199092872,0.9600548098,0,81,0
20,81599.31966,17,18,695.4955557,22378.01098,24,10.13983319,0.07358156533,2942.113662,16797.72075,37461.74837,1,25,4,1,0.9669244529,2,86,30,0.5752426333,0.7008299607,0,15,0
33,64647.02027,11,8,674.2870622,41182.88399,12,15.586235,0.2621557295,3180.060493,24777.46001,15013.69499,1,16,1,3,0.5272647729,3,37,78,10.40321938,0.7509462865,0,73,0
37,53128.84599,17,6,738.4800485,20815.68509,24,16.12487068,0.2322172319,3407.415397,16357.43928,20158.19741,1,21,2,1,0.9479841453,4,49,37,10.03967726,0.9691850677,1,73,0
36,53217.95596,15,17,765.2903347,33448.21756,12,5.231794674,0.7740644597,1697.147723,23146.77441,18300.31717,5,16,5,1,0.1695293934,3,63,13,7.435174051,0.3512482906,1,37,0
18,36278.21844,13,24,614.2424545,31343.34477,24,17.64167033,0.2535445257,2511.643765,19105.36569,17515.23537,0,2,1,3,0.0424139471,4,11,66,8.1211419,0.5564603498,0,46,0
24,43037.76478,11,28,741.6402568,35928.07979,12,7.796987212,0.06955690228,2230.598299,3736.107396,13757.99881,5,7,4,2,0.7205652166,5,100,68,5.139034355,0.5847612391,0,50,0
18,17422.63919,14,14,795.2591751,32201.78719,60,5.311686836,0.1121921272,1424.11349,349.2135535,4146.964303,0,17,4,3,0.6585555537,4,80,46,0.6777022567,0.716366253,0,40,0
62,35441.03078,15,4,647.9485625,35022.70527,60,9.570796543,0.06346213039,3448.600698,9030.656592,12798.24455,5,9,1,3,0.9936848114,4,15,27,6.346260554,0.7343306978,0,2,0
50,84411.868,10,10,771.016947,14309.28059,36,15.3630944,0.7366645153,3043.353427,18288.01256,26712.84357,2,24,2,2,0.5347570908,1,98,47,8.311776172,0.5375813715,2,48,0
29,40315.87881,9,33,745.4684817,25447.17076,48,15.70793929,0.08269145021,2409.04338,17861.74774,25240.56179,5,8,5,2,0.7894762038,3,47,33,4.200733041,0.4756709255,0,3,0
26,79683.81108,15,23,592.0188533,28151.80168,12,11.69656595,0.75818409,3077.47109,9941.436574,13645.4791,1,11,1,1,0.05608435694,1,2,58,8.013543877,0.999612916,0,8,0
50,76427.88871,18,6,714.2063505,48492.89904,48,16.04812105,0.1035983432,2076.121589,16843.77922,19480.31607,3,9,3,1,0.09484411777,1,61,60,5.095928446,0.3542167448,0,25,0
30,54503.85936,17,11,652.1945114,21072.82226,48,11.06719996,0.3276017689,2673.060623,21321.61894,22470.89653,1,15,1,2,0.5387448096,3,42,59,10.4906128,0.9338055413,1,59,0
54,73937.56531,18,17,659.2519247,19497.80692,24,17.71630233,0.7991056853,3430.532532,23403.49733,20903.51665,5,12,5,2,0.508756022,1,77,49,2.885404732,0.7569614336,0,34,0
37,58695.7644,9,17,741.7022188,23389.43239,60,13.84335507,0.4422028452,3356.443768,21612.28647,3814.778287,4,27,2,1,0.8204848222,5,43,35,10.03669725,0.5760610843,0,88,0
62,67740.93092,19,10,689.160742,31466.32001,60,4.993234064,0.2222882639,3996.04466,21451.13179,25632.01725,0,1,4,1,0.9407502015,2,58,51,8.607668704,0.3994805106,2,53,0
19,46053.25569,11,27,657.1952945,33175.97301,48,11.264679,0.3475999621,1605.044984,9126.013284,19469.01806,3,9,5,3,0.1096686489,3,2,2,0.5154304857,0.3148188478,0,47,0
62,59910.79842,9,4,639.4331049,36740.41605,48,12.89808915,0.6292680884,5236.151217,4939.909947,46257.10029,5,6,5,1,0.2243723387,3,40,1,8.782486509,0.3095515843,0,94,0
26,79019.11296,14,26,741.028382,35150.29663,60,12.81072043,0.5528470715,3468.049383,18359.64354,23646.17452,2,14,4,1,0.3925325018,1,32,9,9.089000734,0.06621131542,0,48,0
37,75506.27391,14,3,643.9995864,18089.1178,12,9.681126249,0.4846484633,3024.086379,18497.5572,0,2,23,4,1,0.8775780624,2,72,94,4.217649057,0.2058760317,2,27,0
21,75476.87473,15,24,639.5638767,32858.91193,48,12.04138392,0.1925925075,2193.316619,10040.32291,46425.34812,4,24,3,1,0.8872934111,1,95,36,10.98805045,0.7138317987,1,10,0
53,80084.52037,8,9,694.5118652,24656.82642,36,6.263414527,0.1839962675,2021.914475,20815.58953,21571.43476,2,8,5,3,0.5234097775,5,71,24,9.566651777,0.4851786036,0,25,0
26,92266.66991,9,19,689.1881854,29761.78621,48,6.898609562,0.4585253272,1553.713982,506.3203216,3216.740968,0,14,5,2,0.888743677,1,21,97,1.881158688,0.7639377579,0,78,0
25,52745.51419,11,22,732.0266602,17396.35472,60,9.568202732,0.1455229818,3243.36339,30870.66771,12892.91417,2,24,4,3,0.1325500158,3,82,19,10.88071648,0.1983079863,0,4,0
38,61653.44784,16,12,656.7210198,46942.43324,48,16.34309177,0.7306134164,2615.507551,23319.50673,33675.1995,1,7,1,3,0.03218029293,5,33,89,7.196480043,0.8039252714,1,75,0
64,55696.63407,12,25,657.3306919,21648.37223,36,17.9129801,0.4058645152,2457.601402,21897.72909,1868.465855,1,24,2,1,0.9762868833,1,36,87,11.13714296,0.3066585295,1,64,0
29,82539.01143,11,19,666.4003289,16490.00775,12,5.18778279,0.6980478713,1864.737721,22246.51623,1289.655616,2,3,3,2,0.04431245407,5,26,33,6.257494095,0.2047947306,0,13,0
34,43082.33102,16,3,680.4249427,21979.08545,60,11.84829456,0.5638722495,4199.014199,5746.001205,0,1,7,5,2,0.04254440928,5,30,2,8.029901125,0.07073621726,0,34,0
61,37737.65724,18,11,727.4786992,28353.03418,24,4.898047841,0.6868948252,4407.949308,6576.522706,43372.38262,3,25,2,3,0.4768123582,5,70,49,7.868217748,0.6434233374,1,34,0
24,52804.32068,8,1,702.1665157,7976.861828,60,12.77065026,0.1430844305,1023.468261,19757.90787,3720.062464,2,5,2,2,0.04021080712,2,98,14,4.156256752,0.876247944,0,26,0
19,64153.25533,12,39,726.0714374,30381.08022,60,11.16118623,0.2995811934,882.2514339,26685.00507,46606.06785,1,18,4,1,0.7714660952,5,17,11,10.78910528,0.7028111244,0,99,0
63,62656.42674,18,0,701.5769999,7198.058911,12,5.729117933,0.1433493653,2376.746337,34962.41928,36429.54539,0,24,1,1,0.6796016551,3,94,85,11.02066756,0.9128184376,0,57,0
21,33079.44597,15,6,766.0295323,15859.02307,36,9.732580964,0.6638587989,3207.672787,0,18963.56542,3,21,3,3,0.06701026608,3,11,28,8.317341176,0.7791133219,1,85,0
59,47401.92846,17,21,736.9730636,16671.46934,24,7.68150347,0.6153690242,2921.753343,23113.03679,17149.49193,3,27,2,3,0.0989083959,2,8,36,3.578724438,0.8004671146,2,90,0
26,51685.50408,17,0,742.1585806,24060.89265,24,6.673284757,0.8483317625,1425.024162,17477.00532,0,0,19,3,2,0.04032149201,2,42,30,6.269586675,0.8594346743,0,8,0
18,26790.82314,12,5,739.8108007,16753.77869,60,5.577626856,0.07621661399,2433.654145,7397.482156,18235.18027,1,8,4,1,0.4900082779,4,84,81,1.58924254,0.8763941588,0,28,0
52,79222.85009,11,11,606.6997428,1000,12,12.24514767,0.5619590733,2553.837726,25168.70227,21475.10623,5,21,1,1,0.8083612639,2,89,81,8.386757806,0.1348659791,1,64,0
61,52003.57937,19,8,709.5036967,22078.5682,48,14.48692109,0.2962245017,4514.06384,0,0,4,7,2,1,0.8875106953,4,35,62,9.094568828,0.02722871448,3,78,0
53,53445.33136,11,16,610.6804357,23471.81875,12,13.52489227,0.0537376537,1865.707447,16099.6278,4011.600418,5,0,2,2,0.01688162114,5,6,46,6.055508204,0.4708689509,0,91,0
35,73559.68917,18,26,622.133706,1000,12,5.796980545,0.7239860321,1720.130278,18011.61921,12843.84473,1,14,1,3,0.7618093622,1,88,53,0.7034468863,0.2033336128,1,61,0
57,43141.61638,15,5,695.4457843,37603.84937,48,14.48045852,0.4837011193,1789.445156,12001.75977,18771.12973,5,20,2,1,0.2508958431,5,53,85,8.296276308,0.1114087726,0,39,0
45,92051.14869,13,18,709.0753897,20361.05527,24,10.13207177,0.1199739871,1261.779616,18074.98231,33983.28551,1,15,4,1,0.4956313185,3,19,7,6.020850807,0.7409299261,0,56,0
47,81830.03054,14,31,727.0506632,15470.46716,60,16.50794757,0.8927558303,2936.924351,21746.41191,34062.09133,2,28,5,1,0.8788338295,3,41,100,7.68857179,0.8616870308,1,6,0
53,58812.84067,13,33,715.2356701,4529.049012,24,4.226076216,0.2416961518,2762.827836,22604.15658,3804.869995,0,24,4,1,0.2751464474,3,16,26,5.489274425,0.698347331,1,64,0
23,52930.1507,13,27,616.6069276,37342.36283,12,15.36891956,0.5568287513,2966.178409,23035.09325,11243.75188,1,20,2,3,0.2414775152,3,72,22,9.30112017,0.9386666066,0,76,0
49,69541.76787,8,29,651.0420222,44444.47597,48,5.448369015,0.1481777594,3346.431459,8755.46363,11366.67925,1,4,5,2,0.9782206494,4,61,86,7.977570766,0.1522670169,2,73,0
46,44585.75522,19,8,651.5470757,1000,12,12.46568002,0.5020347554,2572.637144,14339.89001,17839.2042,4,29,1,2,0.1297768448,2,34,83,6.025224144,0.2667474178,0,55,0
41,46289.38126,14,5,641.6917449,28691.90913,48,5.364629125,0.4667184737,2292.669409,14261.38467,26969.47988,5,10,3,2,0.6935208973,2,77,30,2.282582474,0.1957143873,0,70,0
20,46879.29846,9,17,774.5360731,44841.46036,60,17.97118783,0.6970770589,3924.872161,43068.62504,3087.570385,2,7,4,1,0.3014435704,1,11,56,4.486422069,0.001041970571,0,10,0
39,76325.19445,14,13,666.0136423,5453.671465,12,7.144658412,0.2057884888,1817.961807,16361.91383,4178.895782,3,10,3,3,0.4534161129,1,8,13,1.94546282,0.5113269378,0,10,0
30,36847.76164,19,17,850,42067.53646,24,16.22152005,0.2504506203,2492.579624,10378.39857,45174.4097,2,28,1,3,0.5530530421,4,59,70,11.77007637,0.5599577727,0,15,0
45,72075.01488,12,20,601.4469465,25407.94294,60,11.7514397,0.1258585274,2621.357403,5382.045529,8489.204879,2,19,4,1,0.6585842932,2,93,96,8.141582907,0.3720306335,3,64,0
24,61277.08281,8,36,649.9349654,29204.48505,60,9.444890778,0.8683263198,4932.512459,4753.929299,44823.62156,1,26,4,2,0.6667021688,2,62,51,9.566181397,0.8647922537,0,72,0
43,83442.01399,8,7,693.3297553,44465.68886,60,9.475515484,0.441400076,2428.961551,0,40885.81136,1,17,2,2,0.4461879091,1,11,18,9.056192068,0.4629629967,1,24,0
29,71391.06994,11,5,651.3514145,36810.75072,36,13.42879491,0.699229816,2707.220594,8262.58891,1281.423509,5,22,1,2,0.4408163807,4,47,42,7.903877578,0.6260116032,0,44,0
40,93558.83783,8,35,565.342855,32756.80149,36,14.03612133,0.8016585574,2243.869638,19310.29204,12207.7143,5,4,3,3,0.1994096241,1,100,18,9.852921468,0.7317159652,0,44,0
57,41929.7857,11,14,636.3971364,27675.27733,60,4.790128799,0.3190709003,3301.841734,23088.69352,34142.40142,1,10,4,1,0.4929753937,3,91,69,7.434513396,0.4301763495,0,9,0
26,50826.91332,15,38,606.478051,24432.73048,12,4.566709324,0.6987313775,2167.269302,21983.75185,36636.16103,1,25,3,1,0.947508545,2,32,80,0.9952567132,0.3985839424,1,62,0
38,74436.55656,9,6,570.8629287,22891.03261,48,16.59493689,0.5727210127,1882.425072,6048.015812,40497.94148,3,2,3,1,0.01581456827,2,93,35,9.444384622,0.00969461437,0,4,0
53,36581.50824,16,21,725.9998706,36715.60345,24,11.35719396,0.5440604492,1747.993165,14643.42291,16048.04354,4,15,4,1,0.496896303,1,16,94,0.7891002333,0.6164199889,0,60,0
24,45727.53731,8,11,666.6862159,25238.8318,36,17.26135551,0.5172292281,2901.795695,19507.99637,7186.217424,5,29,3,1,0.9267316995,2,69,68,3.37859924,0.2026271045,1,89,0
61,52688.00403,17,15,598.8409556,17569.93973,48,11.08130095,0.3488429508,1968.046226,28359.80596,14669.11771,5,7,1,1,0.5019063576,4,32,31,5.727097024,0.02690729003,0,37,0
47,34111.43032,11,36,695.1858848,38858.8623,48,17.61265413,0.4939888948,2085.396296,18565.26482,21943.38386,4,16,4,1,0.4000397351,1,36,49,2.254923375,0.911294781,1,82,0
51,72093.14675,10,4,686.1835453,21771.61537,36,12.84618002,0.5828361039,1957.455847,18472.392,13985.87123,2,2,2,1,0.5361282227,2,43,3,5.971156014,0.6715661334,2,64,0
35,50193.07079,14,2,662.6316116,7252.699053,12,15.43135261,0.05105429191,3266.451771,7402.647419,9500.97212,1,24,4,3,0.04917454128,1,30,45,6.880429074,0.5048478816,1,14,0
29,50208.4342,17,24,786.0654905,1000,12,10.79942998,0.7163787412,2481.228319,15749.33559,26066.24637,2,11,1,3,0.3859336777,4,56,83,7.736703397,0.09067457253,0,59,0
20,60274.15354,19,30,753.0969735,23103.49262,60,8.224851972,0.6339114428,1958.6739,0,17055.9071,5,14,5,3,0.7731356447,5,37,46,10.11777362,0.6916494898,1,79,0
28,35488.58808,8,13,772.6285837,30959.79844,48,13.80965895,0.2634213145,2148.545481,17563.8618,10392.60168,2,23,1,1,0.5580101545,2,50,47,4.849964995,0.8732481014,0,17,0
37,79715.20768,16,18,703.3529363,40435.53459,48,3.617677745,0.08169166556,1950.171789,0,37245.89584,0,14,1,1,0.6718860348,4,54,67,2.57651254,0.7946585684,0,21,0
35,61128.98186,17,36,655.4825412,39316.05469,24,6.789792877,0.08117946882,2614.144447,18690.11541,28439.10366,3,24,4,3,0.5133949637,2,74,99,7.311376678,0.3768930209,0,53,0
20,68497.52703,15,9,652.5392171,21907.47122,12,4.106270287,0.4152943247,3173.898348,0,19253.39789,4,22,2,1,0.77037528,3,1,56,5.75988443,0.8595977749,1,92,0
47,47298.16319,16,22,659.8254217,27368.07968,24,4.397024306,0.511821604,3018.195488,10036.15477,14825.10581,2,21,1,1,0.06091205994,1,45,65,4.266810829,0.5335186372,0,26,0
34,63358.98101,10,35,604.1877805,18127.93925,24,7.764835594,0.436781317,3712.93256,24412.887,14100.67366,4,24,4,2,0.8964543585,5,25,81,10.11377157,0.878742986,0,77,0
62,21667.25266,12,8,783.3448158,29957.03848,24,9.847082816,0.4435578528,2149.817181,7640.116305,3501.279445,3,9,1,3,0.8903112031,2,24,85,5.79070804,0.5905065016,1,79,0
49,82546.85756,12,0,527.8047361,18135.99251,60,15.97879042,0.3871617369,2287.78122,11541.55951,15473.76502,4,11,1,3,0.4212752112,2,29,98,4.227361968,0.3526690721,0,79,0
26,65989.02094,17,34,671.3511637,26257.04894,36,14.94671007,0.3027500874,2628.320133,29188.02689,14340.14929,4,27,4,3,0.6585120721,5,26,42,0.9423633806,0.7012326464,0,30,0
48,15000,11,22,763.9818101,18569.86575,24,14.79698319,0.2870153951,2780.61145,12374.05597,25638.94209,4,16,2,1,0.2641886467,2,91,53,5.429992439,0.1205764031,0,28,0
60,71462.96664,14,14,715.7404369,1846.091078,12,8.060452468,0.1918678438,1898.123298,21441.89195,18958.28887,5,7,2,2,0.02604886051,2,85,65,7.370595851,0.1094288088,0,73,0
21,72177.25727,10,31,652.3520982,24097.21306,36,17.13527967,0.1069668137,2964.717234,10418.54327,23704.58094,0,5,5,2,0.8865471323,4,45,89,9.762298673,0.6624892796,0,19,0
43,69779.59269,15,2,688.4711449,9048.77334,60,9.490190695,0.4636147496,2577.894073,20664.61528,5977.96722,3,12,3,2,0.5713139361,4,2,91,5.441608286,0.1017823694,0,5,0
18,74403.73443,9,14,707.6386607,37324.94349,48,16.61245918,0.3343424005,2791.963254,13617.558,36189.90471,0,25,3,1,0.1372456155,5,13,57,4.712492516,0.3585046471,1,62,0
21,41099.09325,15,22,665.7364087,31514.43054,12,8.665075195,0.3588181355,2612.626906,10443.15775,8432.013184,5,10,3,3,0.6786052038,2,62,38,10.66659238,0.9156959076,2,62,0
63,66155.5835,12,26,654.394332,30057.05985,36,8.660105889,0.6851497425,2896.280298,4859.620413,14159.9476,4,11,1,3,0.1492599493,1,78,38,10.80911062,0.9999520568,0,80,0
27,45658.39262,14,6,662.4713438,1000,48,5.229331388,0.699395988,2749.594522,6541.948555,26468.16972,0,24,4,1,0.210642737,1,83,59,0.639462211,0.4855761986,1,19,0
63,64689.45642,16,11,746.0830973,44029.90614,36,17.56844294,0.4271272755,2811.997871,18691.72117,16732.57314,0,27,4,1,0.3930563071,1,29,80,11.47613477,0.8840957858,0,9,0
60,35607.59504,17,0,586.6590329,20175.4404,48,4.517220347,0.8090719664,2272.806865,40813.00977,0,0,14,5,2,0.4400921724,1,5,10,6.303389415,0.5017835168,0,71,0
36,72061.15682,16,15,627.3359018,43033.58125,24,17.54047412,0.6960577702,2341.844654,9119.197356,23538.87568,0,8,5,2,0.267271303,3,89,70,5.741845026,0.9258985047,1,18,0
63,74652.2577,11,30,677.2694197,31424.70118,48,17.6506731,0.2467540222,3207.114181,15928.1829,10926.70207,0,8,3,1,0.8567061093,5,19,45,1.543432647,0.08842155834,0,63,0
35,81256.93813,9,35,582.6653623,30000.28921,36,7.011387322,0.6487547554,1802.089696,7143.103852,19289.11693,0,9,1,1,0.9548737968,1,35,19,5.089522332,0.8755005081,0,25,0
24,65011.34946,14,7,675.7614814,36658.0737,36,4.041610996,0.05049348156,2849.930352,15191.32224,37039.4576,2,1,1,3,0.1421514658,3,53,13,10.28790636,0.198737728,0,47,0
34,65381.2981,14,9,587.6653909,19893.74049,48,7.687854236,0.420856972,876.6961872,5277.666314,14434.61287,2,0,1,1,0.992649672,2,82,56,10.32677831,0.5154801344,0,51,0
20,57454.79936,9,4,633.2720024,15433.02796,12,13.8559351,0.760261666,3366.406438,9959.555837,38039.7688,1,29,3,2,0.4195538997,1,18,11,1.748439043,0.1371729761,0,85,0
40,59181.39829,13,5,631.412384,29154.09794,36,12.18805447,0.1461468862,2566.596652,9246.308705,26768.60886,0,15,3,2,0.03309191676,3,41,68,11.88579527,0.4625618571,1,91,0
46,64534.85162,13,18,606.5588644,52988.72747,36,10.24548028,0.7780705821,3349.268731,7005.512113,20830.87816,5,10,1,2,0.4501340241,3,48,11,2.032211055,0.1209980711,1,16,0
62,58637.36691,16,29,717.9535954,21727.05615,48,15.94786242,0.3031950673,2118.151479,29905.11793,16771.10134,5,18,5,1,0.6945725135,4,96,67,2.87775854,0.7158944686,0,21,0
53,53326.56792,16,19,685.0406347,42672.33582,48,13.96517579,0.301720102,2785.825608,2968.222059,0,4,0,5,1,0.5943598247,5,76,14,8.682182242,0.5537574894,1,98,0
36,57175.08143,11,31,761.3246125,31242.83782,48,15.88907069,0.5140817501,2414.026006,21323.58384,44413.69046,1,7,5,1,0.4920187223,5,45,74,8.834456042,0.4798537267,1,79,0
51,56755.25273,16,24,661.5560678,16687.82619,60,3.492129642,0.07606043645,2650.961757,8628.945185,19059.01185,4,26,5,2,0.2530610445,5,61,1,1.977574084,0.5079297901,1,79,0
39,80834.38022,19,27,690.0493331,21155.88894,12,12.46289015,0.1481670533,2603.24282,21668.75117,47189.17937,2,21,1,1,0.8378017053,3,60,87,2.850049178,0.09929732763,0,72,0
46,65176.2445,8,4,612.9593968,17847.27574,60,6.73361877,0.7509855989,2273.600989,7102.682966,18379.49748,1,24,5,1,0.7380691351,5,97,7,7.621640535,0.9829416567,0,68,0
25,54591.97837,9,17,640.060628,14201.36262,12,15.6606376,0.7697080814,2653.401626,29086.00229,0,2,17,3,1,0.7598814974,4,67,14,7.46954806,0.1710182287,1,40,0
23,67773.54021,11,5,718.3177621,17018.18386,24,6.687799107,0.7681827242,3980.724884,19367.39216,20229.54319,1,19,1,2,0.8992316836,5,89,95,9.862433482,0.2522473579,2,32,0
46,56284.3826,11,10,547.5501906,27009.2944,36,10.06350529,0.5769460969,1338.615523,14703.70793,6776.334756,0,10,1,1,0.3502916738,4,50,54,8.782321094,0.9647995859,0,45,0
26,68320.06563,14,2,702.1548364,22971.62915,24,7.604566215,0.151566174,2098.007173,8792.497946,0,2,14,1,3,0.1558798928,1,33,22,5.057318152,0.2099656477,1,80,0
57,54836.80285,17,17,698.2750462,22791.87658,60,11.1923416,0.3448686294,3738.830368,9625.717821,24529.42776,3,4,3,2,0.2685328734,2,63,61,8.15966925,0.4161291918,1,36,0
36,76824.22624,17,18,661.158351,37645.85301,12,10.41349096,0.6899142807,2289.694757,21132.77771,28383.93914,4,11,4,3,0.9596052337,5,78,98,0.9129120556,0.1563518682,2,3,0
55,40518.84008,12,17,710.9772124,23424.45089,12,14.5964517,0.206163483,3262.280224,10791.02453,9271.204618,0,19,1,3,0.5162871129,5,94,9,6.9036608,0.6528054881,0,96,0
24,74999.68266,10,0,692.5933536,56034.59787,36,15.79817909,0.4529279281,3161.679183,30793.401,18540.2633,5,28,1,2,0.828620083,5,82,40,6.892930773,0.9495852928,0,3,0
27,44524.6999,14,1,709.3092259,28087.50785,60,7.813134646,0.5988991968,2680.41908,24688.22099,24957.93834,1,2,2,3,0.6710949269,2,33,51,4.272398896,0.5473766487,0,17,0
29,56951.67035,19,30,668.7564512,34334.74038,24,15.10975052,0.160939767,2941.882702,25109.69332,24094.41797,3,25,4,1,0.3587198845,3,97,60,3.982937002,0.1270650505,2,13,0
64,53022.05142,19,31,601.1832239,14556.67947,36,12.31639022,0.1200272474,1682.928686,14700.99323,54081.002,0,1,4,1,0.4929366104,4,86,53,10.54855628,0.2700359551,1,22,0
23,53433.7911,11,36,640.2746662,31010.96719,12,11.60194895,0.2199858028,2444.896464,23003.54995,0,3,12,4,3,0.569158396,4,18,84,6.982589403,0.04956092765,1,100,0
21,70154.91638,12,2,729.1877519,18236.64527,12,14.92201191,0.1078955358,1468.960342,15789.07651,49785.79935,3,21,1,3,0.6984607651,4,86,72,2.976477474,0.8042318397,2,69,0
42,62088.60272,14,28,698.2095988,17597.00958,60,12.59215532,0.1910153598,2471.10272,0,2674.857,2,2,5,1,0.8421704596,1,85,11,1.957051968,0.5976627877,0,11,0
30,54072.45125,14,26,692.9304269,8554.661829,12,6.785051502,0.8704624889,3321.203823,9844.652427,30253.63343,3,11,5,2,0.9531527496,3,71,38,9.187168858,0.7018158731,0,48,0
37,74203.42717,12,35,669.7713167,26500.10733,60,8.684007036,0.4673517787,2408.068614,37939.55686,15912.48757,1,17,3,3,0.6390432844,2,54,47,8.497863172,0.5356016643,2,66,0
18,48207.9009,17,27,734.1070134,32030.84174,60,6.122714004,0.2618714675,2744.094878,21724.15245,12552.443,2,2,5,1,0.5843696688,1,80,38,3.426971114,0.7197850915,0,24,0
29,49284.41877,18,4,564.571194,19678.34604,36,7.241284844,0.8771189866,482.6760247,0,9270.679202,5,27,4,3,0.3423047181,1,59,72,5.492137527,0.5505363618,1,22,0
44,51116.52011,12,9,650.6032092,14016.67413,60,6.277689365,0.5126281403,2422.951807,10857.64593,24121.30333,3,9,3,1,0.9907832426,2,58,9,8.723051995,0.8016445149,1,87,0
64,72831.33503,16,14,662.1374906,19196.83449,48,11.2832798,0.1684693344,2027.781114,11571.76203,20557.79067,0,2,1,1,0.9996954985,3,4,46,1.696315273,0.1772397372,0,83,0
55,76761.41247,8,11,659.0091853,10352.41851,12,7.228203713,0.6541836427,3190.096203,22625.87016,5677.759589,4,16,4,1,0.5809220676,5,7,52,6.172588943,0.661889579,1,51,0
54,68958.99789,18,22,671.1171204,26061.30767,24,8.516640586,0.2766637228,1499.738708,20304.90724,20439.89416,1,0,4,1,0.3313757386,2,59,24,6.57251556,0.9729878813,0,19,0
42,41262.555,11,5,701.1142097,40147.407,24,12.52315475,0.6002407284,2443.376717,32664.69293,11666.68549,1,25,5,2,0.2942568188,3,6,54,8.820126597,0.7882245959,1,51,0
21,54832.48921,15,35,695.1647813,30810.30622,24,16.78677891,0.6883335855,2053.459716,0,8399.245438,1,15,3,1,0.2095856866,1,8,36,11.91891607,0.5549208742,0,56,0
26,84176.29997,8,4,708.2944044,15161.80216,36,10.16615262,0.8401705147,3688.262544,30556.10497,17156.8432,5,5,5,1,0.1508229709,3,63,61,9.137070043,0.4131550036,0,26,0
53,71422.73604,9,17,620.6388879,20146.3862,48,16.0039303,0.5066954913,2386.643867,20029.71873,24736.62758,3,1,2,3,0.6255100695,3,69,39,3.482210686,0.7901523433,1,97,0
26,65439.41358,17,3,746.8556877,17992.00073,36,5.149505354,0.2839755685,3857.076217,27562.82113,51839.30349,5,20,3,2,0.4683145628,1,21,33,11.18807349,0.5969317565,0,93,0
47,43903.61005,9,17,550.3937496,10303.1124,36,14.65703676,0.8773987074,1885.17622,13481.63363,17201.94696,1,18,2,2,0.7757669693,2,38,89,10.34812802,0.7216275608,1,19,0
34,62345.31638,11,12,636.7423711,21170.81969,24,6.64139458,0.1748894549,735.9992238,13795.37423,19023.17063,2,11,5,2,0.5674311655,5,26,87,2.926585723,0.8181312752,0,33,0
35,48246.63992,17,7,669.4203975,23101.35438,24,11.22399849,0.2223363907,2856.721245,11819.70122,24125.34386,0,27,1,1,0.1214124519,3,55,39,9.487615906,0.02363541464,2,13,0
54,75031.09068,15,33,576.0782253,18115.13523,36,3.034976164,0.8148335506,1650.387164,0,29057.3606,5,12,2,1,0.4260122537,5,52,37,6.244990078,0.06303478351,0,38,0
24,67153.96852,17,30,657.2395624,20193.13713,12,12.71752735,0.532198627,1696.695159,5827.714541,26440.96048,3,18,3,3,0.9828664283,4,17,4,7.937533033,0.06896772778,0,41,0
42,70432.8988,17,7,736.5107457,8846.936418,36,12.05503888,0.5678039477,2285.526243,21568.26338,4998.141994,1,15,1,3,0.2329742946,4,76,5,3.802506389,0.7021999336,0,70,0
43,37968.38779,15,27,740.0610487,39232.09548,48,7.417185158,0.4702886627,2618.10322,1431.052805,15891.86477,4,8,3,1,0.6240777176,4,63,58,2.993076454,0.7881392112,0,72,0
24,77597.3618,9,16,740.059736,22272.45472,60,5.298017873,0.07581901782,4393.522646,6675.157941,25537.06419,5,6,3,1,0.719079461,5,21,28,8.844913156,0.365202754,0,49,0
48,74318.20187,17,35,742.1302286,33209.02223,60,14.969534,0.5699916373,4376.149976,7405.292726,39252.20895,2,28,4,2,0.07028923913,4,38,96,2.825282821,0.3063811884,1,85,0
42,32196.21509,15,12,709.2445183,40708.86937,60,13.00297185,0.1867754769,2643.624206,16705.0083,11277.65569,0,16,3,2,0.4152090509,4,38,57,0.7843052851,0.5147887593,0,68,0
19,40279.61776,11,32,550.0135016,46033.88505,60,13.55958143,0.8614939081,3173.983298,13196.62782,12636.65115,0,27,4,3,0.8305632355,5,73,33,7.136183456,0.542991857,0,33,0
51,58003.73466,8,15,578.8955147,36219.78549,24,15.5798807,0.5322481042,3609.151747,10931.80882,25468.42257,2,4,2,2,0.2298923127,5,58,86,9.66381055,0.2306113302,0,39,0
39,53733.7206,13,8,616.746092,32360.846,48,14.42118322,0.2320259062,2816.426444,852.5218383,37993.55024,4,17,4,2,0.03988554819,1,79,56,5.63570337,0.534483516,0,95,0
58,46993.1429,8,21,679.2583995,16876.85844,48,14.35734272,0.2058171592,1767.706882,8708.983281,19754.98889,1,4,4,1,0.6596079833,1,97,61,1.619980372,0.5157721067,0,67,0
47,37469.18039,17,26,619.9584489,21521.7151,48,15.53546813,0.09607907873,2640.621434,23612.96438,22395.03658,5,28,1,3,0.4329295488,4,74,73,10.0337408,0.496503368,0,31,0
51,92319.37902,17,36,597.8386489,9962.261289,36,9.385968287,0.3238562092,2736.878455,20467.08824,41553.16228,3,12,3,1,0.8718075817,1,30,18,6.285856208,0.4165019674,1,96,0
54,90013.30383,16,27,690.1497433,4315.406103,12,12.88965566,0.8701569633,1945.193178,16356.57405,32322.79054,5,18,2,2,0.2167608369,4,75,27,3.520530851,0.7946337181,0,35,0
40,85768.36532,16,6,779.7384061,28914.44793,24,14.13262555,0.6565122048,1861.518374,8760.666029,43644.44247,0,24,3,2,0.1102773144,4,24,82,2.443923334,0.02491551413,0,53,0
51,52641.88933,18,10,594.1128314,53485.13017,12,17.99145808,0.2272330255,2538.05606,0,14809.62538,2,5,3,2,0.4222372353,4,1,86,0.5946325613,0.4674432116,0,77,0
39,80318.10517,14,7,683.629491,33956.49413,60,15.71149272,0.5220771061,3181.411431,14895.04293,43638.23633,1,10,3,2,0.1867153739,3,76,98,10.16063519,0.1939494815,1,39,0
50,61578.4524,18,1,689.5265954,36225.70449,60,7.117397593,0.4046250847,2442.677231,18868.68586,16083.0641,1,26,3,2,0.5733668358,5,50,65,11.61768284,0.8745601969,0,17,0
21,72652.46836,11,12,598.8335285,33673.23523,60,13.73246025,0.470261047,2693.591683,27443.3343,57443.37924,4,28,3,1,0.7408154515,4,92,76,7.086422614,0.05015545099,2,82,0
51,55080.42947,17,25,694.2733127,25393.63862,60,6.601873953,0.8464722569,3297.98767,20663.23181,9166.166095,0,14,2,1,0.878185673,1,49,43,10.46754665,0.3194719389,1,4,0
60,64573.16063,8,22,733.6361443,7899.453998,48,16.42422043,0.4825171684,3123.300911,20039.92995,27510.16095,2,24,2,1,0.6255511245,1,27,64,3.820033776,0.8908388422,1,27,0
24,84086.94602,11,29,680.6005381,31101.07388,12,15.84651356,0.7849170933,3370.947513,16318.28602,26581.70716,4,19,3,1,0.7633904442,5,10,88,0.9976898471,0.1654046855,0,50,0
62,64322.97165,19,19,569.3472717,26945.57066,24,6.651230847,0.7423070474,1678.297776,15392.73337,32036.24668,1,6,4,3,0.6067456331,4,24,11,0.5242375857,0.5082592382,0,16,0
61,45081.34639,11,20,711.1039002,32150.29894,12,8.314146096,0.2689891899,1815.840213,12476.56792,25557.78296,2,10,5,1,0.505187415,3,37,34,5.534498681,0.921435348,1,36,0
53,73478.34153,8,25,704.7192778,33168.67811,24,12.79822009,0.8161220525,2394.701288,23409.18031,27727.36217,1,15,2,3,0.8298202155,4,26,73,2.750792656,0.9614656846,1,88,0
29,45834.43548,8,25,809.9068378,41066.74653,60,10.13212798,0.8378007226,2079.942377,17276.07625,32447.35383,3,7,3,1,0.2570895217,1,6,35,0.9556803439,0.03307736945,1,43,0
55,61507.60691,17,17,753.0936878,1564.078108,36,11.99092101,0.621560924,2684.80633,19205.01371,14255.4398,0,6,5,3,0.9087204423,5,67,61,2.929727943,0.5455195308,0,95,0
38,43768.54656,10,25,689.9116212,14379.83757,60,4.921037192,0.0729994161,3020.066727,0,19696.05206,3,21,1,1,0.4199935559,2,82,73,1.311988808,0.01814576231,0,24,0
28,42501.67022,16,28,746.1574885,22947.47218,24,15.45801156,0.3445801077,2446.686573,20649.60638,29293.03048,0,19,2,1,0.3917883101,5,20,48,8.081083265,0.6724523327,0,17,0
52,97747.46784,8,24,681.2017525,13881.49193,60,14.40542531,0.1102003312,2520.289873,0,0,4,17,5,1,0.6531737301,3,61,98,0.9201328692,0.152292981,0,17,0
36,73987.44876,9,39,634.2951053,32697.52329,36,15.2548102,0.5870927274,1627.328231,23854.04513,35017.36556,1,8,5,1,0.7878822112,1,14,40,10.94377584,0.3416505941,2,30,0
58,57218.05557,19,4,638.3450617,2473.290813,24,11.84819895,0.5574615498,2441.448104,12861.46077,54778.27013,0,5,4,3,0.3730671375,2,96,67,2.942845141,0.6706643887,1,85,0
46,37676.88957,16,14,718.8762747,17126.14235,36,16.12579259,0.4135556704,2420.61761,7950.248973,17654.93506,3,11,5,2,0.4808719758,1,46,21,10.22382131,0.918991905,0,77,0
22,75160.14299,11,0,681.5387405,17386.33272,24,10.63253722,0.2575082212,1699.937355,16160.99503,19780.9923,5,25,3,3,0.4430187635,5,100,27,10.58786892,0.04568257547,0,40,0
52,72592.89243,14,0,603.2379278,37611.78134,48,4.815366434,0.1898598216,2288.38981,5355.785188,32207.56632,3,27,2,2,0.1176175818,5,94,50,11.81260456,0.06468386227,1,8,0
39,59447.16361,8,20,625.8378841,14687.11242,36,13.24488874,0.3221272466,2336.270957,7827.301029,12125.50308,4,11,1,2,0.1253625098,3,58,26,4.969138559,0.3435227895,0,6,0
58,78515.94458,14,27,733.5762497,44770.36676,36,9.613031263,0.07257731456,2348.410268,21888.73949,34780.15322,0,19,5,1,0.8184418511,3,67,57,2.354530562,0.6567584656,2,70,0
36,71029.174,12,5,587.7368128,21851.1729,12,10.25699462,0.4710675546,2213.853766,484.9514782,7731.564356,3,10,1,3,0.2776284003,4,96,72,10.9733821,0.9011305156,2,71,0
51,48118.60718,17,31,632.1784467,20143.45628,60,6.989181997,0.3554038292,3966.428647,0,43946.82558,0,14,5,1,0.975101751,4,20,53,8.901309546,0.9444645804,0,82,0
52,58953.90806,10,23,641.7542793,22963.78311,60,9.313316842,0.8157313864,2695.009138,4202.001127,0,0,6,1,3,0.4260942177,4,99,25,5.737208966,0.8979685426,0,62,0
50,67398.49533,10,28,695.6176813,21282.09602,48,12.54488913,0.8987866963,2718.474023,32996.93285,41026.80927,5,2,5,2,0.8640050665,3,17,11,7.121420713,0.3935568917,1,23,0
20,74543.35238,8,0,674.6777972,16134.78743,36,11.13281043,0.4808137169,2178.67309,0,27575.84513,5,27,1,2,0.7500615762,4,22,22,10.97184841,0.4651460775,1,18,0
47,61420.5359,8,4,695.9663923,35754.22258,60,6.680951506,0.4548992906,2425.503949,2614.066294,3120.216809,2,1,4,2,0.460582315,2,32,55,11.93886294,0.8130866152,1,13,0
20,63039.77346,12,10,598.2752272,36303.24221,24,7.840191328,0.5147741188,2759.72076,29064.87104,16464.18411,5,0,3,3,0.8471299633,2,100,13,11.30721518,0.037007112,2,91,0
37,81516.81142,10,36,637.9040526,24730.86124,36,14.38333977,0.6233771671,3869.678838,11547.97452,0,5,11,5,2,0.9340616354,3,17,11,7.804471491,0.4856279774,1,25,0
60,44036.29699,12,22,638.2460094,39626.98631,48,17.87344716,0.0916217093,2666.186735,0,13488.19111,4,10,5,1,0.7589230925,5,90,67,1.959992483,0.5249958936,0,5,0
30,54324.87702,14,10,688.4130029,29867.82309,48,12.4432014,0.1447746535,1182.897667,23318.02592,1521.201617,0,27,5,2,0.6826487404,5,89,49,2.987789179,0.7851977749,1,39,0
46,37831.0723,9,27,678.7314101,11785.1204,12,3.51138817,0.1211851481,2876.679268,8957.859574,38454.93449,2,27,1,1,0.4804536003,5,41,56,3.656424797,0.2831745279,1,26,0
29,54741.61226,10,9,596.470467,29192.24918,24,15.86997263,0.4566822532,3185.223717,12953.33886,0,4,18,1,1,0.1696895687,4,32,10,10.59997293,0.986221124,2,42,0
24,63838.37475,14,27,788.0404465,9977.367033,12,10.56102299,0.3942836452,4045.229415,17274.92937,27256.86204,5,0,4,1,0.3223161545,2,29,85,11.52820577,0.8550370991,1,42,0
63,53757.84113,17,15,697.4588967,30484.53281,48,5.913897203,0.4866042099,2357.988689,5640.014723,26716.92376,0,5,5,1,0.1522171052,5,29,47,11.0982395,0.607572627,0,38,0
32,57033.08137,18,37,672.9516392,38237.233,60,16.81437301,0.8580521447,3266.351035,35104.98728,35095.16022,1,22,3,1,0.381428476,4,24,65,11.25445451,0.849778057,1,33,0
45,64696.97689,13,29,734.3702541,20362.55045,36,12.4294266,0.1428146006,2812.191563,17797.45896,19442.30308,2,21,4,2,0.4019420383,2,33,55,2.648816778,0.7247604659,0,53,0
45,78118.62457,15,13,670.6432578,21757.63724,48,17.3186411,0.7940394127,2488.202108,0,17076.11129,3,11,3,2,0.03666007547,5,34,5,4.464490738,0.4695356253,0,19,0
32,50376.99006,16,13,687.7966714,29532.89334,60,8.528926515,0.559058921,2539.080288,36705.28835,18316.10745,2,20,1,3,0.5409017745,1,82,3,4.380724834,0.008979112451,1,46,0
64,69109.83445,10,11,611.546319,40122.42905,36,8.524274493,0.8139686227,2843.94811,25031.22294,905.4330741,4,27,3,2,0.1894580862,5,35,89,6.263148348,0.9008020566,0,35,0
36,72544.61787,17,8,628.7758333,20479.00942,24,9.684529551,0.579783335,1817.032171,6793.576555,25511.58281,4,0,2,1,0.8090553242,3,82,83,0.9791252138,0.6721290105,1,19,0
23,27586.05685,18,21,673.853262,27752.34298,12,15.03767617,0.7162910293,2575.563656,20703.81383,21401.34342,2,14,5,3,0.6663375046,3,76,37,7.582193735,0.04880852929,0,88,0
36,51231.47932,18,11,660.1645129,38187.07242,12,12.54438283,0.1738539314,1780.749735,16447.09473,10295.88502,1,2,1,3,0.7465128458,4,18,26,5.256820732,0.06192652157,0,6,0
26,78405.89164,10,1,596.1035069,21662.1376,60,8.640351002,0.09982020881,2828.015117,15688.24269,0,3,21,1,2,0.07675925233,1,51,73,1.320707188,0.8899437718,0,15,0
19,51943.09206,16,35,631.8810609,35054.73817,12,16.58135645,0.1581955696,1177.916812,5074.388575,26152.61088,2,29,5,2,0.6527805119,3,49,17,11.05510813,0.324475027,0,52,0
26,40406.65422,16,15,663.2586329,40670.86419,60,13.31248136,0.7211898859,2994.84829,15168.7027,17430.42298,4,7,4,3,0.903819462,3,93,63,9.216041097,0.8209661947,2,50,0
31,40748.93988,10,8,704.3053852,29713.7138,48,4.976366744,0.3806093386,1762.507194,25263.60456,11026.01444,4,11,3,2,0.6343542133,1,31,24,2.177855551,0.1797811456,1,36,0
28,60228.4269,16,10,675.5996442,13197.94787,24,14.77720071,0.4234323885,2404.84164,5394.4254,11042.85268,4,22,5,1,0.8409437088,4,2,33,8.166332117,0.2025868297,1,55,0
33,65286.61918,11,31,777.9504081,23324.57079,60,7.73274184,0.5840650833,4679.636706,28139.50714,12228.79191,0,17,3,1,0.7829502615,1,87,84,8.913821594,0.1181415955,1,35,0
54,90121.20753,14,15,644.6918835,5953.111654,36,7.022521193,0.05812713321,2523.812483,17764.55127,0,0,19,5,2,0.360553712,5,87,100,10.56748887,0.8796402826,0,33,0
55,69623.09391,8,25,728.8140038,13323.48453,24,10.38090906,0.8390352435,2959.863645,10946.27127,40511.09601,0,10,1,2,0.5508032484,1,35,81,11.8812633,0.2038490556,1,59,0
60,68048.84388,9,18,716.1104461,2566.865301,36,11.72501813,0.2830046264,2232.858673,13326.28617,0,5,26,3,1,0.9093313544,5,55,48,6.380629931,0.3827168927,0,91,0
34,69797.33007,19,34,716.6824093,19244.85774,48,7.563748522,0.05361972944,2956.694562,19573.93522,0,1,24,5,2,0.5679726621,5,7,17,4.021434777,0.6499581032,3,78,0
35,57457.41097,10,1,608.8369326,11037.09874,24,6.786069944,0.4549485742,4391.075351,9023.939107,16034.19252,0,6,2,2,0.2647013507,5,31,46,9.374749114,0.7138990742,0,4,0
54,41829.74432,13,8,717.8606119,33817.66538,60,3.779455652,0.8721027639,2073.644635,20806.02663,6535.674683,0,11,5,2,0.1540216523,2,22,9,11.14672978,0.1504544155,0,96,0
21,64209.44793,8,17,626.132155,26638.23849,36,5.851203127,0.2137424841,1000.487049,29788.55673,3739.34463,0,14,3,3,0.09048824028,2,41,63,3.442196533,0.666429313,0,90,0
47,68912.99654,12,8,633.7955472,37971.68165,60,17.37494743,0.1532333381,3208.630351,10776.02286,27906.90454,2,24,2,2,0.07771486134,4,79,98,1.022953354,0.4076967407,2,59,0
43,78867.27094,10,17,683.4669667,8139.699116,48,16.43855953,0.3007496557,1853.529208,10625.74503,27290.59422,3,4,2,2,0.9728601839,4,49,13,9.271711971,0.890584853,2,55,0
22,53626.38447,10,25,706.9607891,24997.60317,60,14.69398354,0.3153843281,2769.557912,33236.15395,23204.08201,2,28,3,3,0.5876980262,2,61,36,9.188398611,0.9236572082,0,63,0
46,37709.2548,11,27,708.7964037,19620.74188,48,14.30859539,0.07131728026,2232.753914,13733.42015,28367.20035,0,3,4,2,0.7671349938,1,5,25,4.439560927,0.479963881,1,60,0
26,67068.26279,18,38,670.5749967,28913.42642,48,12.98098329,0.7859040736,2132.527405,33422.05544,28405.39532,3,13,2,3,0.9406128844,5,44,78,10.64436401,0.1412043748,0,78,0
54,55174.54787,17,4,632.1110377,22461.7859,60,14.27538326,0.6150789044,847.4116301,24788.94623,23133.34872,1,24,2,2,0.09507491271,1,35,48,10.92710609,0.5033745344,1,32,0
63,69324.04499,18,20,582.4408661,6548.495862,60,12.52398286,0.6816006658,3043.859504,11009.02454,14376.78267,5,15,3,3,0.7737588209,2,64,80,2.552997939,0.2705484697,0,45,0
34,51072.34284,16,15,650.7893338,19402.70958,36,16.06925536,0.1211207004,1769.69442,10440.60107,12979.7411,5,10,5,3,0.7672737057,1,68,3,1.707399064,0.7751788673,0,96,0
24,59775.29042,17,14,636.2836763,23997.65778,12,13.38380707,0.7693144972,1891.734424,38596.24616,11828.60745,5,3,3,1,0.749179387,2,55,60,9.31266619,0.8514799508,1,51,0
61,31189.158,11,6,799.597151,17716.37984,36,14.03144885,0.2756838677,994.8241405,8707.435318,0,4,3,3,2,0.4460249607,2,65,84,10.4318199,0.4474252646,0,78,0
50,54253.70876,18,39,664.2104933,23630.56528,24,8.453414991,0.2285055053,1875.54303,6109.549776,37179.16219,3,25,4,1,0.6595976218,2,31,65,8.41224387,0.1128429481,0,55,0
39,44796.338,11,37,708.9203037,32788.53962,24,6.810925795,0.2691340005,2119.104684,19497.45586,9425.24552,2,27,5,1,0.4713795465,4,54,82,10.93569413,0.2229493715,0,39,0
42,47629.30201,9,21,684.8563681,4275.933663,36,11.10620058,0.6928376372,1682.325445,21807.99792,11965.30802,3,18,3,3,0.001314514331,2,2,93,2.607457672,0.2644582143,0,28,0
57,68181.76713,10,4,744.0773865,34027.00075,24,16.0923942,0.29877148,2801.390506,6470.212374,5798.404572,1,9,3,3,0.4702144792,4,80,4,4.096068575,0.257779587,3,99,0
56,57703.30689,18,20,648.4394412,24318.99306,36,15.14685126,0.4595535328,2350.839863,9385.374641,0,4,7,1,1,0.8934114637,4,37,5,11.58946658,0.03559820585,0,96,0
27,71924.24664,17,17,613.8443944,28649.21743,24,7.071335649,0.5536745081,2356.556672,0,12514.18039,5,18,2,1,0.6724085596,5,69,55,4.095917412,0.6903411816,0,4,0
22,52684.90927,19,4,719.3314331,35445.55698,48,11.27897862,0.3173182144,1690.401763,0,10743.99075,0,8,4,2,0.1771634664,4,73,1,7.120223741,0.3597498698,0,33,0
18,49747.33753,18,33,744.8681057,42418.53506,60,11.54985136,0.8277804665,3377.684725,36443.08744,25553.10785,5,0,4,1,0.6995879486,3,68,17,3.270895143,0.3368981731,2,25,0
35,53876.4438,15,16,800.491047,25094.03513,48,14.52639552,0.7677380577,3521.194473,8863.594776,18563.97444,1,20,1,3,0.8574021725,2,24,24,2.880997567,0.6587867042,0,17,0
45,81819.70252,8,12,677.6526963,4980.52569,60,17.36197938,0.8394155181,2679.932187,0,20668.4047,5,27,4,1,0.3623182534,1,36,77,8.353561494,0.2388604791,0,49,0
57,58756.53826,10,36,654.4484853,12184.90697,60,8.479847318,0.1374431637,1666.503183,14318.92755,21417.31484,3,22,3,3,0.8371429369,3,23,67,0.8683850521,0.7972313975,0,66,0
56,53383.54392,19,1,679.5005025,18265.0823,60,7.440134284,0.3512467877,1923.172467,10120.20401,0,0,29,3,2,0.2303547951,2,67,64,5.413445838,0.3736628286,0,38,0
44,82714.17317,11,2,549.814436,29134.66349,60,14.20364299,0.7634612131,4043.60816,14786.75459,11048.11569,4,8,5,2,0.8929182894,5,7,49,5.449128775,0.2855416054,2,90,0
24,59641.30883,10,6,736.3275947,31472.16066,36,17.87116958,0.2730690157,2421.694507,14870.91299,43702.56866,1,21,5,3,0.262339891,5,35,40,4.540000353,0.3241062897,1,28,0
41,80711.3213,16,36,725.4276315,15277.16455,48,14.37598803,0.662460145,2158.934316,19760.68812,36641.61359,3,25,3,1,0.3487927586,4,93,93,10.55884394,0.5109371923,0,54,0
64,64218.71597,10,22,703.4499039,24961.6874,60,3.267737403,0.814913581,1989.097729,31238.85474,25319.72519,3,25,5,2,0.6000243645,1,31,74,1.226035378,0.7385240376,1,6,0
19,70117.62215,12,25,637.5123269,9826.494243,60,10.45006189,0.7240563181,3623.368399,12615.9928,24381.10839,4,14,5,2,0.00347981688,2,82,63,10.65754703,0.6821076373,1,7,0
44,71703.00921,9,16,630.5205446,31988.64002,36,15.91336034,0.1571506403,2505.177317,6761.497451,9314.311131,0,23,1,2,0.6844411428,3,73,19,6.792803027,0.7181790016,0,39,0
24,58465.77551,14,34,640.9220888,32628.14426,36,6.884038101,0.2866711818,1643.882676,17886.31242,20205.31216,0,23,3,1,0.6714485737,1,62,72,6.631298175,0.948011718,1,20,0
61,42979.06224,14,8,680.5781825,5977.553526,60,14.69579429,0.3936478638,3443.835523,10295.93786,26517.63862,3,27,4,3,0.446389748,2,3,11,5.389137241,0.1379447468,0,13,0
55,64820.55924,17,14,727.2227864,21498.70126,36,15.82841182,0.4965991294,3759.9791,28487.36174,0,4,17,1,2,0.2830847198,3,7,55,4.664435486,0.767925042,2,71,0
60,65944.94611,15,16,626.9636168,14551.12048,12,4.524289249,0.2617730219,2732.899357,14127.33422,0,2,24,1,2,0.3426120757,4,9,12,4.303298132,0.6278068854,0,10,0
26,50638.95438,10,30,714.4733867,30693.75498,48,17.58981117,0.5506168036,2991.588909,7319.74654,23035.64387,5,11,3,2,0.2211854695,5,72,77,1.363636232,0.7199449754,0,71,0
58,58052.66043,14,19,691.6278002,22835.75615,60,7.972326392,0.05773505624,3289.764078,6755.946739,11645.40116,4,27,3,2,0.5456133656,3,64,25,0.5222271,0.7573283398,0,10,0
32,15000,8,9,714.6256736,31268.54684,60,4.872517397,0.2565578355,2693.915618,1706.70179,7339.287357,2,4,5,2,0.682248876,4,2,53,4.337428965,0.3504874858,1,42,0
33,46660.65628,8,3,723.157843,18559.08928,12,3.729264792,0.7109511232,1811.516816,17574.24204,23942.34392,5,29,5,2,0.3414224113,1,48,84,5.858901736,0.1647290389,2,30,0
28,44253.34955,11,28,746.8097397,19186.99031,60,6.337235157,0.6643355635,4090.452929,28976.50083,30077.28515,2,21,4,1,0.1145804383,3,21,51,7.322372904,0.30745564,1,3,0
35,61368.20723,13,20,620.7174713,32710.025,12,3.372640375,0.8191806505,2304.119721,18968.99105,20326.85772,5,16,4,3,0.3729408971,3,41,46,6.774102995,0.4204190402,1,45,0
29,70267.3846,15,11,617.3006191,32567.57682,12,9.886403136,0.1308123195,1625.119746,0,605.4187939,0,3,3,2,0.6533849122,3,9,40,5.78007574,0.09647433103,2,45,0
57,49653.34498,15,25,721.563968,14470.40481,60,7.518830924,0.8611454603,1754.737649,28729.62545,28928.32745,0,2,2,1,0.9859492279,4,41,90,3.740119541,0.8216902136,1,28,0
41,58164.62192,13,0,704.9241063,29226.32773,48,6.148498374,0.1154108868,837.2048978,21457.28314,0,1,2,3,3,0.1042066027,5,74,66,11.82527448,0.3801392199,0,65,0
28,62929.24339,18,22,728.5219598,44134.71955,48,12.19661086,0.5019192983,1887.329787,21078.55423,15199.21541,1,25,2,2,0.8825848035,1,1,69,9.401384883,0.7581170597,0,13,0
26,73898.93207,8,15,767.11934,32857.64167,48,7.649516897,0.5720662145,1423.567526,16442.40772,0,0,26,3,2,0.4337856931,2,43,69,3.420715434,0.1637097776,1,30,0
52,52734.89012,12,23,639.4938695,22236.98451,60,17.52360863,0.4325541028,3328.384367,13036.51765,27158.92842,1,27,1,2,0.4042783768,2,30,74,6.032025796,0.609571698,1,22,0
50,43799.56448,9,25,730.5821752,19399.25108,48,17.76465689,0.7739251557,2307.579309,12723.77275,9954.36306,2,1,2,2,0.6137786074,1,14,72,4.740058237,0.4678688613,0,3,0
47,35037.88038,9,17,821.3443297,18024.89247,60,4.082212143,0.2041098906,2274.739652,10858.44318,24870.9118,2,21,3,2,0.8831641906,1,73,91,0.6125501675,0.4084297647,0,97,0
48,78118.52062,8,32,603.1158763,21059.80461,48,10.74096965,0.8908092805,2518.53901,17157.94634,12428.58935,1,26,2,3,0.8666547078,3,9,71,4.660141193,0.02179495955,0,5,0
31,61603.7727,14,4,645.4119525,10717.23563,12,10.36127957,0.3724620126,2803.83079,13552.55952,37628.57989,1,2,2,1,0.7254519862,3,53,69,11.35111864,0.8185341222,0,55,0
55,51586.13613,12,1,630.3941915,38394.11102,12,12.02929948,0.05165193843,3392.006142,6593.168357,16726.33177,4,0,2,3,0.5949310615,4,82,36,9.378374571,0.2313653745,0,80,0
46,76663.8858,11,17,626.3514495,24065.87046,48,10.36750046,0.5753193366,3085.566474,20534.04461,16164.12454,0,8,5,3,0.3969972832,5,16,35,4.343537194,0.2609265301,0,8,0
27,71441.29603,15,10,712.3694719,27518.32915,60,13.64149053,0.4447463292,1364.326288,29492.60441,20241.83275,3,6,3,3,0.7212857377,5,85,18,4.691268563,0.131279949,0,53,0
29,56197.80533,8,26,709.0179604,1000,24,15.4511304,0.1076260374,2335.095527,16597.60552,24572.26596,2,5,2,2,0.9244839254,2,78,68,11.22713743,0.985987674,0,92,0
52,66462.82345,16,29,649.3609552,41080.37809,48,10.61225652,0.5491448237,2705.703711,12251.50104,5238.124651,2,21,1,2,0.9041920917,3,12,93,2.52048869,0.4318326278,0,36,0
20,49588.06337,10,12,711.1218508,52245.93105,12,9.334091121,0.7531775738,1587.695433,25269.94252,10370.9817,4,27,3,2,0.8108859005,4,30,12,7.703561616,0.6367095008,1,89,0
49,70356.09275,17,39,745.3927526,16918.34487,12,4.285275174,0.5935728204,1992.841897,15057.0369,22423.23535,0,3,4,2,0.9942779254,4,9,60,4.208922895,0.8818087586,1,38,0
24,56708.94003,18,0,713.8086326,42418.06425,48,5.517022236,0.3833777987,2375.533182,20669.92131,5240.134132,3,10,4,1,0.8181742886,2,83,1,10.46248016,0.3210722683,0,35,0
42,72509.72253,16,22,770.3139556,38847.45846,12,3.168929157,0.3686457669,2979.902111,28327.0482,40726.32098,4,10,4,2,0.8389924064,3,51,85,6.401367959,0.204337744,0,82,0
36,48028.60568,12,35,621.1688491,22956.15966,36,4.9568628,0.640436539,2071.287473,17538.09385,10988.58069,1,25,2,2,0.4927528228,1,4,46,9.397157287,0.1449046618,1,48,0
31,92708.47693,14,34,652.9598451,22825.10791,12,10.00681609,0.2144322846,1956.422281,6546.953918,24050.93819,2,29,1,3,0.9358057332,3,51,59,0.8612806373,0.2341226702,0,93,0
38,56234.62707,14,24,576.8384275,31693.33962,24,8.526668698,0.5666926047,1816.360777,12823.3228,64019.60383,0,29,3,1,0.9453642324,2,20,18,10.23685236,0.8873460312,0,8,0
56,72104.5518,8,29,705.864371,31134.65188,12,8.520429459,0.4882389299,2698.050375,25096.3037,3715.476274,4,19,1,2,0.7142915476,1,94,63,8.419804375,0.5249421785,0,1,0
25,44906.94209,11,31,574.1066436,30093.36294,48,9.644579533,0.06579964772,3267.017659,19194.29412,23681.35797,4,0,3,2,0.5713653457,2,26,60,7.691767073,0.1589255513,0,85,0
48,53785.90302,16,5,670.3104059,28030.1512,12,7.037061831,0.6174909872,1993.92594,19535.41528,25061.82469,2,13,2,2,0.3652739892,4,42,100,10.97738149,0.1051227971,0,65,0
64,59791.92934,18,26,760.5101086,23860.75731,48,10.74021428,0.6462034672,2475.26974,15705.38374,41064.43312,5,17,4,2,0.6620263219,4,86,16,7.318252696,0.008496464004,0,66,0
40,72120.77518,10,21,790.0780306,39404.55602,24,15.63973197,0.32112502,1631.221414,12613.05477,34164.80812,0,18,2,1,0.9375303475,4,63,1,10.53672676,0.6440501305,0,58,0
43,61702.09505,12,6,642.7635978,11469.83683,12,8.197236918,0.587576863,2083.606876,27167.195,0,4,20,3,2,0.4465094776,1,90,12,2.795005275,0.1892550561,0,44,0
43,34668.94503,19,10,677.2353173,25062.06372,24,13.14674574,0.0989204564,1948.259829,7273.648485,10377.98199,1,24,1,3,0.5736052894,3,85,68,10.22435273,0.3599660017,1,12,0
40,75421.36607,8,23,650.6452532,27226.64136,12,3.938418938,0.4520748686,1879.882856,14359.13065,15630.4426,4,17,2,1,0.1213523007,3,66,25,5.554882373,0.1923572832,0,5,0
42,45133.06921,18,17,717.7267853,36288.30617,24,17.45966009,0.7748892526,3132.063107,16802.3777,16643.0693,1,28,4,1,0.1485691636,4,29,34,1.150257599,0.7564966854,0,50,0
33,68210.78226,16,13,747.0112563,27741.93412,24,7.121861374,0.3945759012,3350.683606,12836.09061,42359.47146,1,22,1,1,0.1395374601,2,5,71,8.062252317,0.9750756903,0,95,0
40,29733.18264,14,29,752.7361472,12531.04233,36,8.216805205,0.2234774082,1226.303345,33282.16284,9199.70677,5,26,5,3,0.9103275248,5,98,76,4.539020341,0.7708500947,1,23,0
48,62049.95517,8,26,649.8052233,1000,36,17.82968201,0.3081396201,2408.209543,16291.13344,44103.00752,2,10,5,1,0.149706792,1,37,45,3.834135548,0.7745107081,0,67,0
51,72893.64648,13,26,794.686329,14973.87737,24,17.78044494,0.1796573929,2543.166376,10219.70318,36350.91937,2,13,3,3,0.09353514308,3,6,47,5.823294855,0.1875846222,1,80,0
45,58091.63088,12,31,753.8079587,49148.76422,48,6.612179222,0.6751797954,2371.686606,36424.29659,17333.93934,3,5,4,2,0.6764089501,3,77,29,0.6905241674,0.7684365572,1,12,0
52,57277.69577,11,5,594.1221123,28930.58976,48,17.01908091,0.632253617,1864.924576,19629.25467,0,5,9,5,3,0.715968047,1,74,57,6.345230499,0.1721937764,0,98,0
37,70743.77143,17,29,689.1529439,12525.76542,24,4.664813116,0.7949771336,2736.197512,10102.70915,6272.067901,3,27,4,1,0.5225348192,2,80,92,9.360312659,0.07409365589,2,28,0
50,65909.46436,8,21,715.9910205,16504.65513,48,9.406288592,0.3444835493,3453.020712,11083.84805,13140.22449,1,2,1,1,0.1662650172,1,12,45,3.923964014,0.778820161,2,29,0
32,62366.76274,18,35,595.1781417,26411.99342,48,13.87647329,0.09597860105,1851.768416,21978.48109,17288.6208,0,21,4,3,0.4036631977,1,97,93,0.7683084881,0.2961562486,0,52,0
46,82545.30318,11,12,639.816689,3310.847834,24,13.53434856,0.3318485676,2792.938175,14720.26457,27132.28644,2,10,4,1,0.1669607348,4,35,7,1.263077232,0.05231383777,0,14,0
56,48015.42798,10,34,715.7455861,42813.12874,12,10.66144958,0.1671901968,3841.127875,0,23800.82105,4,10,2,1,0.2155154633,1,93,5,1.173204239,0.4049982392,1,24,0
51,57795.77755,9,24,618.9393179,27342.96345,24,3.637843526,0.8714333486,2460.306214,14945.8716,16527.63331,1,6,4,3,0.5226634445,5,82,57,8.356332326,0.2144780219,0,81,0
20,82537.15753,16,36,724.7567177,45769.99109,36,17.11489739,0.4614657075,2158.149596,7087.611715,20384.4779,1,1,5,2,0.7320877402,4,60,92,8.95293986,0.6432814957,0,24,0
48,47884.58852,12,10,765.733558,35201.88185,48,13.70231421,0.1962730078,2109.138637,21563.38993,33077.1291,5,16,5,2,0.9491661184,5,7,39,6.890736655,0.9004278058,0,44,0
38,66974.35758,12,20,623.5274545,18314.33026,36,15.07769124,0.8279318973,1940.031327,17135.5983,46559.50978,5,14,1,2,0.8786785356,3,72,70,2.069541168,0.199484538,2,76,0
26,84917.05097,13,31,686.0749299,24818.93527,12,16.17122859,0.3553176405,2652.381515,38623.42107,10689.01162,4,5,3,2,0.07728393555,2,99,85,9.413287831,0.7874948327,1,66,0
23,61327.21547,12,38,745.9623359,40915.05376,12,3.401940062,0.7224874547,1853.430648,7984.529981,22153.34019,5,29,3,2,0.8764827643,4,30,28,4.301234035,0.8165818874,0,81,0
41,91682.09249,18,5,654.1013857,18028.69497,36,13.18817284,0.4887484344,3925.231382,8104.28231,27786.98959,4,13,2,2,0.08694794316,3,75,48,10.69076454,0.7558852283,0,69,0
25,56840.33797,8,11,551.407347,14268.47933,12,5.952530607,0.2448239789,1608.093855,14303.47861,12831.40129,3,28,1,3,0.1584177201,1,10,36,7.880145567,0.4565372846,0,18,0
28,15000,10,3,682.7236836,36209.97865,36,11.05793022,0.06226909188,3629.777944,29035.90353,13489.14741,4,5,3,1,0.8155278056,2,46,20,11.98560308,0.6866064142,0,90,0
23,55039.78252,9,12,614.8350365,27410.4542,36,17.39117346,0.3995975407,2584.73463,3780.101162,12679.97516,2,2,3,2,0.588517043,3,9,29,5.926880768,0.3222547913,0,21,0
61,58213.6823,18,35,717.3921638,25222.05727,60,16.57090746,0.3742308041,2379.131183,0,21610.89285,4,22,1,1,0.9032312076,3,17,80,5.023641789,0.04112423351,1,79,0
34,37844.40384,14,8,792.5747514,31913.4478,60,3.793440637,0.8607579649,3034.048133,1156.392273,18779.69314,1,5,2,3,0.7187554996,3,10,81,5.298339055,0.3565967543,2,71,0
23,58407.54211,10,9,701.6872833,30156.44545,48,12.28956917,0.8806836082,2522.608582,19805.59467,13745.44284,3,4,3,1,0.7410518294,3,83,9,2.769234121,0.6487055629,0,29,0
42,94238.05461,15,14,591.0488202,20958.43457,24,8.034528313,0.1079671854,1510.904723,8753.151896,27337.16207,3,28,1,3,0.8612059517,4,34,45,2.586683904,0.3168976419,1,37,0
34,48148.52583,11,33,645.9280783,43220.83251,12,6.60958743,0.6737108596,1072.093546,7222.932283,34692.5995,1,11,2,2,0.2040492448,4,100,56,2.412546744,0.483416307,0,88,0
20,68374.30509,8,21,701.9791244,40246.25432,36,11.60117567,0.5737636138,2776.042,20247.676,12902.28287,5,21,2,1,0.2969778253,1,97,75,11.63141474,0.2531198736,1,84,0
54,48649.10685,15,11,647.5070005,20305.39899,48,15.63365448,0.5939851889,2986.964759,32774.76771,18880.1633,1,6,2,3,0.02929681983,3,35,76,3.985678029,0.4925137344,0,58,0
49,53797.98716,8,13,645.9510368,26597.23828,24,6.634985308,0.6656097755,2835.245633,11125.21242,51041.96698,3,17,1,3,0.5697022682,2,25,50,6.389363429,0.8194360176,0,31,0
31,78483.74454,8,34,694.561321,27113.79172,36,4.376463228,0.1568918673,1784.444214,983.3773453,9528.517738,2,3,3,3,0.1680706649,1,24,44,6.578587237,0.169963551,1,4,0
34,74431.69084,12,24,521.6776712,29537.53463,12,7.244596438,0.3977485516,2639.956936,30001.46667,6590.884478,4,14,5,1,0.5997285011,4,11,32,9.608037344,0.9382533167,0,44,0
50,65566.71382,9,34,639.698057,24218.32741,12,17.78436031,0.4626119561,2427.047688,20743.75922,3594.399983,2,20,5,3,0.1821925675,2,55,82,11.57796716,0.8933084236,0,77,0
43,75376.88113,19,23,744.4527496,29764.04403,36,9.898705591,0.8086456397,3434.15088,18247.09889,857.3991525,5,12,4,1,0.586501625,3,10,14,0.73438576,0.1093257038,0,47,0
56,65694.20269,18,2,669.8445614,22163.20405,24,15.18016554,0.2580723991,3579.500236,12338.45228,0,5,1,3,1,0.7534732437,1,70,15,3.876943842,0.2456634917,2,78,0
44,60184.49849,11,29,662.4879306,13303.50648,24,3.94522068,0.06825724543,3732.756945,0,32479.60342,1,0,4,3,0.6139946633,1,18,54,10.62414106,0.6535651108,0,95,0
45,51061.97295,18,34,827.2519691,37507.25628,60,9.501717591,0.2834114631,2875.469806,0,4361.630238,4,13,2,1,0.3377307884,2,99,76,1.44795014,0.321530247,0,10,0
26,33204.26958,16,38,559.8578512,34040.93177,48,15.72552376,0.1515714727,2871.227221,14655.55598,25621.50116,2,19,4,3,0.3974372164,4,11,33,10.27131065,0.1826279357,1,3,0
33,82725.91735,11,0,645.1806675,20514.38502,48,6.341074158,0.5250326832,1919.880933,15732.47353,26242.4572,4,6,4,2,0.8763965143,3,72,67,9.663074439,0.9025892327,0,19,0
61,35409.37768,16,22,690.0222182,37950.05835,36,3.305236425,0.8374391727,2676.95122,20922.48761,9597.017988,5,20,5,2,0.6453163269,2,6,83,6.988246861,0.675469257,0,30,0
37,51053.97827,19,30,652.8056925,10562.20842,36,5.085875913,0.1814242382,2306.110979,18754.26274,12732.2464,1,14,2,2,0.2561325416,3,19,100,5.398885139,0.6956937965,0,22,0
45,56947.83909,19,7,752.035002,34716.58605,12,9.460872559,0.584196396,3034.811911,26962.84206,53240.87763,5,20,5,3,0.7037766427,4,14,28,0.9577458567,0.5012455736,0,71,0
33,47177.25585,19,19,688.4393148,36741.29432,60,16.68396154,0.8729166126,3162.173881,8124.599787,14801.03063,5,8,3,2,0.2946008116,4,64,18,2.27680371,0.1898155354,0,62,0
57,48975.23578,18,27,575.7198085,30065.78342,48,16.39473327,0.8445185419,2606.706385,15722.01285,32181.40117,2,7,3,1,0.4596501914,4,52,3,1.603258844,0.3369483945,1,33,0
50,82390.69091,19,29,732.1640299,34594.16986,36,16.25153284,0.2687257099,2476.810448,18646.3829,21485.67685,4,24,2,3,0.6955351137,4,50,34,4.192460469,0.6801978968,0,15,0
54,70353.78154,8,27,646.4345052,33291.80068,36,12.99896098,0.759956368,3028.644778,6859.130336,6983.722461,2,13,2,2,0.3801291427,5,55,41,8.87385525,0.630749396,1,31,0
64,61970.77857,10,5,710.3298217,52739.27308,60,11.36592943,0.7427091099,2481.828581,24835.44387,20696.40221,4,24,4,2,0.875974107,4,70,42,9.053136213,0.1252156914,0,3,0
61,30128.72074,8,8,696.2125464,27101.60036,36,6.791381132,0.7678838613,2339.342985,13820.72777,7893.914384,1,19,4,1,0.5536052485,1,92,59,3.949428984,0.194303296,0,33,0
30,68731.35387,15,30,634.4520787,21801.35231,48,4.975432242,0.8525557869,2452.770722,32862.06565,12515.2401,4,28,2,3,0.7455310825,2,7,12,8.369359762,0.7645478488,0,18,0
55,55398.55776,11,21,661.2490249,30035.12498,12,9.617383909,0.7967643509,3034.438032,7704.032824,37414.19512,2,6,5,2,0.4813335453,1,83,19,6.28617653,0.7612896144,0,67,0
24,78221.64658,14,17,707.4053868,26798.12845,24,8.43605168,0.1766586092,2980.853167,7261.881291,33322.03156,1,29,1,3,0.5820980108,3,64,32,1.620063972,0.008741461446,0,74,0
48,64049.52302,13,4,620.042261,20304.47254,60,9.423315702,0.2515692499,746.8840814,12844.78962,16445.85992,5,8,2,2,0.701124825,2,4,75,2.474398701,0.3828597902,0,4,0
20,16565.466,9,31,746.4907594,24081.83872,60,16.15909588,0.270373522,712.787657,13947.72525,0,4,11,5,3,0.6544528705,4,8,73,6.611643782,0.005331631912,0,79,0
47,75580.36285,11,17,823.2329103,22897.70607,12,15.01062875,0.2978218297,2910.591611,8718.033232,23624.5789,3,28,2,1,0.8842971373,3,8,29,5.322705745,0.1561974199,1,31,0
37,76999.44,17,29,709.0228752,17501.72486,24,11.02348544,0.8981384661,1840.378427,9190.697874,3560.131859,3,8,3,1,0.7087582793,1,99,26,4.823256826,0.5401856796,1,46,0
44,56951.80409,9,14,628.7612888,52370.67271,60,15.33511414,0.7270931991,3207.294112,18550.43985,0,3,26,3,3,0.09784748348,5,3,21,1.186234315,0.8194585854,0,76,0
43,56932.7136,9,35,588.7742501,32889.27055,24,17.30660032,0.8200462813,3065.183596,10267.21269,0,0,10,1,2,0.1994959672,4,93,56,5.600220125,0.1029126485,0,44,0
24,65177.18852,19,17,742.4217015,29840.01138,36,5.901880767,0.07911957031,2398.029593,570.3821048,37964.04405,4,20,1,1,0.07800479642,3,3,47,1.93126619,0.6228451658,1,69,0
52,47950.74855,10,18,634.0782553,21792.84548,12,8.622531713,0.09434490027,1463.970216,18446.81048,20606.68507,2,12,3,1,0.1730056164,5,39,63,7.823080912,0.9194082658,0,45,0
58,68787.16202,18,23,724.8991253,31754.18815,12,8.741728888,0.6737169785,1997.849463,21933.84149,0,4,5,2,1,0.04948321772,3,40,67,11.2861216,0.6130741972,1,10,0
60,62699.0132,14,5,622.2006899,23001.6446,24,4.104098439,0.1833834904,3002.353186,3081.590316,986.8391928,0,20,2,2,0.8725569912,5,68,61,5.511248413,0.00508068356,0,18,0
20,69599.51026,13,14,670.1830379,33104.04658,60,15.69995724,0.7105771506,1991.960702,10382.73619,10905.83416,5,26,5,1,0.1010317661,1,27,22,2.619165694,0.3127146699,0,34,0
36,77533.87087,12,31,690.0586498,33099.23557,60,8.848495248,0.3346588841,2777.200876,21737.97035,40914.78036,0,18,1,2,0.2959143084,5,75,89,5.454972186,0.5290186106,1,50,0
20,80011.2519,19,0,633.6169019,30385.78681,60,11.42718367,0.24446106,2356.726169,23325.99817,18571.75029,3,12,2,2,0.8658795422,5,94,30,2.632081736,0.3683695839,0,19,0
59,75319.48332,12,10,595.7007276,21393.47801,12,15.71428165,0.2671310701,1155.116273,9722.550018,45947.88394,5,7,2,3,0.09733013068,3,60,40,11.14380539,0.09882592451,0,98,0
61,64222.38905,13,37,667.8216633,18780.18601,12,7.62929538,0.7353835267,1511.783472,18776.15594,31600.18227,3,26,5,1,0.9714989139,3,93,19,11.79432425,0.15972042,2,57,0
44,63992.64935,13,32,707.0516248,2668.738524,36,17.65158858,0.8917350611,3858.353493,11213.48786,33596.07857,5,6,1,1,0.738308027,1,56,19,2.403177875,0.9115180183,0,54,0
60,79820.21481,8,37,672.5962725,22962.30743,48,15.21167708,0.673493218,3582.725486,17023.29645,19145.85921,0,2,1,2,0.7940591901,5,35,37,4.774665902,0.8585396693,1,44,0
45,76486.40862,16,7,646.6697663,21613.84866,24,10.05624036,0.6761484987,2435.252484,17459.47148,52125.07245,5,27,2,1,0.1107645101,3,35,25,11.84012191,0.6628982236,1,79,0
54,45720.41582,11,23,603.1725611,19350.76077,12,3.708140269,0.2336518939,3114.002414,2169.138562,66427.26022,1,12,5,1,0.4580924782,1,41,2,1.893026748,0.7814237954,0,18,0
40,46469.11516,8,25,728.0950796,28549.1386,36,9.132333084,0.5023173784,2118.703755,16057.33455,38199.42665,0,20,3,2,0.1328264653,2,8,24,9.86060349,0.4589940728,0,57,0
40,36708.70243,15,8,572.248731,13423.58373,36,9.551743547,0.6108890513,3362.509462,8958.560679,34399.68503,1,26,4,1,0.9448489011,2,42,76,2.343328615,0.8472524782,1,78,0
54,42480.25433,18,3,644.0990341,25387.6917,36,4.305544243,0.131672518,2238.332676,17981.05984,15130.19004,3,17,1,2,0.2242961831,5,23,9,2.414050856,0.4125319635,2,42,0
27,80219.12947,19,21,746.4000409,13702.34735,36,17.07671098,0.8982973033,3699.223635,17370.99612,29847.25838,5,22,2,2,0.3263622438,3,7,91,9.715938124,0.6990979582,1,71,0
46,44678.84544,17,11,780.5968062,18453.78465,12,16.99087284,0.7466118638,1670.277231,11916.5783,55836.32702,0,27,3,1,0.1141910148,3,62,38,7.677478793,0.5197137562,0,33,0
34,59610.63403,18,26,679.3478662,14519.14186,12,9.554131876,0.4031741761,2801.521114,36666.59249,11576.56816,1,25,5,3,0.9233945736,4,57,89,5.234485913,0.6201415024,0,24,0
26,76300.86654,12,29,741.2908275,28727.6846,60,7.096145979,0.3972085389,2565.654717,23149.28237,10670.65514,4,2,1,1,0.130824912,3,22,62,8.481170179,0.865078534,2,3,0
37,53324.93489,14,11,687.1558552,24929.25662,60,14.65938496,0.1172601404,2834.513284,26076.50003,31291.32948,0,20,1,3,0.1706680493,5,2,52,6.858301752,0.8220789139,0,81,0
25,68075.39659,17,37,775.6869894,28168.24844,60,6.294491184,0.364673798,1436.00551,16003.5876,38302.48752,2,13,4,1,0.4158431544,5,65,20,7.929144151,0.3152213414,0,99,0
26,43171.09628,14,10,716.3208022,8107.618605,60,3.965266606,0.4854270954,3471.030894,21637.90163,0,3,21,1,1,0.7458826706,2,75,32,6.301097661,0.9057293949,0,80,0
60,55010.28203,13,11,660.6804971,32483.33325,60,9.305274359,0.4792328106,1332.486272,15640.92881,15917.11867,4,0,3,3,0.2149695473,4,1,72,5.157839247,0.06304219441,0,25,0
48,71584.50886,13,36,687.5891968,33922.33639,36,4.861705555,0.1272258793,1237.489875,19542.77595,16815.42612,5,28,3,1,0.2550303753,2,68,79,2.103676281,0.6197797551,1,56,0
48,57138.78341,15,38,752.7415787,24776.4297,12,17.69797634,0.2318007589,1956.497483,35154.62023,25234.54467,4,29,1,2,0.9381547568,4,82,87,11.57937682,0.3502779344,0,92,0
23,79403.05842,11,12,624.7772804,34970.51018,24,6.875357123,0.6656850341,3847.491146,10168.67806,24378.08719,3,2,3,1,0.980098441,2,55,79,5.781310097,0.6700103062,0,80,0
44,54717.70977,15,34,667.0837287,35804.25001,60,7.277819314,0.7385447987,2624.270375,21953.17297,23438.12921,0,22,5,2,0.6270854683,5,22,100,7.524046428,0.8244971976,0,97,0
47,50236.75928,18,17,721.1077629,22143.67322,48,15.5042535,0.6737939713,3630.24811,29584.46782,25930.93377,5,20,1,3,0.6197860944,2,27,36,0.6581765481,0.209743057,2,56,0
63,42585.85987,19,11,678.2833453,38696.90233,48,13.25554102,0.129110906,2914.291659,30710.44365,16842.22131,3,5,1,2,0.9718846938,3,38,53,5.693041778,0.4544609245,0,64,0
34,50508.16947,18,32,553.6447415,17081.22363,60,15.08294494,0.7203515592,2621.257266,0,10676.43169,4,24,3,3,0.2350326772,1,86,99,2.909723144,0.7048167952,0,55,0
31,71925.7266,17,35,618.5572111,21058.83876,60,16.96234272,0.5094094968,1589.135703,22075.12631,35763.3522,2,10,4,2,0.922193397,5,85,49,4.757637149,0.6776052198,1,57,0
36,51403.68671,17,18,674.5263039,37327.94995,24,14.52771743,0.540996486,2449.74248,32116.69295,42298.71811,0,7,2,1,0.1573307927,1,42,77,2.718746691,0.6162582849,1,27,0
40,69889.8051,17,39,648.9517982,7457.176829,36,8.757513261,0.08538775275,2418.445056,18072.80107,17311.4697,4,6,2,2,0.6032091417,4,77,68,3.530925673,0.5851509905,0,23,0
59,78297.89416,18,20,558.577081,32111.94674,24,7.500876979,0.5860892819,4084.928586,0,51988.02943,3,16,5,3,0.1837647979,1,97,88,7.69440789,0.5650139464,0,95,0
29,82143.05165,11,39,733.5377491,16289.19229,36,14.74018045,0.4160842034,1491.126127,3794.25959,32440.36918,3,7,5,3,0.3695860792,5,75,49,7.601753053,0.7426190799,1,29,0
51,56544.5819,12,29,537.4370527,4620.600955,36,9.443132794,0.2137563204,3254.74506,14768.50899,21571.189,4,13,2,1,0.4787028227,2,93,13,7.051098579,0.4974067709,1,24,0
22,73938.20997,17,18,690.4903546,36895.60682,24,15.89679659,0.8275006248,2921.215082,20630.71291,12073.64065,5,0,2,1,0.5008134095,4,67,76,10.88656302,0.06957919731,0,83,0
56,39268.32815,12,35,702.4081721,35755.17776,48,9.754044348,0.4224818078,1773.046783,5337.385975,27423.54559,4,9,1,2,0.4866862052,1,74,88,8.397858688,0.5975263921,0,80,0
39,32869.59229,14,27,664.0428008,26431.89286,48,13.86740576,0.1793090106,3318.15658,26989.99781,9851.865704,0,16,3,1,0.9858323085,4,16,19,6.781766181,0.7270850504,0,96,0
34,46454.23005,13,18,785.3553417,29058.19058,12,6.947646346,0.6051440544,2462.782835,11618.17344,16203.97138,3,0,3,1,0.9351195298,4,49,43,11.06558925,0.4343329399,1,21,0
39,74726.75477,16,4,671.3924768,18466.79567,12,12.44811496,0.779737836,1718.373587,5774.862183,1997.318099,1,24,2,1,0.6165202706,1,45,14,3.867590437,0.9365685785,1,64,0
56,55635.15317,12,1,724.9396159,18937.5873,24,3.632696496,0.6028421817,3293.650982,16413.5257,35389.39611,0,15,5,2,0.5808242507,2,12,3,11.87424303,0.8773235594,0,37,0
45,65916.02502,12,19,655.9836391,39394.88996,36,13.17042238,0.5710616231,4314.385381,7993.927449,18656.25821,2,3,5,2,0.2854373158,3,100,34,9.454914525,0.69656923,2,14,0
32,63807.41932,8,1,694.4456852,30432.92325,60,10.46484741,0.2247906151,1486.775177,26850.29449,19660.61191,1,19,2,2,0.7272884143,3,22,50,0.6920245687,0.1143540863,1,42,0
30,82457.79971,12,13,642.0818524,32963.98176,12,13.13609469,0.2908819827,3065.379015,11445.45714,18797.75546,5,26,3,3,0.9962286346,3,13,36,0.5353393594,0.4005350653,0,31,0
50,59868.90567,15,34,693.9318419,17274.02252,36,8.68695134,0.5349769124,2546.335515,5743.94473,19399.90512,2,20,5,2,0.003518703452,1,48,30,10.40614838,0.7533078048,0,62,0
40,46584.3421,19,25,683.2999436,29151.55508,24,14.93914955,0.219492454,3445.832074,18204.49741,21307.55367,0,29,1,2,0.809270992,4,82,91,2.541696994,0.5051674591,0,78,0
51,48405.34519,18,29,761.7229288,35743.6776,48,4.641641938,0.6967111472,4373.478807,20982.20088,40170.87208,1,17,3,2,0.008542764004,4,15,35,1.036888473,0.1382769386,0,50,0
59,51564.54222,19,11,637.9617538,27413.56104,36,12.7984571,0.5581187484,2786.804415,6366.502697,28596.15507,4,20,2,3,0.6670506823,4,42,38,7.31790916,0.2678762254,0,40,0
41,37836.61928,8,9,656.182557,15854.21625,12,9.243732079,0.4236648653,2239.103452,9189.727605,29299.16629,5,21,3,1,0.8664463798,1,99,19,7.289987573,0.9082516598,0,51,0
20,57924.21855,9,29,623.7293086,10236.16856,24,3.876073319,0.3400475331,3337.630073,14295.32975,0,3,19,3,2,0.5629389327,3,14,66,3.368520631,0.04494208335,1,29,0
28,48597.07244,15,1,654.4580822,25207.28357,24,15.76509243,0.6179272682,2920.108465,13986.54344,4169.033103,3,16,2,3,0.4910086346,4,65,62,6.09768169,0.508717388,0,31,0
36,75665.16954,17,18,669.6623535,27419.16259,60,17.42033595,0.3571979774,2164.36462,6366.18811,29988.08483,1,6,2,2,0.6191554582,5,1,82,1.37716387,0.5303460498,0,56,0
24,53474.89789,11,33,700.1995855,29544.19485,12,15.98617459,0.7374893994,2226.584911,14066.86522,16879.21955,5,10,1,1,0.3355356562,4,7,3,0.6662092289,0.02484991526,1,64,0
28,68714.66882,15,7,823.9793324,45321.34905,36,11.55529271,0.1856052525,2882.847694,18201.60464,12569.43566,4,8,1,1,0.95469926,5,19,48,9.49289605,0.5615130749,0,26,0
61,62607.06806,13,19,733.3920254,9828.225127,60,17.89673522,0.714669061,2482.273522,20057.71938,13341.01888,5,6,3,2,0.4883835919,3,87,45,2.74829816,0.8657243301,0,70,0
23,65575.69149,14,30,734.1650606,36649.16067,60,5.850531414,0.5151263789,1971.467072,2982.626054,18339.51563,5,4,2,1,0.7930519664,5,27,58,9.237104267,0.2366631499,0,82,0
26,59479.31194,18,17,663.2677304,40248.0114,36,14.01685429,0.455140435,3276.193583,12624.26059,18559.45187,1,27,3,1,0.01625927155,3,45,65,3.405553083,0.7746480682,1,87,0
57,73200.87655,13,27,650.2367521,15333.17403,24,9.86536933,0.8086590977,2362.474169,12445.48038,30780.46617,5,29,1,3,0.9053514127,4,61,69,11.51134485,0.5329869715,0,36,0
29,42315.9415,8,34,699.0508646,5522.75407,12,15.54907984,0.5355646567,2653.127897,0,39521.11834,3,3,1,1,0.782341974,3,9,37,5.545431419,0.4892310021,0,70,0
53,69050.41458,9,35,724.3618847,28938.89405,60,15.08611989,0.06394476808,2221.888224,4178.878784,24108.92493,5,25,1,1,0.05705712919,5,15,8,7.219831492,0.1478888892,0,83,0
38,65440.61177,12,20,521.4248365,26633.08891,24,17.14412301,0.174569184,2434.656103,6484.542965,28571.29875,2,10,3,2,0.1313688285,3,53,61,9.216813078,0.8153195723,0,32,0
36,60909.23966,18,16,659.8261193,34793.60456,60,12.70913427,0.4524639671,2556.045921,14591.05006,40067.70509,2,27,2,2,0.3149251518,1,38,76,4.757473675,0.1026848167,1,60,0
40,61218.24291,17,13,705.0945885,21516.08012,24,11.85216909,0.6433827962,2352.231383,22976.42841,47798.86111,5,15,1,3,0.5933056471,5,76,83,7.118527706,0.6568156479,1,19,0
34,66231.88687,12,7,685.6437442,36335.15323,12,8.833392317,0.4620687255,1160.168671,10165.52823,3001.039048,2,4,5,3,0.3303944828,1,3,13,0.7874575846,0.5785168786,0,5,0
55,66205.19123,10,8,616.3823176,31029.88636,24,8.119623937,0.8372459454,991.6472776,0,17500.73725,0,2,4,3,0.6521419593,4,10,54,6.181371215,0.4683247914,0,21,0
31,70387.89049,15,18,654.1115311,39817.45571,36,14.36166643,0.4998692183,3090.248255,18433.09312,36557.17771,3,27,3,2,0.916207669,3,8,92,3.700938389,0.8070480152,0,10,0
20,52545.88367,10,3,568.7145,20341.14793,24,16.89943303,0.5227754745,3072.781269,4199.454182,17319.71294,0,7,4,2,0.6728866198,2,5,14,4.064482877,0.3324033901,1,58,0
56,58867.37505,17,18,750.4272747,24835.39504,48,4.11588177,0.1075860043,2087.272912,24332.61246,5129.502303,0,17,3,3,0.8976620904,3,18,20,9.043144091,0.5209739985,0,44,0
60,61901.89888,11,5,813.3342248,22992.16384,12,17.21989889,0.7578888762,1327.235691,19951.68236,3058.225281,2,16,4,3,0.2791850675,1,78,1,2.256730046,0.3028765217,0,42,0
46,81371.12212,8,33,638.3356631,6228.017059,12,11.78873785,0.725495228,1874.320457,14852.07168,0,4,15,1,1,0.614839117,4,28,29,7.223436853,0.0208579016,0,96,0
37,61799.38568,15,18,613.6646085,32379.26472,12,12.336029,0.627672206,1714.516617,3903.008629,12106.68097,5,13,3,3,0.6122638179,3,40,38,1.183528224,0.6560193675,2,74,0
60,70928.93459,12,0,663.196604,41192.20632,48,16.83200451,0.1578884833,3744.058657,22078.66995,54647.21872,4,23,5,1,0.3676634637,5,71,39,0.8718621163,0.1609204368,0,34,0
54,54842.35237,14,4,665.815844,1000,24,8.375790571,0.5990940309,3482.293892,25755.54254,4475.616573,1,28,5,3,0.4264213091,3,38,93,4.035224958,0.9739912017,1,46,0
35,77769.53212,16,3,775.7861735,19707.85596,24,14.95458678,0.1736791356,1694.182565,34829.49188,29898.63642,3,0,5,3,0.6967132744,2,38,96,4.13866369,0.6689839157,0,94,0
37,42337.11332,10,15,609.6762312,20820.98186,24,16.66936683,0.8007761225,4031.251309,5390.238479,9763.114849,3,0,1,1,0.7264479737,2,79,32,2.857481363,0.8876049885,1,70,0
36,62428.35647,13,14,743.5199075,25752.46989,12,16.54010067,0.3304962535,2230.639983,22301.67102,51804.10612,5,11,3,2,0.9024394298,1,82,69,11.9964622,0.8439972414,0,99,0
31,54159.00494,18,0,778.6213962,24862.17133,60,10.65108043,0.8385722596,3010.140218,22100.16347,13607.66959,4,1,1,1,0.5427672605,2,69,51,4.699383253,0.4028153876,0,97,0
49,64196.69727,16,28,686.8192372,33407.21582,60,6.98906535,0.7403399998,2360.055491,10007.4712,0,3,27,4,2,0.9641413501,2,47,1,10.90759657,0.4003060985,1,19,0
42,46420.09749,10,22,708.4097803,36291.58657,12,8.377008508,0.1907574495,2220.245786,28944.0971,5281.580396,1,19,3,2,0.8431757367,1,23,27,5.406906255,0.9919583081,0,68,0
63,57720.21563,13,6,693.5298276,37176.66479,12,12.01319557,0.4490871757,3601.054934,15777.17812,20201.51585,3,22,2,2,0.6490482273,2,43,53,9.323799908,0.01648288966,0,21,0
61,38244.75443,12,12,685.0210458,34249.99839,24,17.10183867,0.8337229178,2692.249353,20974.02148,34998.84788,4,6,1,2,0.9900791364,4,53,70,5.589572428,0.8398067447,1,93,0
62,42403.39661,17,38,647.2866602,34854.84102,36,14.10324794,0.7999108785,3316.006887,20623.56055,0,1,28,2,2,0.3116573076,2,79,93,7.909063412,0.6044371657,0,22,0
56,59125.77251,18,38,639.8974576,39723.58519,60,12.01912201,0.0720400248,4709.604905,16919.68777,23824.98373,1,18,3,2,0.4517297932,2,34,22,8.951812376,0.7278551643,2,61,0
54,51643.89048,16,37,606.142243,26128.51997,60,9.528264523,0.08444611786,2846.487028,21623.74046,6564.669239,2,7,2,1,0.9980458329,2,53,55,8.788572999,0.7302264446,0,2,0
24,65935.42545,15,20,689.7221677,13438.43164,12,12.33565591,0.8427950376,1037.333707,657.8007422,19888.94512,1,14,1,2,0.6051785287,2,50,86,9.980888535,0.07806950154,0,52,0
32,55087.20449,10,34,690.4011409,40235.40101,60,4.861197976,0.4829662178,2701.925382,11602.29695,37811.58802,5,2,5,1,0.5789605304,1,38,45,9.087599756,0.4544285954,0,8,0
41,61009.95874,16,33,655.0619647,3713.683986,60,11.93511918,0.3319783088,1319.016569,19609.21888,21908.77247,1,3,1,2,0.05200738766,5,31,69,7.352442032,0.5460149406,1,5,0
54,26183.93269,11,7,722.9484298,45299.39305,60,10.72647924,0.8042695178,2907.109495,5489.9777,33890.02984,1,26,4,3,0.8873317611,4,20,35,2.996451787,0.916593752,1,96,0
57,51312.24651,12,27,668.3793062,25390.74241,12,7.827380985,0.06802716755,3579.764983,19837.55651,2581.204243,4,1,3,1,0.706707051,2,77,39,4.215872026,0.4344012393,0,42,0
20,24614.79907,19,33,550.1353339,33001.95052,36,8.156121049,0.6829498892,2597.408889,1731.083722,17495.64465,3,0,5,1,0.5992909373,4,73,50,6.675323124,0.1191899738,0,40,0
24,63868.8789,15,21,747.5014905,31828.81197,24,4.276722415,0.6779742773,376.6164768,21575.77286,562.0472939,2,23,5,2,0.1011631547,4,16,58,2.411534706,0.6235529581,1,28,0
30,60234.50771,13,19,670.4532354,20276.82024,48,4.820953183,0.4053964032,2768.077598,9814.28776,33974.86016,3,28,1,2,0.5604285365,3,51,76,11.89737454,0.2325315315,0,73,0
58,101633.4623,9,36,678.5865578,15828.53779,48,14.20604402,0.7946885243,3108.688024,566.3150361,25690.02981,4,12,5,3,0.2981091612,4,85,98,10.27620002,0.7438195173,0,5,0
24,42869.93537,13,24,726.0615974,21436.15325,48,6.273754511,0.6025912353,2520.94549,27723.89461,30246.03436,1,23,2,1,0.9167759096,1,11,8,5.04485432,0.1312278917,0,49,0
26,64907.6068,17,30,677.5095379,42892.48998,60,9.901736641,0.1169834496,1003.568846,35156.22488,27359.21237,0,29,4,1,0.4985221967,2,51,54,5.177554908,0.5930308251,1,40,0
27,48065.9177,16,6,774.5726721,28904.7084,24,13.73107794,0.7412548618,1125.087093,877.2915386,23976.95018,2,9,2,3,0.1404905153,1,36,55,2.799127166,0.4309686655,0,83,0
50,64552.66063,16,22,668.6798586,38878.6971,24,16.68520381,0.3584985314,3721.35304,28192.0333,20542.27007,4,19,1,3,0.0888743568,2,18,18,2.522786729,0.5323081631,1,71,0
39,77048.21544,10,14,639.7098963,3159.82397,12,13.80817689,0.6161407069,4104.25942,2535.351342,25108.27695,3,9,2,1,0.3709562402,3,56,99,0.8079041917,0.9208415189,3,55,0
20,62981.72938,19,2,752.8743269,59677.71283,48,10.70999013,0.7165188003,1574.143499,15983.47604,22991.34944,0,24,4,3,0.7924015282,4,20,27,6.693622927,0.7435356414,1,26,0
57,73236.20869,19,37,536.8391567,34243.88486,60,8.51642031,0.4594051134,3589.457782,30208.63702,34664.03115,4,21,5,2,0.7173017685,4,98,60,5.537576274,0.5558092178,0,48,0
52,75863.01898,13,11,677.6206249,35209.7597,36,6.376516721,0.2011308012,1379.874871,15080.28694,20107.43449,4,20,3,2,0.4972567255,4,12,75,8.600751618,0.4138636255,1,44,0
22,40837.88507,18,22,624.9482906,16969.90128,24,11.79907823,0.2060252146,2167.946483,12472.28218,39592.56219,5,1,3,1,0.3310978152,3,9,94,3.931441904,0.5189228445,0,2,0
18,69318.41674,11,23,722.9370591,15677.34431,12,10.134533,0.6274917655,1899.701177,0,31741.52205,1,12,4,2,0.9430244161,4,25,28,3.869991005,0.3707449862,0,39,0
53,47088.86498,14,24,623.8058308,16789.10579,48,13.79042608,0.1998889613,1428.02477,7002.56919,13847.11585,0,1,4,3,0.6955976965,2,64,10,2.237176877,0.1025939115,1,30,0
28,48831.56108,18,28,667.4216103,2387.649398,60,10.72078083,0.6910510409,2477.503268,3657.908495,32387.83599,5,6,3,3,0.3265118554,3,99,39,10.93551019,0.8908430523,0,24,0
51,69826.51598,11,35,654.5457918,38668.9859,12,12.40054261,0.4126236905,3370.981804,27755.57997,0,4,23,2,2,0.1341886099,5,84,83,5.135586517,0.6391442185,0,83,0
49,65365.00276,16,5,647.6681815,29045.12883,24,13.35538679,0.1096449842,2839.511208,15296.40592,0,2,10,1,2,0.6955680765,3,65,49,10.52653809,0.6183151082,1,61,0
56,71420.69556,14,30,616.1275738,36942.62549,12,3.455696604,0.7016566829,2868.977167,12345.25317,14801.5056,2,21,1,1,0.5003546258,2,72,50,1.676829168,0.5879014003,0,58,0
46,66438.84841,19,2,682.2495557,38353.76921,12,4.014350452,0.08170622538,2384.4666,12559.79242,35315.95592,1,11,1,3,0.8173981947,4,20,62,3.684686941,0.1571258755,1,44,0
52,47525.15407,18,5,593.2348813,33880.15698,60,4.218954019,0.8364321634,3360.66595,8000.628823,10074.73845,1,26,4,2,0.4675603263,1,87,77,10.44743516,0.3704704554,3,19,0
20,55715.39002,15,6,661.2158525,38404.95343,60,14.21167764,0.2992891071,1879.614775,22548.16699,0,4,18,5,3,0.6832263711,4,87,46,6.032126998,0.974022303,1,74,0
46,56826.77866,8,32,679.4754277,19363.44927,36,4.78147018,0.1517365347,2464.624657,14148.65212,30645.33867,5,18,2,2,0.6023585545,2,64,8,2.972702178,0.3434391823,0,96,0
32,53618.37331,11,15,732.8300505,28117.52204,12,4.949389721,0.383783018,3122.876475,18994.21104,47426.17282,1,5,2,2,0.481301257,1,38,98,10.01914711,0.8252599083,0,76,0
50,63232.16713,9,25,644.2855277,16074.04411,36,17.66421567,0.06204570571,1826.690936,27751.12725,15581.46868,5,8,4,2,0.5946192753,2,34,82,3.49251372,0.02311610825,1,87,0
57,35007.52074,13,31,845.0229891,40208.84558,36,5.967859186,0.8363605784,1859.816095,17369.10902,17091.38986,3,8,3,1,0.9121960929,2,28,52,11.72354806,0.5577047936,0,92,0
42,68827.8151,18,21,643.4030214,32593.5873,48,16.49035979,0.1088083763,2333.677775,23891.48448,12978.70173,3,1,1,3,0.3584640763,1,99,71,4.669385865,0.540917419,1,59,0
43,71624.30618,11,1,683.8081618,28754.16179,48,11.9523751,0.8595947104,2234.68426,21129.18878,54641.36083,3,11,4,2,0.08125810855,4,5,50,8.222205468,0.08302888937,0,27,0
59,40173.56692,19,16,611.5334003,45232.82114,48,5.866992455,0.7491358383,2378.061751,16087.68347,5355.581992,2,14,2,1,0.8491455774,1,49,14,3.757285052,0.9373301876,1,79,0
18,76707.27332,11,36,718.3530719,9252.014387,12,13.54630357,0.7874081465,1471.153507,22648.42475,22184.3713,3,5,1,3,0.6981915507,4,11,7,3.700658206,0.5826188629,0,82,0
36,50771.38295,13,10,691.6087597,27956.60575,12,8.01824043,0.1640279099,1402.729105,9520.630621,4959.989744,0,6,4,1,0.08264106366,1,26,24,5.803309054,0.3775434012,0,9,0
44,63265.12429,17,4,598.3363032,24825.64753,24,9.952646602,0.5382032229,4196.639049,2392.969956,33596.48204,0,20,4,2,0.3320516979,3,54,84,9.74724829,0.9392845908,0,82,0
19,67297.78947,17,2,697.9089056,21320.33534,48,15.1708579,0.4752247672,2233.459309,14604.31452,23832.1715,3,5,5,2,0.223630762,3,62,32,8.483910161,0.01318851448,0,1,0
49,69596.37027,15,20,656.6437163,41464.86732,12,3.546885715,0.7767081595,1042.15268,0,10238.31792,2,14,2,1,0.4870204357,5,42,53,7.065106056,0.9809694418,0,44,0
38,54952.5048,9,4,653.7365891,22572.09838,36,13.17988924,0.7004093113,2624.403791,0,36737.10967,3,19,2,3,0.09918581755,1,69,74,9.543763219,0.07260304627,0,100,0
45,80404.67137,13,28,723.0721427,29840.82731,60,13.47350852,0.4980787791,2507.145607,9018.927676,9467.819192,4,11,1,3,0.9001272203,2,14,23,6.455115388,0.9770932242,1,95,0
34,70151.20833,9,1,601.4448553,25411.64021,12,9.729015229,0.4944861509,3097.186662,22820.94436,20495.3773,0,11,1,1,0.5361714743,1,71,81,9.414012913,0.4683675211,0,25,0
44,56388.81667,8,26,667.6369617,10472.89118,24,4.152626051,0.252701467,3358.281686,29550.72514,36998.55434,5,16,5,2,0.2132959155,4,88,56,5.694988888,0.9008760656,0,33,0
26,87849.43283,17,24,638.0033499,17552.18359,48,7.414056124,0.498313579,1700.45214,12401.05987,18880.14798,0,7,2,1,0.4425217091,2,40,3,8.178547754,0.2018935116,1,18,0
54,104139.7872,12,12,690.1141839,6233.042321,36,14.66102621,0.1186487428,2769.791761,1970.184237,30703.50684,3,16,2,2,0.373907364,4,57,20,4.957635877,0.8456124509,0,57,0
25,46124.70491,15,12,731.6206881,22219.70886,60,11.08014837,0.8085073472,1908.485821,0,29964.52911,1,6,2,3,0.5496148451,2,73,49,9.768139764,0.6122518756,0,48,0
20,81490.36256,8,28,689.8932394,10951.74176,24,6.706439579,0.8099098139,4044.590453,14983.92398,28385.30296,4,24,5,2,0.6535331381,2,6,68,0.6536290013,0.5923652153,0,17,0
45,58745.07296,10,10,686.2173175,23398.07949,12,8.485497494,0.2201639815,2797.390355,18662.61406,5968.315017,5,18,1,1,0.6342778878,5,95,52,2.836754581,0.02482525592,1,52,0
43,63065.13665,17,34,623.7044826,37574.23968,48,3.863120745,0.7883469451,1861.920816,23448.43019,12727.65034,2,4,3,1,0.601311976,1,47,1,2.830143427,0.6303147916,0,65,0
26,52956.76225,11,16,597.7175812,42036.9353,24,4.908653846,0.2173063278,2750.691266,25548.48749,5048.114345,0,20,3,3,0.007168239479,5,28,8,5.69046949,0.2492966906,2,23,0
49,62381.16077,8,19,679.3408329,48616.95356,48,14.0673354,0.1948170687,2824.773567,13385.3949,19035.19359,1,18,2,1,0.1976590223,2,34,75,5.213829646,0.9555161093,0,35,0
62,66024.06125,11,14,704.4281334,37123.02427,36,16.32110142,0.7140824736,3212.473342,8954.126268,20395.21628,2,28,4,3,0.5691386313,1,87,4,3.470139675,0.01519187615,0,99,0
63,58459.48158,18,39,722.8438717,36621.92054,24,12.23755878,0.7494472524,3864.544067,22859.64154,28853.59394,5,26,3,3,0.9913992119,4,14,87,4.871150582,0.8125635724,0,80,0
59,67464.6035,10,32,594.8025121,40527.19561,12,15.07619847,0.4870160919,2305.589961,0,36300.47303,4,13,5,3,0.1002990096,4,70,32,8.344199595,0.7418295523,0,96,0
30,15000,8,24,724.5320922,34158.25389,12,14.54532448,0.8101870847,2067.792744,4126.658845,31364.1657,0,2,3,3,0.4070114445,5,95,34,6.265824351,0.8155059691,0,72,0
21,56296.31959,16,26,693.8925498,16891.37762,12,12.93348997,0.1146317171,3561.063059,1649.717632,7364.139514,2,3,3,3,0.03271041687,2,11,74,9.60865238,0.3319052045,1,2,0
32,65708.69335,14,6,640.5207615,40671.25097,24,9.380758217,0.4661242461,1876.005867,18496.47037,35934.05155,1,28,2,2,0.3644137191,4,37,15,2.420527379,0.5272610009,0,56,0
19,51366.77917,11,6,735.7066472,26050.42823,24,10.96751194,0.4955545795,3517.06539,24621.6852,48691.84446,4,9,4,3,0.1004650211,1,45,48,2.254658976,0.9626650291,1,27,0
57,50656.27109,17,25,737.1567032,39794.72539,36,8.274409505,0.8009663714,2626.827928,12858.81127,29026.02016,1,29,5,3,0.8515142164,3,15,9,5.593663041,0.5504423153,0,92,0
58,80973.60062,8,13,691.1794511,22265.03605,48,15.8641943,0.4220946243,2262.793426,42115.65686,12190.95115,4,2,1,2,0.431241629,4,34,67,9.627759241,0.6719624715,1,47,0
55,71803.43354,10,9,646.1407588,24633.79143,12,15.83816145,0.4409992186,2618.699702,20023.13536,24578.30982,5,7,5,3,0.5109801833,3,6,63,6.413902484,0.6094870684,0,59,0
41,45458.93835,12,38,670.7155306,35752.1747,60,12.90549038,0.8936341907,2087.257074,14600.63896,8110.430396,5,23,5,2,0.903030236,3,45,5,9.435092256,0.08348798255,1,7,0
22,78078.51961,18,16,712.868284,1000,36,4.863364678,0.8680542677,2406.045837,36280.4288,25166.57012,5,28,4,3,0.685930957,2,70,9,5.567590084,0.1483098393,0,8,0
39,40961.2253,10,34,716.3982571,13659.63586,12,16.8816157,0.3539519615,1242.693842,26660.29284,3599.473489,3,19,5,3,0.5602481737,2,96,36,9.940106642,0.6195318457,0,51,0
49,81828.0772,9,22,663.8016809,15621.50284,48,6.498719157,0.2270312551,2050.503536,36135.78988,33625.8174,1,6,1,2,0.4435249474,4,60,80,4.989330149,0.04971193666,0,13,0
63,58145.11109,11,14,706.7559257,21760.70583,24,4.949911113,0.6341907256,3087.902112,9863.850123,39845.28753,4,7,4,3,0.09083899014,3,18,47,2.206285821,0.928430916,0,23,0
52,43351.83285,14,2,724.4991922,11554.45076,12,17.41004889,0.4836293098,2031.70206,14354.91748,16232.75662,0,18,2,1,0.6556921063,4,83,88,0.9680187574,0.08846165998,2,9,0
37,74078.20336,19,24,706.3809306,32998.89653,12,3.541137699,0.5412189362,3961.697127,27208.00046,33733.89262,3,3,5,3,0.09449842664,2,13,9,8.916830248,0.9155319613,1,12,0
48,57983.0714,10,12,695.3715724,38800.27808,12,3.018474282,0.8370720868,578.5266394,4477.14741,51842.77068,0,15,2,2,0.7868749814,5,1,64,6.438681953,0.03407035401,0,72,0
56,56319.93892,14,0,712.1466501,26703.09094,24,11.30126254,0.49841515,3152.979461,32783.9802,34079.73507,4,7,2,3,0.001751216911,1,86,43,5.082714085,0.721429894,2,95,0
23,70358.10493,10,10,634.8756605,17381.99494,48,10.27525023,0.6243760611,2911.628682,19944.7404,14391.77956,3,25,3,1,0.3518015098,4,58,15,9.813532324,0.5438959427,0,93,0
47,61061.87998,11,29,592.6662141,37002.65699,12,10.18785276,0.1271913716,3056.835966,770.5097505,2320.041846,5,23,2,2,0.4132420941,4,37,11,7.408223711,0.7548175965,0,41,0
60,56406.38884,17,39,712.2989489,2926.753019,36,14.98356637,0.1760933789,3434.349329,26557.20025,12307.1663,2,11,4,3,0.7370838824,1,37,27,9.864979625,0.8572512435,0,91,0
26,52730.95701,12,7,673.058311,21851.65364,60,13.55244452,0.6672467506,3001.177487,0,33293.28862,3,2,5,2,0.754075632,2,37,86,11.92991586,0.9716126328,0,92,0
33,60048.96349,12,32,747.628799,13227.40199,12,7.205301351,0.1418115077,3336.34987,34428.35732,44778.61571,5,12,4,3,0.5280405574,1,87,50,4.253620926,0.9523731357,0,39,0
62,72006.91862,13,10,755.37923,39985.96908,12,17.82971152,0.3498309515,1349.106683,0,16380.11022,4,29,4,1,0.3858270832,2,89,65,8.950917127,0.3036921704,1,10,0
60,37801.59419,13,36,758.2073115,28919.50195,48,8.396011731,0.8247667055,1740.605766,29545.62169,37086.97306,0,4,5,2,0.6616666518,2,37,57,1.657810835,0.6255658476,0,59,0
25,65793.58753,8,30,657.849576,10339.4625,60,11.41021297,0.5222840381,3688.503868,26146.88415,23044.27964,2,28,3,2,0.1936443205,4,52,67,6.715673117,0.2598354926,0,61,0
52,69674.39723,12,20,737.1209759,22684.46175,12,4.782584687,0.1605481222,2142.285892,21500.52841,38581.13813,5,2,3,1,0.9693244791,3,59,49,1.192332043,0.200465501,0,76,0
44,22964.26199,11,18,637.6396503,22225.49725,24,6.336862072,0.08510738694,2354.567548,0,26163.66551,2,22,1,1,0.09831279201,5,55,56,2.743531222,0.8228401472,0,28,0
33,62341.01033,18,28,626.455948,17306.15666,36,12.61444683,0.308291591,2481.75767,14652.5591,31059.2825,0,15,3,1,0.3011122734,1,60,95,1.934535789,0.4184000369,0,5,0
32,89257.76833,8,6,632.7885728,35488.10059,12,9.950001673,0.371982742,1900.325715,3966.28911,14322.49975,5,26,2,3,0.5976427351,4,94,54,1.126148352,0.8027591125,0,55,0
32,48160.73026,17,15,652.2404292,23589.83048,36,3.306255311,0.3693749454,2523.208321,17655.80963,30909.40766,1,4,1,2,0.5927951169,5,20,82,5.383885112,0.8851950112,0,19,0
54,54376.54288,17,32,654.8810634,26687.88076,48,8.03191406,0.07777727587,1878.4512,24057.15333,25778.47985,4,9,3,2,0.6154233485,3,49,87,8.801940477,0.2127057359,0,71,0
35,77634.8024,15,36,656.3602637,36704.33993,36,7.298909897,0.7009007475,3130.01798,12906.6562,30486.23904,5,23,3,1,0.2744150343,3,90,14,5.301757438,0.1063865068,0,51,0
27,68363.01543,17,12,648.6992594,19449.64211,48,3.480912608,0.5727142882,2845.518007,14084.99853,31489.80891,4,0,1,1,0.1716932873,3,77,41,8.285125707,0.7528888538,0,65,0
34,62736.31023,12,23,679.6197601,15404.56589,48,4.858145976,0.630039501,2561.278318,9026.146585,12847.66196,5,8,5,3,0.6849452442,3,89,86,6.6967208,0.9081669623,1,77,0
22,55904.02041,15,30,755.9591404,24117.41509,24,3.419578872,0.5114716347,1853.096026,8197.592108,30590.56436,0,28,3,1,0.7769245436,4,51,89,0.6217503846,0.4407215938,1,48,0
56,67815.42571,8,9,712.3867444,37272.30712,36,9.766365577,0.877670753,486.7871898,13575.71724,26352.40357,4,1,2,1,0.2170195609,1,66,47,4.066143488,0.8058571272,0,82,0
23,30950.14888,12,14,685.4094294,23246.16706,48,12.93225142,0.2982853028,2528.330032,12041.59683,40683.7353,3,6,3,1,0.3472360395,3,80,49,10.19929827,0.236106279,2,9,0
50,83420.38757,15,38,690.4036113,21448.91893,12,9.727733711,0.6847957086,1246.960192,29728.08041,0,4,26,1,1,0.1158151011,4,57,35,3.343848454,0.8709595515,0,96,0
35,40688.33558,19,37,570.4914806,23175.48323,12,5.135854824,0.5163975955,2735.058209,9650.580978,1938.815964,2,22,3,2,0.8504299679,5,53,62,5.055752669,0.468668179,0,33,0
64,32934.45816,11,17,685.9946,24934.60154,12,14.36439752,0.3830890043,2783.495556,10739.84182,11582.02378,1,0,4,1,0.31584608,4,22,68,11.20738782,0.5893047753,0,35,0
64,34346.19841,13,7,734.0339618,15662.76444,24,3.452864488,0.6174555309,2885.039101,23548.73711,20029.56621,5,17,4,1,0.8625273722,5,58,14,7.762848348,0.4269415446,0,84,0
52,41557.50637,16,30,775.4663219,25651.04079,12,10.5343814,0.2559764617,1883.931769,26010.75977,13323.48161,1,26,1,3,0.5846794624,2,95,51,0.8283121651,0.6322917966,0,75,0
21,58314.63493,15,17,738.1580223,17762.21428,60,7.721846929,0.05529715678,3151.018272,17912.55235,0,5,22,2,1,0.9512799087,3,72,76,4.769690979,0.1167652983,1,55,0
51,69847.24684,14,27,635.6788614,7960.763328,48,5.602362884,0.3321922432,1453.34804,21638.533,2207.427761,0,19,2,1,0.6056437607,3,79,79,9.977629817,0.7466078505,1,11,0
41,52605.17036,19,15,662.1270139,5834.622793,12,15.13431776,0.8820942054,2166.24407,12025.61162,17638.55587,3,4,4,3,0.8751702795,1,48,42,0.8356946586,0.957542605,1,82,0
41,37350.63914,9,7,672.7671446,18414.20779,48,9.996080648,0.6681727781,2678.103959,17627.12383,17545.06431,3,23,2,3,0.193938266,3,61,27,10.73090015,0.5917466519,1,79,0
45,66843.34171,15,24,563.8156646,48068.94522,48,7.480152261,0.8471050253,300,10998.39233,17251.94934,0,26,2,1,0.8520566561,3,36,60,3.91262631,0.4243228753,0,63,0
33,36931.55908,9,14,671.3318292,20294.8683,12,10.56465012,0.174057465,1643.270289,12543.8184,23762.43629,4,12,2,2,0.9968641775,2,53,82,4.837488328,0.7671580806,1,59,0
33,64943.74304,16,5,677.6490592,1000,12,11.0407912,0.604423287,1122.575786,17333.10403,13414.61834,2,9,4,1,0.951056494,2,81,31,9.189456706,0.1769290963,1,19,0
32,48903.2739,11,24,649.9093419,29270.90319,12,13.8974889,0.3441607943,2544.394805,12151.2928,39672.62352,0,20,5,2,0.2462347606,2,3,82,5.218354407,0.0113693216,1,96,0
31,60327.79061,11,25,810.5625261,12528.63007,48,9.342367201,0.6473584001,3226.28869,18050.95702,5938.717333,3,20,1,3,0.3056556626,5,48,3,2.260986621,0.8814533431,0,66,0
24,55708.89136,9,20,665.0221242,33716.63227,12,9.773997254,0.1485158197,2993.169042,13867.52311,14382.87208,2,18,1,1,0.2351093332,5,94,42,3.73694942,0.486872092,0,28,0
58,50259.97059,12,31,609.9586135,31965.55524,36,13.10238974,0.2617808781,2952.856981,21523.62647,14329.60449,2,22,4,3,0.2466131247,3,72,43,10.98011986,0.7534887188,0,76,0
53,85838.01871,15,36,780.7320488,32753.62447,24,8.911536781,0.3204514593,3118.897111,29356.1022,13709.51491,3,10,1,2,0.2002683205,2,98,79,10.03165395,0.5190780706,0,25,0
61,67860.27517,8,25,635.9940301,11625.3292,24,10.28545279,0.4491757223,2783.297582,0,43838.0303,2,24,2,3,0.9901565657,4,13,88,7.178956705,0.8732614323,2,71,0
27,70249.6022,18,32,608.198432,59043.71686,48,4.02538817,0.3436157375,1825.477856,21803.50308,32679.36204,4,1,2,2,0.400375898,2,44,20,5.562637419,0.08817462705,0,45,0
21,56592.10135,15,23,724.0700975,27173.13119,24,14.22471956,0.769352965,3099.769249,19239.67423,9066.744252,5,7,1,3,0.05241254173,4,70,9,4.182108534,0.1753900914,1,29,0
26,72172.44155,10,19,648.2501244,7161.516962,12,8.166779093,0.3525810086,3106.629016,25161.71944,25698.44618,2,18,4,2,0.4906652318,2,44,21,8.431746066,0.4184517942,0,9,0
47,64901.17703,12,17,742.3582426,10617.48228,24,12.73391166,0.4089425458,645.8435298,0,23968.14256,4,7,4,3,0.5812728119,5,3,47,7.971305831,0.7202776887,0,86,0
29,41165.57397,10,36,745.1276207,37624.76621,36,6.963283102,0.659354115,3805.75067,23206.44984,2425.177178,3,4,2,3,0.3128670052,1,11,5,9.518681427,0.9697485461,0,21,0
48,63485.57107,13,9,747.2545997,26280.85872,60,17.46949191,0.5001839525,3441.599121,7335.01361,22227.266,5,7,1,3,0.2783925316,5,90,44,10.62467985,0.2373183241,0,24,0
26,73181.75447,13,20,683.6617979,20201.4113,36,10.92637997,0.8764313574,2905.538811,26508.97206,8594.77801,0,13,3,3,0.5487752159,4,77,61,7.774778227,0.8442771247,1,64,0
32,48033.52301,12,18,570.4130239,32492.04684,60,14.1515259,0.1581544863,3425.144345,9986.896057,941.6843254,1,2,4,1,0.9114882469,1,71,68,4.136827094,0.2254582125,0,5,0
30,59703.61368,14,14,684.2233731,19238.7051,24,6.04762442,0.2603181997,753.4016132,30888.57392,0,3,19,1,1,0.4340336973,3,15,40,7.947711453,0.4696708261,0,15,0
26,75478.21755,17,19,701.6294439,25715.68041,24,11.32687399,0.0657188605,2152.118925,22430.33975,12432.84607,4,4,3,3,0.1353184864,3,85,14,5.05045961,0.4271960388,0,68,0
57,52678.19202,10,3,586.5205864,30935.87527,60,3.719002815,0.7942738358,3571.229566,19044.6907,21548.30029,0,20,1,1,0.1308907518,3,56,92,5.876686465,0.9968991491,1,37,0
47,83674.19543,11,13,608.934666,26295.65749,24,6.642326147,0.3978125236,1936.621892,24399.11179,39082.57066,4,12,1,3,0.9199790483,1,61,41,5.572213343,0.6687227576,0,3,0
59,51305.72898,9,20,647.7977863,8488.570029,36,5.177453053,0.5553471298,2480.878059,23581.24466,20192.6761,0,5,5,1,0.5065321053,4,14,50,2.503189968,0.1379892153,1,62,0
23,57301.09211,19,38,699.0885764,47296.66654,60,16.12602431,0.1462732454,2005.07422,13390.66879,32261.59338,0,10,1,3,0.6855963016,3,35,21,9.425029664,0.7594302186,0,93,0
18,49948.03257,17,20,727.7540762,31024.15881,60,8.664070974,0.4909175996,1798.894807,3356.330805,0,3,2,4,3,0.8608531209,1,24,70,8.840352288,0.273486901,1,21,0
60,103818.9689,9,32,721.5824801,44997.19575,48,8.659819602,0.5618411136,2425.361376,12421.54707,23390.0554,1,8,4,1,0.22074928,5,25,38,2.253492007,0.07988114958,0,24,0
37,43656.3386,10,10,814.2449675,29788.03588,36,7.083627009,0.8728837064,2212.495527,10993.75826,24338.2551,0,3,5,2,0.6401144166,3,30,66,3.249696892,0.10853298,0,14,0
41,61903.42189,8,23,650.0309896,7138.267057,60,3.085311262,0.2617339652,2220.090432,0,28929.45276,2,26,4,2,0.04283917031,3,70,66,6.17514287,0.1515797416,1,48,0
24,65402.73351,10,16,731.4625845,28915.59222,60,8.045971372,0.4758613141,2552.437605,12720.03006,28186.85012,1,4,3,2,0.9251645675,5,13,70,6.180245179,0.04225556658,1,4,0
50,67302.41348,9,20,666.51391,17649.25757,24,9.13733376,0.121520527,1915.557095,23004.42101,30951.0507,3,21,4,3,0.6375492275,2,60,59,10.31093473,0.9473979585,0,53,0
58,49430.73915,9,11,670.9124302,30744.69274,36,16.12031511,0.2543263898,1521.466729,11503.98684,0,1,15,5,2,0.2478750672,1,25,36,3.638996054,0.1724300486,0,30,0
33,77176.02939,15,36,775.0891839,36908.94014,60,9.437904444,0.3851992558,2606.059927,13272.95466,19517.26733,4,22,3,2,0.1077728076,3,20,42,9.119010243,0.8760315532,0,30,0
41,76656.74357,19,16,638.8195012,32954.23868,60,6.675692104,0.1946896568,2608.986044,16966.48019,30482.14897,2,17,4,3,0.7518929299,2,34,100,4.305130339,0.8130192195,0,29,0
47,48796.82007,13,35,664.8143406,21079.45683,48,16.9122925,0.2509547445,2827.691244,9403.29764,41602.24396,4,17,3,1,0.2607412235,3,91,35,10.22489144,0.26818346,1,5,0
62,63658.21341,8,14,687.1052318,34870.93329,48,3.603771091,0.5344275296,1697.552573,15260.70621,14781.86672,5,17,3,3,0.3370201505,2,68,48,7.075672238,0.792403415,0,40,0
60,67818.15671,9,38,620.6162811,8414.423011,24,4.04556029,0.5425674876,2076.237635,0,37147.77491,2,29,2,1,0.8883989772,5,32,61,8.441039124,0.2905244276,2,46,0
64,47045.52322,12,10,706.8463708,37208.0254,36,7.402250212,0.6272402879,1785.106083,9744.904364,17890.0932,2,16,1,3,0.5695462749,2,63,94,9.104888985,0.03507708613,0,20,0
25,63140.7278,14,3,649.5465986,1000,12,14.79655012,0.1130115676,4101.246366,22863.44944,25771.79477,5,15,3,2,0.795347578,1,95,88,11.23487703,0.584648194,1,26,0
29,49259.67946,19,34,659.74072,15320.4764,36,15.72434103,0.5506816652,1779.363362,26983.0903,23217.65153,1,24,4,1,0.3891174485,1,65,92,3.01887186,0.4426011027,0,50,0
25,47881.62884,12,26,607.9626917,19666.40667,48,16.57453793,0.3198571499,2436.052869,23107.72863,12753.79733,3,10,5,1,0.1744663125,2,15,31,0.6834251166,0.5740928549,0,76,0
41,48713.65071,18,3,634.3093639,16232.69916,12,6.941404029,0.4076848691,2533.498207,4471.332164,8273.738022,4,21,5,2,0.05292412295,1,55,79,6.345779941,0.8245563621,0,40,0
20,71550.6341,17,39,633.9736392,18051.38892,36,17.66792164,0.4738578098,321.2601219,12745.99858,20400.12489,2,2,3,2,0.1150540487,2,22,31,3.468273866,0.7498396595,1,25,0
43,71674.09099,9,6,649.9996171,24347.94748,12,5.953425978,0.303467153,2228.236317,5409.240316,32660.74057,3,25,5,3,0.04477314841,2,84,85,9.898189882,0.9028199701,0,71,0
46,82234.21585,15,17,702.7439421,25600.24178,36,8.423250642,0.2583613674,2470.450509,33738.63049,37895.83627,0,2,3,1,0.7878146272,1,44,33,2.895817157,0.9826957434,0,12,0
30,63983.36956,15,28,749.8234765,15165.69806,24,11.57061293,0.6754503803,1676.268105,12144.09799,16833.48418,3,12,4,3,0.6840192985,3,34,35,4.495074334,0.7186059476,0,45,0
47,61150.58466,13,21,714.1907673,14675.12678,24,5.228953971,0.4862495039,2871.796026,15002.54711,2489.09001,5,24,3,1,0.7216203057,3,66,20,6.756896489,0.906574339,0,53,0
26,54379.19921,14,15,654.9747451,1000,36,10.07876777,0.7289367139,2925.25289,15457.0464,7699.782309,5,6,1,2,0.2111992874,3,87,32,3.842669049,0.4339270132,1,9,0
53,72934.43328,17,19,692.2108147,26960.67487,24,4.033811952,0.8981386858,3324.53891,14683.51591,18336.59959,2,20,2,1,0.9864346482,3,12,34,10.72630815,0.7877441328,1,31,0
19,46492.60684,11,7,685.5569063,13532.53006,12,12.59886467,0.6365622158,1766.519414,11616.14246,3457.255045,3,22,2,3,0.8262631382,1,25,28,10.76239111,0.5298966188,0,38,0
41,67709.90925,8,9,668.7611748,16504.36694,12,12.32393255,0.4871774471,2527.771182,12419.78989,9597.921878,3,9,3,1,0.7048459337,2,65,23,8.660469497,0.5799241241,0,53,0
24,53947.55162,12,24,726.7712296,27375.96288,60,5.327262134,0.3654888132,2646.873354,14968.80594,16630.59251,3,26,3,1,0.3895643542,4,42,39,8.226103006,0.2418542033,0,79,0
62,28322.60364,15,18,779.3625399,8972.336397,24,13.92359474,0.4413688932,2997.104827,19917.85119,32811.29987,4,15,2,2,0.8852673048,1,39,63,10.66633993,0.0445199053,2,28,0
30,77865.82181,19,6,697.8395971,43209.26047,60,17.5508827,0.6898780502,2614.124388,21522.8414,9385.658313,2,2,3,3,0.1945099789,2,94,25,3.068999291,0.6252561911,0,15,0
47,79900.34108,9,18,712.9519975,23426.49576,48,8.9323255,0.4480073953,3652.096934,7964.702981,19555.19538,5,8,3,1,0.1937831355,1,87,52,11.97738932,0.6089750636,0,45,0
41,82586.23127,17,37,640.824069,47049.96531,60,16.46371629,0.7357676433,2771.916755,12955.05766,12605.86213,0,20,4,1,0.1259907375,4,79,68,5.559526468,0.08753204336,0,30,0
36,59314.3434,15,36,646.9700131,19033.63207,12,5.363643187,0.8564512931,2846.175595,0,24843.99541,2,0,1,3,0.1581611356,3,92,25,2.011785181,0.7919400304,1,82,0
30,58131.88188,8,13,830.7115957,33424.47581,12,15.9089951,0.3045803158,1137.813872,18995.10645,30291.92985,5,3,3,1,0.0145078592,2,22,19,1.389424613,0.9769409637,0,93,0
57,87915.51885,15,12,723.9681917,30613.3436,12,5.643337859,0.6463949193,1845.136397,8496.34227,16277.81099,2,17,1,3,0.5901636297,4,60,34,10.81540362,0.4331427713,0,86,0
39,53221.23074,14,9,738.1334252,43879.34525,12,15.18470461,0.8717570326,3210.642781,14673.79665,22577.37761,2,7,1,2,0.7155876205,4,18,45,7.128002917,0.48008927,1,1,0
42,48796.34328,17,2,599.1302016,42788.563,60,17.82097588,0.7715736223,3397.173232,4166.941041,5852.414615,4,12,1,2,0.4128219338,2,2,8,8.517910895,0.740079905,0,47,0
55,60865.36841,15,6,706.2957041,18006.51757,48,12.21853273,0.3198143674,1676.750866,15843.97059,10599.54628,2,27,1,1,0.9757190238,2,97,66,4.720318458,0.5545928234,1,17,0
51,50531.62576,10,20,615.0997647,9941.96951,60,10.06563448,0.2966251215,4254.395651,16423.81799,20890.65086,3,22,5,3,0.627555455,3,83,45,9.36599677,0.6865424996,0,9,0
64,62161.2802,11,31,673.4664373,4005.916793,48,6.09258199,0.246533859,2494.081876,20672.70142,54060.563,5,23,1,1,0.121892666,1,33,72,1.455521316,0.7471861456,3,65,0
43,39129.10935,15,38,554.6178464,29774.02843,12,5.892158885,0.2642563487,2063.409975,14961.16027,30023.28925,5,9,3,1,0.7398800366,3,100,76,5.220849091,0.6826701394,0,77,0
59,50358.45742,13,2,566.2696932,37788.10377,60,16.54695564,0.3802908866,2766.810826,36380.50496,28813.14641,0,14,4,3,0.1642883953,4,77,21,7.659883516,0.6217700586,3,75,0
38,70097.96669,17,4,622.5889242,28934.56384,12,7.035745052,0.177847763,3275.981205,0,24163.5099,1,11,2,1,0.09654489074,5,5,79,0.714150333,0.8786059147,0,97,0
41,64210.86191,12,9,642.4992271,32021.26605,24,14.42378663,0.1483933133,2894.141006,24922.92992,15384.36795,1,21,3,3,0.133077844,3,79,48,10.91246514,0.9591561112,0,91,0
30,48542.40129,19,38,630.3205857,50501.87936,48,12.21324182,0.1620163402,3304.658804,25526.17983,21652.53259,1,16,3,2,0.8294907707,2,7,51,7.501157038,0.6090713702,0,90,0
30,59899.33608,12,15,686.3662004,14987.12331,36,16.35332443,0.5116062162,1923.70598,14489.90435,6038.13148,1,14,2,3,0.7053885308,4,28,68,9.589256987,0.8276090851,0,95,0
34,58919.90855,8,17,765.9284684,29067.23354,36,12.09147164,0.4431310148,1569.301729,20825.97744,26652.65753,5,3,5,2,0.9339240344,4,76,61,4.192891739,0.4142660547,0,12,0
51,59560.73438,14,30,704.6215598,26368.60721,36,8.062029589,0.2224794022,3450.803974,24663.05581,26204.15755,1,27,5,1,0.5188596119,1,4,33,4.104858071,0.8940371586,0,79,0
58,50665.77018,16,30,651.5951082,34275.71752,24,9.604547579,0.812083753,1857.603783,12836.06708,38820.21493,0,25,5,2,0.5770004626,4,54,47,3.880489555,0.9989478184,1,80,0
35,70563.78669,10,4,707.8254888,15420.7648,60,14.48621647,0.5141752144,1653.177853,38129.63324,4640.276511,3,3,4,3,0.4910697762,1,81,43,1.33097196,0.5837877796,0,45,0
27,61677.01742,13,29,717.8214036,20336.27533,12,9.122216312,0.1982176836,1488.089582,20209.84586,0,1,16,3,3,0.63206397,5,29,6,10.33256394,0.3419035637,0,57,0
37,74086.22739,19,8,739.0122067,43904.573,12,3.395067754,0.4240098692,2356.162748,23638.15911,37465.51859,5,8,3,3,0.2238996365,2,4,7,7.727943447,0.7233994455,2,49,0
25,65649.69811,18,25,581.1377467,27551.61772,60,13.79765702,0.4353294396,2957.355104,11833.7089,23815.55838,0,14,5,2,0.2363458042,1,71,30,4.261060002,0.9687149655,0,54,0
37,70460.53832,11,36,693.981445,19009.12907,24,15.52614856,0.52784532,2371.048051,7731.787413,22780.62355,3,3,1,1,0.06186712895,1,17,46,1.322317729,0.1340202467,1,30,0
64,72891.45218,10,33,690.2084451,24664.12835,24,4.758014679,0.4417628415,3455.066917,37029.38423,22795.09438,0,2,2,3,0.4664666188,1,32,20,11.87822314,0.9931177876,1,94,0
53,68076.26513,14,32,682.5416932,1000,12,4.860977766,0.7090340942,2540.871242,19903.80935,8785.033643,1,10,1,3,0.8926705782,3,44,29,11.56598246,0.1082930413,2,73,0
18,80394.7501,10,33,693.857518,19923.44265,12,3.12898519,0.3877127864,1110.894072,15778.82086,45500.16449,5,29,1,3,0.5546382543,2,42,95,2.76406804,0.8477324886,0,65,0
50,75913.11495,10,19,675.7665028,18648.49342,24,8.935589385,0.2052269257,3534.244829,17667.79918,20473.07219,1,26,5,1,0.8527430912,5,53,69,5.679659764,0.1507324808,1,44,0
43,65055.90371,17,29,742.8162028,1000,48,3.973985792,0.6368864961,3359.709768,7410.707053,15487.90027,0,1,2,3,0.3844595184,4,33,70,5.104117377,0.05640608369,1,76,0
64,55920.33396,13,4,747.4097833,31236.76694,24,9.227066863,0.4914647578,3625.116742,10913.60097,1719.1461,0,5,1,3,0.7042276073,2,44,23,8.936586212,0.8359608433,0,24,0
31,39225.41714,15,17,591.2070599,33259.57429,12,14.02318859,0.6888964246,2391.894484,8592.76964,0,0,2,1,3,0.6417328348,4,6,49,1.422292951,0.6021425378,0,65,0
37,70130.86907,14,1,647.6380224,27302.18848,48,12.97308991,0.6415063441,2783.178661,38906.92112,23603.35759,2,4,1,3,0.560121234,2,23,40,5.444310362,0.6969775478,1,81,0
42,64832.92458,17,19,821.2325027,12570.15217,36,3.984398068,0.771957375,1082.765819,25800.48469,40007.6726,0,14,2,1,0.8836013825,3,10,4,2.974057013,0.9713832012,0,13,0
27,104134.7855,16,38,650.1913534,3684.735842,24,12.5918044,0.2745919673,3386.358495,9221.754602,8994.300574,1,22,1,3,0.5521307412,4,99,33,4.173078491,0.1094959273,0,95,0
27,60362.33642,8,20,738.7106422,16230.31064,60,6.097128935,0.4067581237,2804.639813,17851.59522,13561.37262,0,15,5,2,0.8513993364,4,100,9,5.825371143,0.5571772428,1,14,0
43,50883.1591,16,38,705.9054105,35529.63574,60,7.604782709,0.6935679975,1968.691273,20306.30203,33976.47655,2,15,3,3,0.5605209724,5,70,74,11.27429234,0.08689864809,1,27,0
31,44647.21854,12,34,702.7636299,42859.80711,36,13.76348699,0.679336479,1671.197518,2379.48179,2143.743599,0,0,4,3,0.5949506619,5,95,65,7.806395892,0.0208437212,0,77,0
28,41044.23633,8,38,701.1791378,37487.03406,60,9.188873339,0.7893710302,2224.17689,27306.84079,35034.49815,0,7,2,1,0.4456412796,4,100,66,10.46922562,0.4594201437,0,2,0
47,36143.02526,9,1,709.2868547,30066.21952,60,14.80123301,0.5252777753,2235.302237,9883.588103,24944.52205,0,23,2,2,0.3336594167,4,20,64,5.420860826,0.9445776631,0,98,0
21,69904.87177,19,30,761.2677286,14099.57516,48,11.84357042,0.1626443651,1438.919676,16790.17474,0,0,16,5,2,0.8772941633,2,35,35,11.4908325,0.5732766812,2,72,0
35,48209.2437,12,21,692.8562944,33951.6004,12,12.05272301,0.6671392456,3433.664924,15837.40322,23018.25709,5,13,2,2,0.4932242963,2,53,73,1.804222052,0.5944712007,0,50,0
55,74769.78415,13,27,700.7566556,20185.04069,24,14.3296317,0.8758047889,3281.996525,8990.340101,15573.88031,2,18,4,2,0.1881580926,2,21,86,4.49049309,0.1372541816,0,38,0
20,67880.0964,9,30,611.9721175,1000,36,6.604070304,0.4432766082,3719.1436,14935.33622,43990.85571,1,15,5,1,0.4989404532,3,33,75,2.544684706,0.3049523048,1,82,0
32,59729.83825,15,23,825.4177467,13756.31802,36,14.05116464,0.5942717935,1772.161138,14641.51758,15996.16072,1,10,1,2,0.8818277126,5,95,52,1.675862626,0.3400143605,0,76,0
35,43721.55411,17,35,659.7395754,29493.68609,36,17.01021539,0.6258775646,2350.684354,22966.30472,11096.49703,5,27,1,2,0.6355527043,5,60,40,3.320681771,0.7377315767,0,84,0
59,64314.94433,13,33,764.9710721,17676.85864,24,15.87691123,0.4278050996,1872.747395,3615.223291,0,3,9,1,2,0.8639131454,2,88,74,8.547004148,0.9312133289,0,11,0
46,58907.66144,15,32,719.0274725,26817.0014,60,10.50148404,0.8982423069,2198.294398,18568.3435,22579.40123,2,9,3,1,0.8020722818,3,59,99,6.620236201,0.1154984218,1,48,0
25,49372.25606,19,7,677.1200815,17830.79051,60,12.45784028,0.5861696068,2502.095857,18177.37714,29775.99059,1,7,3,3,0.916156922,1,63,3,4.837799932,0.2371816832,0,65,0
30,29374.68111,10,19,593.4392469,33358.48306,24,12.61735369,0.07836004515,2548.72495,12046.4664,25306.13735,0,15,3,3,0.9212413366,4,35,87,5.706987629,0.3762491357,2,48,0
20,74695.07741,15,21,635.5146138,27722.48049,60,14.21460987,0.666424878,2448.926052,13421.28855,25343.56285,4,0,5,1,0.7252710661,2,65,59,2.971712093,0.1003628712,2,74,0
55,45233.21624,18,10,735.462415,37754.19077,36,16.36529341,0.2901737994,2651.293636,17651.61045,0,3,11,3,1,0.1687078333,4,67,33,4.238136243,0.2623998542,0,69,0
29,58512.77525,8,14,792.2048814,26044.20399,60,15.29409184,0.6304544027,4076.139929,35445.13459,15885.24934,4,28,5,2,0.125833793,4,49,28,1.339683108,0.6458194722,0,38,0
18,51722.62291,18,9,660.1169983,9067.338568,48,14.83801047,0.8394754356,2131.43071,11083.87915,39361.26148,0,4,5,2,0.1707725543,4,58,3,6.888574022,0.4380762712,0,87,0
39,50293.1181,14,37,621.4243301,22338.36167,48,15.17597023,0.7375815206,1550.102807,10500.94987,19025.70127,0,16,5,2,0.8072366127,4,60,10,1.200034497,0.2167433856,0,11,0
25,70721.91405,13,10,687.1992481,36860.13586,60,8.040600053,0.2309530606,2573.072581,15531.88391,9446.939908,0,12,2,1,0.8065097958,1,53,34,1.954352617,0.5331096231,0,76,0
26,74270.39977,19,32,774.9048455,13145.46023,60,13.90075615,0.4039192541,2546.274389,14888.48216,27074.46295,2,13,5,3,0.3777583129,2,84,24,3.052475316,0.3243021333,0,76,0
54,42558.29061,14,4,626.0253157,7919.56837,12,4.272535757,0.8237779435,835.6423395,30520.12977,17715.23614,1,13,3,1,0.05545181291,5,49,81,1.645685679,0.1513898543,0,88,0
35,40757.22354,15,9,715.1237717,22588.49584,24,17.65562201,0.2108927153,3880.289099,3722.651707,35763.87668,4,18,3,1,0.7880523529,5,32,14,4.308742761,0.3555604604,0,72,0
31,96936.12191,15,19,801.3510836,46870.10622,60,16.41335881,0.4915521231,3126.674388,15499.4003,30386.41059,1,16,3,1,0.6904649828,1,73,25,10.98861072,0.03756246342,0,66,0
22,59188.98388,14,10,707.7067925,21822.84381,12,9.153504257,0.6655259016,2256.533486,14692.72502,1965.326607,3,20,5,3,0.6877920554,5,55,73,3.960715482,0.3771300876,0,90,0
43,38172.02132,16,5,737.6144241,30527.96119,24,14.25074236,0.5171956508,4187.167425,8591.023616,30295.89792,5,1,5,3,0.4737514017,3,39,63,5.036843095,0.9997048745,1,93,0
64,78387.72637,16,30,704.240383,8414.210008,24,7.360343184,0.4614478561,2535.617846,18291.39627,21561.68763,2,7,5,2,0.8327561076,2,59,81,5.439498247,0.2361270601,1,13,0
59,28569.96321,9,28,621.4219035,4077.128149,12,15.89229061,0.3775576136,2691.916979,8221.494537,51772.42218,5,19,1,1,0.5102047664,4,31,2,1.750797151,0.05140057922,0,28,0
63,66111.55229,16,21,741.1067409,46284.57359,60,10.41968673,0.5799445044,2564.036805,20951.87423,34799.32121,4,28,1,2,0.9715559949,4,97,81,10.66542657,0.717964162,0,76,0
23,39854.13668,14,26,577.7860069,35336.02098,60,10.46724162,0.6947916288,3344.289114,18226.19332,20893.73537,5,21,3,3,0.01332924709,4,60,53,10.84733854,0.08907585077,0,12,0
33,78880.33424,15,38,686.6408913,20724.89123,48,16.17730638,0.7922704848,3696.407304,12621.60156,8465.135164,0,1,2,1,0.8475508481,2,24,5,9.926038042,0.08946336824,0,4,0
52,57601.22525,14,38,667.5206831,19277.70784,12,16.92300973,0.5597887307,2263.021109,300.4470582,19093.10087,2,3,5,2,0.7326466326,2,69,9,11.7145463,0.2851546762,1,78,0
36,34778.06907,11,25,693.4655803,10961.64256,12,3.608583312,0.2170914218,300,12594.28504,19207.0904,2,28,1,1,0.4020394922,2,87,32,5.922360679,0.4576825192,0,32,0
55,54715.66528,8,9,650.1728411,13628.30629,36,11.84725322,0.85777834,4172.409984,11850.89635,27051.81457,4,1,4,2,0.01677654787,5,28,66,6.379946302,0.7145562269,1,84,0
41,47911.07306,16,37,736.1029853,17970.71425,60,15.65559827,0.7362204063,3912.067344,34465.98426,23978.63235,5,2,5,2,0.9040957562,1,13,45,3.525313423,0.1857998566,1,74,0
38,61314.71073,15,31,651.905179,15904.18045,60,3.182444712,0.1640655134,1739.228825,12884.02277,20452.16265,2,26,2,3,0.678435288,5,67,52,9.363756004,0.6905535472,0,16,0
18,48407.43564,15,21,745.6269092,22216.97316,36,9.858150178,0.6238912946,2990.363403,13640.88071,32444.89863,0,6,1,2,0.7741551996,2,39,68,3.834448108,0.719687353,0,88,0
57,61031.22074,8,16,658.4401271,26007.5143,36,3.61599249,0.7564367994,1869.706448,4761.313324,0,3,19,4,3,0.6078213848,4,89,28,9.816295422,0.5558948227,0,96,0
45,85708.92536,19,36,655.8830751,33936.01389,12,12.60732609,0.7424286142,1784.169491,20843.04885,36737.45603,4,15,2,3,0.8663089164,1,11,62,8.16911119,0.3882438734,0,42,0
21,34338.0593,15,33,709.2725198,40332.27891,24,10.51765095,0.07443863692,1525.01439,22986.30537,48886.18835,2,21,4,2,0.999128837,5,10,53,1.201790491,0.9953563979,1,91,0
60,56813.49168,14,15,710.4299248,16407.32379,24,17.70273151,0.1520352434,399.3057394,15532.14996,0,3,22,5,3,0.3461841081,4,72,10,2.9967809,0.9328865595,0,67,0
43,39553.49621,18,20,709.4029736,18914.86672,12,6.289462358,0.866899476,1211.695756,0,43674.56661,3,15,4,1,0.083081248,2,75,34,6.457372055,0.1768365673,1,84,0
55,53021.81769,10,39,634.5748249,17704.15296,36,4.645454565,0.1277458276,830.4748969,6049.101866,24444.30274,1,20,1,3,0.2337563123,2,90,43,7.234111133,0.3017711773,0,89,0
39,72509.35793,18,19,716.5147193,17359.17361,48,10.29756634,0.8643403989,2746.648895,19944.66776,9039.335162,3,9,5,3,0.09971558701,4,79,97,9.847759624,0.6624179994,0,100,0
25,53681.79258,17,22,600.2543573,29204.92744,24,7.825159018,0.8208911244,1939.586913,35537.06632,1338.152596,4,23,2,2,0.07256981165,4,83,63,4.287017188,0.2759612871,2,81,0
45,67032.96693,13,17,698.7547212,26945.36936,48,17.920926,0.545955689,3520.730867,3300.098309,11893.78165,3,11,2,1,0.7815753632,4,52,44,6.586196733,0.4657533156,0,30,0
44,64080.54166,19,2,694.0401314,27183.69102,48,17.52284676,0.3009973991,1970.016311,15079.04201,34491.89885,2,13,3,1,0.7269113759,2,32,95,11.23512565,0.6123550735,1,5,0
44,58810.10717,9,12,585.4916334,17702.15651,48,10.22927139,0.2944583892,2623.783696,11424.8844,17963.28686,5,29,5,3,0.5246518581,2,83,89,11.58598134,0.142154865,0,92,0
40,66895.90335,19,12,632.5728847,45111.80678,24,7.617783392,0.230359124,1166.429246,15874.09698,20009.98221,5,27,4,2,0.3500387157,2,59,50,1.050201588,0.1523086261,0,99,0
23,64074.79052,10,25,638.113131,37340.56953,24,17.99303241,0.4238800722,2866.572099,21845.56769,23794.79254,1,17,3,2,0.7242087503,2,15,11,9.446178235,0.2673739796,1,22,0
49,78109.62381,19,19,669.665339,8209.639138,60,5.680087516,0.5348336755,2506.916595,30569.53554,20204.5613,0,19,5,3,0.9285220783,1,22,96,9.166405494,0.2497777521,0,24,0
36,65681.97543,12,10,770.6296695,10272.11185,36,10.5884351,0.7025869857,3447.981713,13058.03548,31911.62204,3,24,5,1,0.2539708807,4,85,49,2.186343926,0.2541848601,0,92,0
41,47439.86558,17,34,714.8915591,18751.65103,60,7.667267926,0.8250952492,1689.184693,12466.05549,17059.46143,2,3,5,1,0.2106737428,5,80,97,5.482914535,0.3944533294,1,89,0
25,66710.40607,9,27,695.7267503,32350.21029,12,12.6629751,0.2978353256,2572.214544,0,10793.61565,0,21,1,2,0.8820661567,4,1,62,4.300459551,0.64817241,0,27,0
18,52434.48503,19,10,653.5055778,31454.7488,36,13.04702148,0.2836013054,3735.014849,10054.88487,3271.628858,1,19,4,3,0.5781542997,3,30,41,9.719351152,0.5867124087,1,1,0
43,67021.42853,17,22,721.183537,44174.75827,12,8.662928252,0.8620126334,3676.785898,21289.94471,7235.496741,2,18,2,2,0.03126815654,3,16,25,7.350269721,0.4184823943,0,29,0
56,98968.62042,17,1,619.8023346,11054.61031,24,10.02399996,0.09050679133,3286.422187,1577.922268,36783.5452,5,20,3,2,0.003429974196,3,68,86,6.066238383,0.5115812819,0,70,0
63,69680.34541,11,25,736.5583107,13850.64186,24,5.396282855,0.08551806088,3525.786273,26907.07079,25914.61406,2,2,5,1,0.9569130283,2,43,46,11.96657852,0.3055177353,0,29,0
53,52231.52137,8,19,682.5163609,11177.15902,24,3.778147075,0.1867194109,2122.631776,28484.74776,18652.72499,5,20,3,2,0.4998965209,4,21,76,5.976292056,0.01558630435,1,75,0
27,47060.76677,11,8,678.6446063,34255.28509,36,16.33162832,0.7072872544,2226.416185,6090.206141,26702.06465,1,11,2,2,0.2582531864,3,13,44,4.554205881,0.407691099,0,51,0
52,53382.94322,13,26,682.7588849,9320.226926,12,11.51009316,0.7311000567,2953.104886,14107.06051,0,0,29,2,3,0.7935726481,1,89,78,10.24458816,0.4876014712,0,61,0
30,54185.18164,16,10,532.4008668,46593.72991,24,4.587621414,0.3358956867,2251.760115,17810.21294,6698.469555,3,25,5,3,0.3640739898,1,99,67,4.865094643,0.1343343831,0,80,0
38,66285.6997,9,3,696.510964,31826.49978,60,7.616786839,0.377886193,3178.802451,29814.0883,0,3,20,3,1,0.4417984817,1,61,96,5.523981213,0.9014717505,0,58,0
53,38198.46393,10,38,702.816212,29316.23408,60,11.90228389,0.7295626574,3803.383403,30227.96808,0,4,14,5,3,0.7567714106,1,39,92,7.461113874,0.6916280965,1,95,0
54,58482.65291,19,30,609.1580635,33679.18685,36,6.397650662,0.8392132781,2736.40158,0,8775.218712,3,28,1,3,0.02028870509,4,48,17,7.831218518,0.4982953962,0,68,0
48,21498.15103,11,20,693.0537466,6454.170149,36,7.484896637,0.4977838725,1347.362704,7688.292057,22257.77196,1,2,4,3,0.7187980735,2,42,69,1.681322983,0.7639299801,1,28,0
27,84471.21195,8,34,694.2087365,32713.65943,48,10.12197584,0.413161758,3229.663046,0,28263.26703,3,25,5,3,0.523660926,5,12,74,1.525951165,0.5468162747,1,66,0
55,66269.12738,12,16,673.1250111,42636.27323,48,11.57686844,0.7769328601,1433.526632,11250.63968,30663.18907,2,6,5,3,0.06964763587,1,45,93,4.179526906,0.8191413093,0,72,0
54,42395.48796,17,19,695.3708784,3225.020005,48,9.542346887,0.7429226924,2766.284556,19269.63664,0,5,27,5,2,0.4825410274,5,9,89,3.327974305,0.7213076862,0,33,0
25,50035.34374,18,15,729.1168921,33061.70721,48,16.64713,0.5695678812,1929.088714,19558.6966,36475.25228,1,22,4,2,0.2571013508,3,72,78,3.445450875,0.7427835486,0,87,0
24,79682.55335,19,0,797.9091725,36446.32853,36,12.39277823,0.7364269257,2317.123248,12458.99357,22574.11945,2,22,4,3,0.9662304114,1,9,10,7.948540449,0.446965761,0,19,0
53,65008.85694,8,24,669.7990938,39818.82435,48,3.306023544,0.2307591435,3423.907694,14227.92723,18990.8573,1,10,4,2,0.3985283521,5,18,96,10.80380909,0.7318182149,1,81,0
19,44387.20242,14,19,544.2995209,20707.81519,60,11.51832088,0.4685498965,2343.897903,20378.20722,19622.95908,0,20,4,3,0.2571533612,3,55,95,11.81785559,0.7129561957,0,91,0
37,74426.58697,8,34,659.1637702,18953.87814,36,16.37791488,0.3648731367,2996.127704,11643.48549,8037.928467,4,4,1,2,0.126736939,2,93,100,4.158108286,0.1430770975,1,62,0
60,85196.85116,11,34,737.5255222,10672.45808,48,15.21441403,0.779082026,3884.233514,27860.15018,35369.44403,3,27,2,2,0.08667451557,3,45,92,1.649801275,0.1589533318,0,65,0
57,79632.74167,11,32,677.8591641,29150.34581,36,16.01127472,0.07973467769,3632.883914,13198.26972,11658.76177,3,19,1,1,0.8383919376,3,2,43,9.667273116,0.1369436833,1,21,0
45,50373.86073,13,12,738.5363317,5673.546072,12,13.93600773,0.0707652137,1593.474459,6819.773531,0,2,9,5,1,0.8023639596,2,69,36,7.935862753,0.06310511678,0,45,0
33,40465.34335,9,30,705.6764598,16757.12756,60,12.67197868,0.2694256607,1193.775341,19074.18658,30864.84561,3,6,3,3,0.08440936357,4,36,13,8.307877884,0.3140673433,1,76,0
38,39447.64417,14,17,715.0861259,38002.5885,36,14.26225202,0.8428226831,2479.865273,15155.7396,1162.837275,3,29,4,3,0.9688745291,3,100,21,1.732926595,0.103661479,1,63,0
22,72352.00784,13,3,651.9413761,27035.406,36,10.54816065,0.3399994251,3761.642654,40315.6232,29283.74601,3,25,4,2,0.8238030906,5,58,81,8.925925378,0.7038522868,0,42,0
49,53717.42647,15,13,650.5272205,13411.35098,60,15.37233403,0.7225770959,3448.490301,25656.78959,31842.77617,0,15,3,1,0.4979379386,2,52,91,10.6474693,0.7851555447,1,3,0
24,63455.24896,9,31,677.7708809,6468.324293,12,6.902966417,0.2648955196,777.6063547,0,7246.215098,1,25,1,3,0.1811621042,1,91,14,1.19181916,0.4881381768,1,57,0
36,54246.37712,18,20,620.5504101,9070.712869,36,11.15865175,0.8888152399,1486.133593,0,16341.1068,3,23,3,3,0.1167253225,3,43,60,1.926261663,0.5240103557,1,39,0
20,72929.48119,19,26,681.3650946,6891.0037,48,5.628065474,0.3699620206,3168.625709,7286.148914,32047.60182,4,8,1,1,0.2036738744,1,61,16,11.76365489,0.7974722983,0,20,0
29,38181.15421,14,15,626.1716447,31859.02896,24,6.325996011,0.1139847283,2007.546922,19833.51434,32127.93951,5,16,5,3,0.7703313878,3,47,2,1.877313141,0.618757401,0,97,0
47,57905.28761,8,31,536.8406466,31757.31046,36,3.54584884,0.5703457023,3417.499267,35707.4428,32371.81175,0,2,2,3,0.9576323746,1,86,69,2.542862022,0.1988370053,0,57,0
30,65973.24998,8,31,521.9178944,39734.4944,36,10.66943725,0.7601125671,1827.360051,5899.334183,17359.62283,1,16,3,3,0.07899028381,4,55,70,3.681918953,0.08291321454,1,42,0
55,49501.60231,17,35,680.4159208,23173.05144,24,14.6759922,0.7844461014,1461.572471,0,9089.765205,5,17,5,3,0.6412658719,4,88,68,7.107010694,0.7619989821,0,6,0
54,38207.97637,15,14,678.8398343,21531.30132,36,3.6135312,0.366004155,2053.627528,31154.28932,33067.16182,0,29,3,2,0.5413920889,4,48,37,5.939416696,0.5740202833,0,10,0
23,49379.74559,14,26,712.7174849,30739.03068,60,5.503745797,0.4473084229,1325.487691,9107.495919,6180.902322,4,14,1,1,0.4071058309,5,5,51,2.225436601,0.5730799652,1,4,0
50,42005.17634,10,21,669.6452235,31485.38308,24,3.203971235,0.1748887547,3067.980237,10598.77906,11855.93216,5,4,1,3,0.2659882924,3,40,49,4.025344094,0.9189826674,0,15,0
37,48852.53465,15,0,778.0109695,27176.77723,48,7.611233985,0.5959142888,922.8585551,25396.55274,18660.59941,2,13,4,2,0.9332888721,1,85,65,8.375763491,0.583976379,1,85,0
43,29929.90612,15,22,689.6062516,13986.07796,60,10.46477935,0.8203584765,823.3037495,6127.561838,18902.06268,0,11,1,3,0.2922951196,5,25,34,6.430558101,0.4803309082,0,24,0
23,67694.2323,8,14,681.1808049,32849.19488,60,11.5222252,0.1691632513,2325.911734,7591.881153,40009.62514,5,22,5,3,0.2832202701,2,70,36,9.456332604,0.8773031123,0,35,0
23,57691.46805,19,7,721.3996262,1000,36,15.81486255,0.5991197348,2633.176029,2404.290845,32758.42474,2,29,2,2,0.2306170514,5,82,22,8.161695701,0.4677172641,2,40,0
43,45961.48275,10,12,741.953552,4982.848542,24,13.86105796,0.1275513478,402.8024071,15819.83427,19216.66717,2,21,5,3,0.4736061713,5,23,75,1.843679838,0.5045024461,0,100,0
62,64271.59711,15,20,731.7843469,29183.86946,12,10.28246407,0.2445903399,3359.69483,20546.01961,28266.74566,4,26,2,2,0.8167458831,4,48,43,0.6605539042,0.1275468617,0,19,0
32,70068.75842,17,17,635.2093275,27560.02123,36,12.62539701,0.2409353589,1240.608768,32590.05572,29385.33062,0,29,1,3,0.9985165263,2,17,38,1.015610973,0.8111960605,0,86,0
22,48470.08052,11,39,771.53388,31636.38267,12,4.880871736,0.05007156022,1990.913065,25955.46128,33886.25774,0,27,1,3,0.5562673953,1,43,33,0.9030066615,0.7703975314,2,48,0
27,57734.99107,13,11,710.3964195,23711.50783,48,10.33166381,0.2386392041,2162.564947,7947.25865,0,2,20,1,3,0.08523145106,1,81,78,8.207165047,0.06239045111,0,40,0
36,60966.22023,11,28,639.7079123,21101.82413,12,13.16616831,0.08460600546,3977.659936,21443.77072,12189.57388,3,25,4,1,0.3107700934,5,41,7,5.792451163,0.05394483803,0,64,0
41,84572.03274,16,17,634.3783779,13212.79134,12,6.339201586,0.1028641895,3046.686435,6387.157798,13004.06491,1,23,2,3,0.1223749543,3,48,8,0.5513575109,0.9239303528,0,35,0
45,54159.14395,17,0,562.5883217,19222.5783,12,11.37604882,0.635407836,2552.22432,15186.66924,33854.1886,1,27,1,1,0.9370201198,4,76,82,10.64340899,0.6447167459,1,28,0
55,44972.995,13,1,674.5081976,36047.4737,12,17.16556242,0.5998716346,2468.384226,17929.56743,9158.558681,3,8,4,2,0.813981703,3,45,63,6.201753816,0.3992831337,1,37,0
46,63228.00284,17,12,698.4292779,21993.65232,12,5.706914207,0.2254037724,2736.646782,16975.84839,6554.52673,5,0,3,1,0.5429662356,2,32,84,11.42198283,0.04389867658,0,58,0
26,38358.26366,18,20,691.0344114,7865.497117,36,16.29267436,0.6517671381,3701.384598,26360.8129,8210.131793,2,19,3,1,0.1118362499,5,81,30,4.436271158,0.03584531873,2,70,0
50,76018.92058,17,33,711.8865613,32337.87447,24,10.81464126,0.2946242327,1385.586417,15579.8134,29129.49178,4,20,1,1,0.6908442548,1,9,39,2.999794991,0.09900856182,1,86,0
56,39457.97357,15,11,634.6244417,26375.62662,36,3.491885125,0.8274213747,2238.527469,21094.08974,24957.9324,3,13,1,1,0.007392817683,4,62,70,5.805492785,0.5488949447,0,26,0
33,42360.94934,16,31,584.317631,17521.19648,36,12.25790728,0.05175835137,3486.274029,26321.12408,11562.83983,3,4,2,3,0.8303944528,1,53,32,2.065151338,0.03705066446,1,59,0
19,51088.21079,10,35,760.4394334,16544.48827,48,13.36214208,0.8757427734,1360.472723,19809.68851,29071.88591,2,0,1,2,0.3550485712,2,43,91,8.53962057,0.4487836066,0,87,0
48,84503.58479,18,0,697.5623936,14322.58181,36,10.51552605,0.8799992687,3648.766797,9671.177368,50478.0723,3,23,4,3,0.7379735618,5,17,50,1.420578028,0.08989612894,1,3,0
29,77606.50323,13,32,662.4550231,26315.85623,48,3.009756624,0.1447301958,1622.706787,0,12253.39239,2,6,5,3,0.1425544326,2,23,91,1.557457287,0.7953778647,0,70,0
38,69130.27757,18,1,691.3945416,13962.27642,48,12.17204958,0.7469579429,1492.249171,21798.90403,1657.998689,2,3,5,1,0.3514491272,2,90,24,3.600959461,0.9885794823,0,86,0
28,77787.0873,16,21,705.4676029,26841.02161,36,17.75365597,0.1400981039,2290.987223,15752.85925,10650.54663,0,7,5,2,0.9397401493,4,81,64,6.659955715,0.5066956764,0,46,0
60,45349.81459,16,8,679.6659691,38337.49188,48,3.979638785,0.4529238482,3384.867488,32552.12689,54648.88809,2,27,1,1,0.2605996802,1,44,81,1.316760243,0.8651759781,0,16,0
57,43961.2168,19,16,658.0471375,16792.11304,60,12.25159298,0.2251312877,2561.92166,22162.1651,25417.79698,4,19,2,2,0.1986302885,3,19,32,5.055952026,0.2118252421,2,19,0
29,69899.78652,10,15,663.3449092,1000,48,6.512945467,0.7458440723,2282.735022,24374.8974,20751.1969,3,11,5,3,0.7560961201,2,69,27,0.605996905,0.6222494569,0,10,0
62,39398.63631,14,31,609.2197823,46557.46524,60,16.31251635,0.5341323817,2595.185129,11244.08793,40497.26738,5,28,5,2,0.6565100741,3,31,44,0.5970309515,0.8655761174,0,13,0
38,62990.23734,15,29,751.7620762,39362.05449,24,8.947260848,0.6874292451,2246.724809,6180.099794,24732.72232,1,5,4,1,0.2505088298,3,20,30,9.903292425,0.6704151066,0,30,0
31,32620.3521,14,9,665.4054855,20433.2745,48,15.22028703,0.7665082152,2914.650249,12370.64614,0,0,17,5,2,0.8822304382,1,33,16,10.3695696,0.9287878374,1,73,0
37,81376.98009,19,35,590.4036614,15803.4005,36,16.4713737,0.4591847045,2059.971256,10563.58139,15351.49879,4,24,1,1,0.6508831708,1,31,90,10.88420473,0.4287560955,0,84,0
18,39368.73937,15,10,645.0469523,19830.90116,48,8.080287085,0.6384661292,2995.865033,0,0,1,1,1,3,0.7850862048,3,99,13,9.968715648,0.9439475011,1,43,0
34,43044.25506,14,24,695.2577232,2745.158158,24,7.377181048,0.7612172362,2699.300583,30472.82827,31552.88152,5,11,1,2,0.1269742439,4,26,7,7.039023878,0.980147499,1,27,0
46,51462.4311,19,18,747.1889163,30160.88202,24,17.8287189,0.4391025699,1701.842642,1203.378804,20475.2097,1,4,1,2,0.6143328042,4,42,20,1.488514361,0.5167451042,1,37,0
35,91976.2851,15,37,773.0204082,37677.00299,36,5.843457576,0.416345808,1919.881431,23204.8183,37692.84644,5,14,1,3,0.3933284774,3,11,45,6.128526251,0.7690765622,0,86,0
26,54232.28783,16,36,690.1238268,11937.71751,48,9.482484594,0.08093870697,2636.098693,4353.745974,25583.75444,4,27,1,1,0.3692830044,1,71,58,2.256982177,0.8451781493,0,34,0
20,49009.73193,14,12,605.9401682,12783.03655,12,7.083655024,0.7530501036,1071.047806,29184.84297,52894.49086,1,11,1,3,0.1610144775,1,47,93,9.599652706,0.0806537281,2,93,0
54,80931.13963,11,27,653.9046742,6021.24655,24,15.54186766,0.7687648869,2820.361632,16369.4193,8472.170388,0,9,5,2,0.369808422,5,89,47,8.663030708,0.2800344544,0,21,0
23,63830.3996,13,2,704.579988,16387.96157,12,11.69492185,0.231570812,2303.71572,18791.12275,14501.37223,3,13,3,3,0.6324119555,5,96,57,7.499497388,0.02740464448,0,57,0
61,69973.91503,14,7,603.3139963,23565.12901,12,13.26553615,0.3395001353,1232.393083,3552.286191,16501.68794,2,12,1,3,0.2509294753,4,49,42,9.405028324,0.1421158529,0,50,0
51,53548.83249,12,27,647.6643372,38764.03482,60,16.5040451,0.8706966863,2051.511243,22344.33473,15875.00088,0,12,5,3,0.2969355978,1,30,77,4.681878512,0.3904096372,1,33,0
18,67101.54106,9,15,727.916245,9832.873426,48,7.709458716,0.337798181,1790.365005,358.7648959,28256.24456,0,27,3,2,0.7247994074,4,7,54,4.940384859,0.6878987153,0,32,0
32,27033.54555,12,15,735.0910362,15620.02921,60,11.7883135,0.4157639738,3754.750989,15093.27942,32675.18536,2,4,2,2,0.9795950686,2,81,69,1.201622506,0.165607953,1,53,0
59,84990.244,17,28,687.8543358,12904.53356,24,6.265727697,0.4204632088,2860.751258,17307.12206,23259.09836,0,7,2,1,0.3866734705,4,30,9,8.31055413,0.1755714498,0,84,0
24,61035.69294,16,12,672.168532,17216.9492,48,14.98272005,0.7580068469,4246.995275,7307.921825,24707.24296,0,17,4,1,0.02314647357,4,5,51,5.555113539,0.9573130523,3,46,0
49,53530.60763,8,8,717.062424,43420.05321,60,4.925705967,0.8450166626,2215.360776,21215.694,32274.761,4,12,4,1,0.1791868403,4,59,53,3.600794245,0.499532302,0,72,0
31,54528.38638,9,30,709.1895763,17806.75954,24,11.20602889,0.4981599288,3245.067544,13795.77446,17280.25091,5,26,1,2,0.7281419611,1,18,80,3.317254222,0.827003054,0,77,0
22,35990.18216,11,26,677.0604881,22464.56923,36,3.928591792,0.6589524702,1821.25074,2948.097372,20911.12218,4,29,3,2,0.3847008073,4,49,29,9.685888478,0.8772768485,2,56,0
27,42084.23396,12,6,779.3976341,21190.4618,12,5.450424198,0.4082687651,1674.894817,27820.64711,47768.75528,1,29,2,3,0.1031262423,5,56,8,7.185880345,0.3909780034,0,1,0
30,66722.92381,18,5,580.4668483,9445.779012,48,10.81455059,0.1630263582,2290.614008,17835.64978,34459.59085,3,4,5,1,0.6582912868,1,88,97,5.22067209,0.9953370458,0,4,0
21,58614.61898,19,25,723.9036024,16100.4109,48,5.020581175,0.6498948943,2612.110546,7231.055781,2575.243789,0,17,4,2,0.1352397615,1,38,1,0.5249632745,0.6494250394,2,22,0
19,68812.96225,11,39,649.0134617,13344.09492,12,7.256244361,0.777514151,2530.420752,22268.82554,5769.067124,4,26,1,1,0.09790063494,2,83,39,10.12394726,0.8131923466,1,99,0
43,57957.29188,12,37,578.6430423,24331.19569,36,7.287558683,0.6295980274,2350.571988,3113.375582,15413.31675,5,23,3,1,0.6515961772,1,97,32,8.039696236,0.716173261,1,91,0
59,59156.70853,19,15,671.7526509,25189.32798,24,10.70647844,0.4447010131,3285.236598,31213.30134,28252.16724,4,26,3,1,0.2903691046,1,43,93,3.28162193,0.9466934892,2,75,0
46,56617.69027,12,22,616.9973788,33185.06408,12,17.86790433,0.6821047555,2994.40083,35364.82578,7527.442179,3,10,4,1,0.8986442214,3,17,50,6.278845622,0.4589193129,0,49,0
32,31966.392,16,15,664.3237483,37860.60965,12,15.64081895,0.6391524395,2531.250991,23541.11385,14495.88539,5,23,1,3,0.3490931282,4,76,62,7.764224631,0.8379001671,2,23,0
53,46171.68615,9,15,630.7774975,23499.42823,48,5.065594143,0.6811725713,2712.816072,23593.47834,39463.59808,2,15,4,3,0.5425448879,3,30,37,9.7026792,0.05647429619,1,30,0
54,44499.32198,19,36,746.1924596,45960.03051,48,13.0717282,0.7834164263,772.3088552,24216.37655,0,4,8,1,2,0.5007501288,2,5,26,4.504690582,0.6672877229,1,73,0
59,71413.90652,13,16,666.1876718,13689.86606,24,12.5422138,0.1097264934,3516.944236,28729.79036,13743.41628,4,9,1,2,0.2768077448,4,92,93,8.167784745,0.8538879411,0,69,0
59,81172.34319,12,13,683.7606105,16394.80653,12,6.030103587,0.6818000102,2920.166678,25959.66496,40340.78424,5,29,5,2,0.5778260136,1,55,67,1.244175154,0.7133703143,1,57,0
29,65663.61903,14,22,825.6208955,30771.01746,12,3.453628306,0.23894229,3389.566172,13876.04457,22254.25508,5,26,4,1,0.2226127948,2,28,97,3.561415618,0.04299085911,0,57,0
46,59493.57304,11,20,624.2565085,33252.7471,48,7.106202778,0.2630365991,3967.581774,33440.23626,17667.19848,4,20,3,3,0.1610680078,5,60,56,6.575162722,0.1782281336,1,74,0
62,72665.78227,9,30,695.0111632,13637.4631,60,17.62676558,0.6704906214,3114.076446,0,0,1,13,1,3,0.17950045,3,2,47,9.338676286,0.1774808809,0,18,0
29,16672.0545,11,11,690.1342594,8259.795663,12,7.813578225,0.3774177701,2131.162322,0,20746.78073,5,23,4,2,0.5454267665,1,34,15,10.2825429,0.1861791032,0,29,0
64,48242.47549,18,32,709.8592309,12388.68365,36,13.29379018,0.7638967703,3425.770974,8639.906007,19259.35402,4,1,3,3,0.2075034831,1,100,2,6.780597884,0.3609466425,1,68,0
42,69965.02464,10,7,728.9694246,19232.15126,24,11.53656772,0.1233579064,1991.368972,23122.59731,24382.37638,0,27,5,3,0.6979992695,3,69,48,7.900944102,0.09719539679,1,54,0
58,46258.08435,8,2,732.1488344,46647.46451,36,4.748175979,0.896422674,2658.319387,18815.62669,30356.34243,0,22,2,3,0.2485838063,3,84,83,9.55956711,0.03007118532,1,38,0
21,66824.65973,15,11,576.9405698,35543.47592,12,3.673699518,0.2644939077,1882.303528,17680.23964,9265.104342,0,2,4,1,0.6910062256,3,23,83,7.21415569,0.17036228,0,2,0
59,48838.3057,17,16,623.238107,23586.10779,60,13.10958053,0.2467448257,2185.169901,8522.4519,28333.94002,3,18,3,1,0.08376024155,5,66,52,11.53740223,0.3700160398,0,22,0
42,53808.71555,13,36,708.9926934,35679.13547,12,5.094717031,0.1260493015,1694.926871,15846.43778,14785.58227,5,18,2,3,0.4033699985,3,90,2,10.07410412,0.7642275199,0,57,0
41,56566.64384,9,16,766.0247212,25527.18937,60,7.806733344,0.6046136711,4101.430536,22396.70284,24019.50888,4,9,1,3,0.1958623242,3,1,24,11.80726084,0.4812104459,1,12,0
35,61253.54374,15,33,635.5171396,1000,24,4.162910269,0.739843814,2184.536124,3159.22441,11489.98799,3,4,3,3,0.4179502998,2,71,62,10.29719751,0.3516370984,0,17,0
22,44394.85881,12,20,733.5942828,47108.67867,48,17.90287358,0.8986748646,1621.647027,26397.32714,3064.838941,1,19,2,1,0.7284846254,5,64,9,0.9372152457,0.7680368949,1,19,0
25,87336.32175,12,39,684.045548,22083.39536,48,16.21303471,0.7014181642,3083.535079,20822.15931,14501.81099,4,18,3,2,0.7659324018,4,71,6,6.034337978,0.9804020003,1,38,0
58,59306.1269,8,9,710.5495589,35444.81071,36,5.631416318,0.7711557878,3028.228392,0,14033.41536,2,1,4,2,0.9420490406,1,55,56,2.815261897,0.03914249336,0,89,0
35,82416.62001,19,3,656.2865317,40417.73194,48,14.46750092,0.3238264939,3406.004642,0,12926.6543,0,16,1,2,0.070883071,1,98,65,3.562588265,0.2932843617,0,21,0
34,63622.01792,10,32,602.874815,18939.00554,60,13.46234927,0.7394794496,2925.323205,1888.96234,25903.26896,4,28,3,2,0.3090434568,2,46,22,6.345594291,0.7758102135,0,20,0
19,67051.83409,8,20,665.3138999,29973.63479,12,12.14455419,0.1054242091,1598.753917,11004.66426,48018.11973,3,10,4,1,0.08923494968,2,67,49,8.406471161,0.7520519866,0,51,0
48,73760.44734,11,9,706.3639429,32483.10243,24,16.4740604,0.5606999309,3982.425194,14471.42791,37574.70824,2,24,1,2,0.2842875805,3,12,39,5.496311854,0.005064611374,0,94,0
22,65728.28443,14,22,617.0476788,13824.44666,48,3.517864079,0.4775626823,2535.580737,29241.85257,31602.74608,2,28,2,2,0.08638181085,3,97,90,4.116597873,0.6180889431,0,8,0
22,61986.77534,10,20,691.0355474,26686.82185,48,6.38990244,0.1531110204,1941.055945,48678.19145,6344.788689,5,17,3,1,0.3758258429,5,56,45,6.544564487,0.1738525288,0,80,0
55,44085.59473,9,9,622.4781176,12475.06511,60,14.92244332,0.5491311224,2775.790104,28672.52422,2330.543994,0,7,2,3,0.632619364,3,67,51,10.20785616,0.5515177013,2,89,0
27,39727.67639,11,15,685.1478295,34396.3235,12,5.494920698,0.3963658088,2966.374056,634.6202457,32009.16464,4,0,3,3,0.2289991807,1,37,12,7.569005575,0.185806472,1,78,0
22,58901.53558,9,28,692.5775721,36888.30636,12,8.09200611,0.07705772879,3124.724286,11870.27604,47647.20382,3,13,4,1,0.5356975554,4,67,74,6.052156921,0.4380558842,0,73,0
51,62840.08083,18,23,624.60969,37522.74569,12,4.600975375,0.6376688615,2734.835185,28533.07101,27382.21468,0,22,2,2,0.4402525241,2,23,76,0.9040268684,0.3747041298,0,24,0
28,52922.96924,13,6,738.3868603,28094.60262,60,13.69101336,0.05873099441,3301.826159,12786.22825,5250.791461,2,1,1,2,0.4206550526,5,94,23,7.226034582,0.1662281211,0,62,0
61,32412.1077,13,25,643.5214831,32058.53239,24,11.94318625,0.2365500723,4241.223398,13526.93247,26859.553,1,28,5,2,0.07376010857,4,38,11,7.979880938,0.808911785,0,45,0
43,54661.45828,18,35,674.5020418,27195.13786,48,8.791215878,0.4381464901,2796.389496,23338.1116,42089.70844,5,23,5,3,0.01057868124,4,77,6,2.044052648,0.1365450488,1,6,0
44,87356.19395,17,13,675.8526059,13922.51513,12,15.61030437,0.3765861832,1685.93618,22581.36436,0,4,21,4,3,0.8412882186,2,87,74,1.649888397,0.5754021684,1,6,0
49,76588.35886,11,19,724.45185,22297.32435,36,12.43022346,0.1389544156,3014.828071,15633.46584,20016.02294,0,11,3,1,0.6728616976,3,85,75,11.02640851,0.688801245,0,8,0
32,60774.10039,19,14,649.13228,15803.32232,12,16.81846552,0.8305595661,2661.00344,10651.65778,0,0,9,4,2,0.4529740046,1,1,65,6.652625275,0.8130073329,0,22,0
45,68148.51425,12,11,651.7832448,19791.60475,60,10.25364867,0.7528555049,3944.309787,13753.24528,0,1,26,2,3,0.8337672757,1,49,99,9.632600593,0.7813858232,1,59,0
20,105540.8476,12,6,776.9378104,40511.14271,60,6.692549608,0.546180393,1775.171537,15677.8835,360.7179479,5,25,4,2,0.4043820531,1,17,45,5.634080114,0.8324664533,1,7,0
45,54868.82629,10,32,759.3865217,21133.82436,24,4.787087521,0.249119979,2111.548757,6043.793126,0,0,7,1,3,0.5654220052,4,32,6,0.8286838658,0.9478551324,0,21,0
42,84106.65062,19,35,707.3628829,22402.08424,60,16.50690583,0.6044212133,2708.001301,19875.24318,4565.23389,2,24,5,1,0.3027206071,4,33,97,2.034931581,0.7829985636,0,85,0
18,74170.26118,19,12,802.5039732,20221.92493,24,14.78076355,0.3433777569,3685.111901,629.3831633,0,3,17,3,1,0.6822061944,2,81,18,4.269082407,0.6084524857,0,66,0
52,67599.94018,12,3,563.6690813,28431.53054,24,6.18386619,0.1883343615,888.2986351,27289.64729,21166.85342,1,6,3,1,0.5995023554,3,7,82,9.500159871,0.04670554925,0,27,0
50,63573.68976,8,28,666.1449052,47261.99639,24,8.1784381,0.1744864714,1854.901828,27796.63717,38347.37148,0,24,5,1,0.1356993242,4,19,97,3.368944431,0.07966295401,1,14,0
23,35236.49793,10,0,710.3050406,22648.91113,24,15.02768075,0.2008382546,2687.534467,9172.834633,18747.0111,0,9,1,1,0.8183571135,5,55,49,4.153510546,0.9370765002,2,89,0
30,53276.93406,18,31,796.6961466,19269.89729,60,8.572728393,0.3818543578,2363.322111,21605.21417,16575.05783,4,1,4,2,0.3975348144,5,21,32,3.452597226,0.5653503942,0,64,0
42,26701.46817,13,34,729.8421123,21273.65423,36,10.98043212,0.3073616469,3442.726801,21926.98793,11904.47743,0,24,1,1,0.004976014259,4,41,9,4.88997815,0.0526227024,1,23,0
59,52859.3574,10,9,628.3198356,27138.3987,48,7.025549902,0.8300971834,2008.870923,26666.76212,37374.23349,0,8,4,1,0.0732805519,3,26,1,8.041124857,0.5268564525,0,44,0
42,91038.54702,9,26,751.3076185,44450.22097,60,3.616320411,0.5100291169,722.7448142,16663.73798,5460.598758,0,12,1,3,0.3414537612,5,46,78,10.11059593,0.3743200064,3,28,0
52,74746.55514,8,28,672.9170276,24807.20934,24,15.4280241,0.1126867418,3394.60037,18171.61892,39610.43367,3,16,3,2,0.9407866779,4,74,45,2.6410009,0.7252278223,0,63,0
64,66086.1381,12,28,636.0372694,9314.96008,24,9.730601657,0.8923006892,1637.56085,20026.13902,9220.303919,4,1,1,2,0.5325179062,4,30,61,11.88052935,0.09122014047,0,40,0
28,78301.00145,13,22,610.8652582,22876.87623,12,14.18367605,0.3584961874,2532.583058,29821.77616,9367.095294,1,24,1,2,0.989439842,2,6,89,6.404810228,0.5887400102,1,53,0
40,66989.20988,12,37,717.5718154,13351.69028,48,9.110326369,0.1269134361,2265.859123,0,11068.41026,4,21,4,3,0.2288087415,2,63,20,4.747816557,0.8654648131,1,63,0
27,55854.92122,16,35,644.0325395,37345.36592,12,14.33206166,0.1229740721,4766.926627,12157.22583,17658.5015,2,0,3,1,0.5638415462,2,6,13,9.988716264,0.9516307529,0,74,0
54,44765.28415,15,36,657.1649618,44745.3352,12,17.80893851,0.8237229237,3744.32729,22503.80609,13869.0986,0,6,2,2,0.2555178677,4,62,24,11.51317712,0.4641169747,1,16,0
54,50395.8913,10,0,692.8113455,28904.97432,12,3.424462984,0.5554330209,2362.125458,25808.50344,20511.73538,1,12,2,2,0.3132509861,4,60,59,10.54053274,0.7515960215,1,50,0
33,38236.90654,8,18,635.6149197,40010.589,36,16.29778184,0.7871897381,2788.204472,2897.396128,17755.32518,4,16,4,1,0.6051313682,3,22,29,3.857884052,0.8918731528,0,38,0
31,41684.10819,16,11,680.0840306,35524.85153,60,8.234006303,0.1062107477,3870.288755,2688.397375,0,0,28,3,2,0.8137698628,5,87,4,11.07749184,0.096700988,2,87,0
26,32065.52609,13,30,671.8946678,17762.61128,24,5.283706342,0.6596788996,2044.216594,16286.60523,28190.42869,1,25,4,2,0.09054636316,2,60,48,11.38734605,0.2114704671,0,90,0
25,65268.25253,14,29,720.2033939,30845.7987,36,10.0777297,0.5365204386,1374.906824,27710.38624,25307.70721,1,27,4,1,0.005323368867,4,34,52,5.524048253,0.1582644315,0,100,0
18,41427.18406,12,38,612.4508769,5629.399635,36,14.7848467,0.1332266719,2441.458812,13844.41193,47497.16326,1,18,2,2,0.5532944758,2,57,41,11.30127578,0.3680738524,0,21,0
42,65438.1775,18,26,763.9168575,21393.77055,48,6.116285971,0.4975061009,2850.962083,8684.87189,6667.457748,3,28,4,2,0.9085241183,4,70,59,8.25045887,0.786057284,1,27,0
63,36092.23934,10,11,718.7526079,28212.13188,36,11.56909293,0.4774024321,872.2233919,23661.41928,10900.8398,0,20,5,2,0.4866998963,5,69,89,10.55898202,0.09749657089,0,82,0
21,58593.15912,16,25,624.4068265,37124.87668,60,3.728218889,0.1926354921,2487.300658,4312.974162,3811.654551,2,11,3,1,0.544982521,2,34,60,11.23494318,0.7381385236,0,64,0
38,41350.74608,14,8,628.4880098,29875.50156,36,17.8631242,0.611359359,2015.839552,16361.87819,24396.7316,4,28,1,3,0.4038875474,1,31,15,2.52401826,0.2635475778,0,60,0
49,15000,11,12,625.2080032,33965.31106,24,15.83644554,0.5110764584,2511.85208,18415.22704,12127.52279,3,11,1,1,0.7982444193,4,65,75,4.098355002,0.3080981323,1,55,0
47,42034.99979,11,18,739.7529817,7164.17256,48,8.307978775,0.4176742098,1675.829429,5562.525317,30733.99746,2,2,5,1,0.03018047244,1,95,61,5.778140319,0.9194592728,1,47,0
64,62709.37137,8,38,629.5543745,11702.58329,12,14.16853646,0.4638577117,2956.636487,20331.45357,19017.4422,1,25,5,1,0.08626021661,2,84,75,11.85494135,0.07157688564,0,89,0
48,61217.92702,15,37,655.0186359,19948.03162,24,4.95519398,0.2988985178,3504.193502,13507.93774,21624.57715,2,6,1,1,0.2466901784,5,75,27,9.022153149,0.3572997618,0,10,0
48,68577.55763,19,7,764.9077675,23058.92384,24,17.02512178,0.6210922488,1238.351956,7020.950287,68206.98989,4,23,5,3,0.5380448153,5,6,52,1.739037211,0.004697272079,0,6,0
20,62769.78195,18,16,717.0019726,26092.31165,60,15.25583316,0.3638742872,2965.921376,37004.77807,59302.82906,1,14,5,1,0.09759155311,2,64,21,2.203193966,0.3958458575,0,75,0
58,43123.16204,9,12,702.5321298,12372.53158,36,17.86357654,0.134345712,2432.636669,27159.34082,746.2025792,0,13,5,1,0.6758310117,5,8,46,0.9145218605,0.007503556245,0,42,0
19,73282.88093,11,34,681.9057466,38617.03792,48,8.170277537,0.09136286716,2687.226638,16406.71425,18034.1282,4,7,5,3,0.2615220639,1,30,94,4.716568904,0.4854588422,0,10,0
38,56469.15403,14,18,634.865537,16745.68708,48,12.90573419,0.2006230449,2687.479679,14084.16408,11307.56835,0,10,1,3,0.005531224398,1,55,34,8.837407633,0.9786231828,1,50,0
25,54784.68747,14,12,759.621567,17342.0422,12,4.939347656,0.6189143812,1425.575854,8710.885654,10999.13163,0,14,5,3,0.5649797336,4,80,85,6.847837605,0.871189701,0,88,0
43,62881.23695,14,2,645.1912296,23255.55038,48,10.65012418,0.7221297219,1265.330239,15159.42303,31574.11366,4,14,2,2,0.425897664,3,40,5,4.243305387,0.07325262946,0,5,0
37,66639.42361,13,34,717.8980268,22455.48989,36,7.096534343,0.7107037803,2627.273043,11719.71087,10755.08294,4,19,2,2,0.228298031,5,46,90,11.66268363,0.7940492557,0,49,0
54,59171.27627,15,35,753.5946434,11322.49937,60,16.19030791,0.144666658,3084.016307,20515.86752,11043.01177,2,9,2,3,0.431770773,3,17,37,0.9673316067,0.345452121,0,54,0
36,54507.10794,8,5,722.5492126,9136.468483,48,14.67380048,0.5983752371,2564.547691,5287.982027,26325.38946,4,7,5,2,0.6171177481,2,28,25,6.098083541,0.02494604291,0,87,0
44,72135.77793,13,9,695.7124054,33453.52817,60,3.007390973,0.5618340059,1686.766463,26405.36129,45743.6139,4,11,2,1,0.4113683566,2,5,83,9.310947949,0.6990977649,0,9,0
45,75287.08615,8,34,688.099649,25695.86382,36,3.663641262,0.8949028591,2240.851638,8838.495123,33067.93139,3,4,1,2,0.02411595075,3,5,23,11.72406061,0.3661642249,0,20,0
35,67052.0066,10,12,697.146075,36561.03558,48,15.06789608,0.1826398066,1744.144987,13845.48271,12585.49316,5,16,2,1,0.1010666042,2,50,28,8.932157326,0.2554042831,2,2,0
37,57201.11223,9,29,730.7254232,1000,36,8.656666804,0.1345829108,1701.867171,25549.85659,18347.81946,3,25,3,3,0.5308544221,4,98,81,7.468040441,0.06399790071,1,56,0
51,55416.56173,10,9,720.6296099,21987.62372,12,17.86896992,0.5412934385,3358.654412,12818.13017,28992.87029,1,22,3,3,0.2277102104,5,38,90,1.924550691,0.8834655644,0,4,0
26,33859.84127,16,2,728.6966833,18604.66102,12,10.02132616,0.7634078828,4984.740863,1160.062305,0,1,7,5,1,0.2187730007,1,25,15,7.205128892,0.6859451739,2,23,0
57,86640.66404,15,34,619.9765207,7910.485613,36,12.69938201,0.4688287008,4387.950478,2810.260126,16332.8329,0,1,4,2,0.733551877,5,7,99,5.57428365,0.9390111938,1,68,0
56,45247.58903,9,23,676.7473737,19707.73632,48,3.410405637,0.8983578254,2849.976072,10812.22924,28575.04063,5,5,4,1,0.951597117,5,46,66,6.470601577,0.2368165064,0,67,0
50,71259.45876,10,0,805.6945372,14262.39237,36,13.19480749,0.6014727001,1420.994561,34146.88608,43760.91604,4,29,5,1,0.02481471862,5,49,16,4.610968737,0.5089843265,1,73,0
30,69880.87037,15,29,698.3261844,29604.45694,60,17.47071177,0.652107566,2391.260316,9729.419039,20012.8742,5,13,5,1,0.1536597244,3,18,100,9.550953206,0.9821620117,0,7,0
43,59393.48979,19,19,645.2595873,17741.56484,60,16.57748548,0.6344825324,3513.357985,17387.85632,33132.56504,4,20,3,3,0.5402998576,2,9,86,9.055976799,0.6713019129,0,69,0
39,84647.7528,16,32,603.9165556,49954.77516,60,14.36208698,0.2605788736,2940.250645,17563.65172,23639.23228,0,0,5,1,0.5434971621,4,31,21,7.270003733,0.1338678455,0,99,0
62,49546.82065,11,32,688.968518,28058.41761,24,9.075763269,0.4492522478,3649.542777,6786.015527,34105.12827,3,8,5,2,0.04285295073,3,36,79,7.708268817,0.6767773006,0,58,0
40,60749.73548,8,5,647.9933031,23889.87838,48,6.860811981,0.8896434471,2860.242145,29456.33943,51547.36243,0,6,1,2,0.4391173475,4,76,28,3.978923282,0.5176646657,0,20,0
26,45795.69227,9,8,618.8220027,31542.2657,48,11.33531415,0.1048854268,1699.59485,16807.38313,34234.72831,2,23,2,1,0.9110981997,4,61,32,1.636150912,0.1289070554,0,49,0
31,42198.19235,17,27,725.9576371,59612.19748,60,16.84776725,0.2264337493,1233.029854,12790.20295,15014.14924,1,28,2,2,0.4949987786,2,84,99,10.40138659,0.4531922281,0,16,0
52,46390.43838,12,1,654.782981,23058.18434,12,10.44584128,0.3694901158,837.1532645,14861.87486,52371.04752,3,26,2,2,0.949390293,2,80,52,8.992390045,0.8925917132,1,13,0
29,92631.37569,10,22,606.6622319,34231.81818,48,14.73800174,0.7911127306,2827.254168,26331.59854,11266.89596,3,27,4,1,0.9421818408,1,50,81,4.096847844,0.3507564944,0,26,0
61,83539.61986,8,21,669.2468457,24760.15635,12,8.1729356,0.3855995076,3719.109465,19777.62817,32942.98108,3,25,4,1,0.6921386169,3,86,57,4.686417203,0.4064934574,0,26,0
62,34580.06603,18,32,676.9818344,35127.97582,24,5.978610828,0.3615074446,1178.765526,25023.63176,10148.07802,2,17,1,1,0.7838805887,2,28,64,6.217723421,0.5136971724,0,47,0
48,72233.81321,9,1,690.970588,25096.78691,48,7.366639112,0.6455396163,2432.489088,4660.381046,6834.842341,2,19,1,3,0.8898854396,5,1,59,7.602774595,0.585717645,2,40,0
25,54380.78531,13,1,747.453437,7457.995075,12,17.55664182,0.714930834,3330.877774,1085.528213,0,4,23,4,3,0.8528575025,1,12,84,4.86813046,0.1154373338,0,45,0
37,48599.0641,8,7,682.7156043,26332.92616,24,8.657846143,0.3889737533,1400.655214,23963.64172,18627.97547,3,5,1,2,0.8633761326,1,1,52,2.116252743,0.8960714041,0,34,0
42,52830.96905,18,2,651.204309,33651.7152,60,10.53665802,0.7374402357,2427.392206,2696.353572,15907.70242,3,13,3,2,0.1165756558,1,72,93,7.268154392,0.4911556738,0,56,0
37,87972.25748,16,12,636.812162,43870.29895,24,11.9071403,0.3068420802,1605.718995,14753.31451,11442.2316,2,12,2,2,0.4138373128,4,44,70,3.70558301,0.3188614191,0,36,0
30,68491.33082,16,17,751.0957068,33023.23587,36,15.36371351,0.3753634955,2194.354091,20513.13973,42954.91483,1,15,3,2,0.7451506201,3,56,27,7.685202052,0.849906984,0,11,0
24,49833.35235,19,23,633.4557987,31132.07147,60,9.817765564,0.2744669964,1155.506187,21484.1717,22374.6797,0,19,2,1,0.05953371209,5,17,67,5.561552413,0.8609250067,0,4,0
64,49643.24321,14,21,623.078954,34059.38986,24,15.30533383,0.4987247782,960.313432,20305.32911,15121.16793,5,11,4,3,0.1256252553,4,51,7,10.7942636,0.1698082242,2,30,0
29,48528.56259,12,29,709.5961339,43089.91749,48,9.844983753,0.4220255161,4158.497966,3722.947867,22376.55761,1,27,3,1,0.8968344094,1,8,40,2.914311075,0.1414479639,0,15,0
35,51574.98972,17,23,742.825889,25610.66844,36,9.09309561,0.7551866962,3334.942474,20973.56311,47359.98205,1,27,1,1,0.5983185214,1,12,4,10.13195901,0.5167702553,0,97,0
49,74696.347,15,1,723.8883109,22283.34864,48,14.8538043,0.410082479,2220.825215,1534.796773,16260.57495,0,19,5,2,0.4864555845,2,44,25,5.231053461,0.6010972134,1,99,0
23,76328.75462,15,24,658.5142944,20714.36739,12,9.416540747,0.0780534051,2637.157875,18750.26684,21885.61311,0,5,2,2,0.3964913328,3,31,4,5.176330643,0.6687093037,1,17,0
46,77677.04968,11,4,757.6300557,4729.364713,12,7.760663784,0.6655708404,1677.639063,0,1298.915821,4,7,1,1,0.7658774003,3,56,76,9.410819067,0.4181599919,0,66,0
34,46961.1143,8,23,660.2688481,22879.96479,48,8.176020792,0.690619053,2662.706061,11711.18465,16031.57135,2,6,5,1,0.8194447524,5,80,90,9.530731129,0.6834019515,0,57,0
19,65700.88298,9,21,611.5289396,20280.95379,60,5.63359264,0.2930210542,3105.849198,147.4425219,19659.21071,1,3,3,2,0.04276892703,3,35,17,2.711704218,0.2326274929,0,13,0
57,71152.97393,19,12,721.0815614,13668.54448,48,16.01106494,0.4275744491,3092.051505,7578.313244,0,1,20,4,2,0.174181807,5,18,57,5.551345575,0.8309598733,0,3,0
33,51210.48066,12,24,761.9200796,32902.39345,12,3.421365856,0.2937959471,2913.924797,15699.86315,9189.835434,1,18,3,1,0.07191867104,5,43,52,5.778756641,0.3379205146,0,38,0
26,60867.85927,18,39,714.214837,1407.200912,48,6.874307785,0.1869660114,4308.051674,20701.74495,42894.83289,4,18,5,1,0.872730126,4,32,26,11.91396963,0.1391626494,0,83,0
23,65350.87414,14,2,753.7892294,10201.82052,24,9.049028716,0.182353433,1735.920157,23522.01201,32974.07908,0,15,4,2,0.6246535812,4,14,85,3.443676427,0.3182432046,0,3,0
19,78290.67922,10,38,676.0325945,35999.85387,12,9.021361116,0.8473916384,2198.455729,8259.025935,8154.980008,5,3,4,1,0.2631427399,1,88,72,6.530680044,0.06001252121,0,24,0
44,32569.46595,10,6,730.9248707,50564.48388,36,17.44537863,0.4413364259,3294.812032,6152.707879,20958.82508,1,12,1,2,0.1421771991,5,26,38,10.28512939,0.2487324587,0,34,0
48,75306.09893,13,6,657.3676037,45689.05399,48,11.52005053,0.5239644074,1723.064846,17227.80248,32717.42246,0,12,2,3,0.1307036357,2,18,95,10.77685214,0.2773332338,3,68,0
57,43427.61601,9,15,673.8203144,15432.04347,60,5.807676602,0.5594184321,3005.608676,0,14482.78456,0,3,1,3,0.921835032,2,12,62,1.978749059,0.9319534445,0,21,0
18,51594.58257,17,23,559.9447137,6218.56389,36,8.478630539,0.1711122674,1913.15747,12583.27703,27689.05303,0,13,5,1,0.4672820969,2,68,79,4.338762883,0.3780082759,0,21,0
22,42558.30086,16,6,842.4049302,39120.29753,36,6.029410511,0.2091896755,1267.881319,21539.98681,24429.37504,4,17,4,1,0.3624880165,2,3,71,8.56908185,0.867015846,0,37,0
28,68857.75984,17,10,689.4278121,44633.93813,60,7.698806652,0.4817750256,1766.961885,13244.0181,38145.25186,1,15,4,3,0.4895004859,5,39,67,5.107752867,0.710618986,0,75,0
32,69401.14427,17,6,703.1759892,20009.99414,60,12.22474346,0.8529414945,1663.320097,5093.038347,2658.699791,0,29,3,3,0.9704080364,3,76,68,7.040830588,0.1898309661,0,37,0
43,46467.11345,19,27,676.0539456,28908.04763,60,13.29042123,0.7964004383,2325.712865,8623.82264,0,1,3,4,1,0.1046411441,3,76,54,8.389717809,0.2354476443,1,21,0
62,53523.9139,9,34,624.2385782,24598.64659,48,11.60363762,0.7259792842,2703.737926,18672.61365,29212.97903,5,14,5,1,0.252192386,3,2,80,8.051879318,0.3468447684,0,95,0
52,59002.43616,10,38,816.901967,24425.19979,24,16.41710508,0.0621459832,1488.179973,32739.13346,33244.64289,4,29,5,1,0.1250096569,4,8,28,7.955515185,0.7389410445,0,12,0
51,54585.96609,12,35,665.7064526,18330.35987,12,4.623116187,0.4709368491,3968.036562,10187.08386,28704.95669,5,10,5,2,0.6685642737,3,48,48,2.566944353,0.3676906458,1,52,0
47,60718.29879,10,34,614.6584147,25119.51989,24,17.30172539,0.3832417725,1257.270245,1320.712554,16106.56147,0,27,2,3,0.8814868498,2,63,24,5.911464897,0.8864910687,2,41,0
42,45600.10425,9,18,575.7327082,16435.21202,60,4.049248462,0.5125212368,3207.720373,16294.58281,13736.59886,0,0,2,1,0.6041602725,2,7,91,1.966788871,0.2102260648,0,72,0
32,64072.75046,8,3,643.5369037,31958.44118,12,9.128455853,0.3976673409,1342.309569,35885.95288,26917.37517,1,18,4,2,0.1830115526,5,39,90,4.761428336,0.9572312172,1,49,0
38,45728.10881,16,36,604.7816596,35382.61114,60,3.959703216,0.2906490519,2892.398164,0,29881.14737,0,8,5,1,0.436245781,2,18,57,2.976225799,0.5387937446,1,69,0
51,69580.06756,8,20,762.4520699,18622.02244,60,15.09083384,0.4130866239,2848.577714,16470.52666,26806.00597,3,7,3,1,0.6826935685,2,15,58,2.839107846,0.96258242,0,62,0
47,84184.93715,10,15,688.0550874,44135.44979,48,16.7618507,0.6423726238,3349.381698,23784.9811,24868.64766,2,17,5,2,0.811811336,2,15,26,4.680791662,0.4677988069,0,48,0
50,63597.91916,17,38,817.749493,39487.10809,36,7.398369007,0.3211107778,2445.86574,32084.96076,0,1,8,4,1,0.4771690731,2,33,91,11.760261,0.9583874927,0,53,0
22,30368.49937,8,2,664.8396049,23653.84389,36,11.46510525,0.1235147295,2228.599931,8524.612613,17242.60445,3,12,2,1,0.6997429613,2,27,33,3.744626325,0.5673620932,0,96,0
40,52983.90797,18,29,783.9735866,28447.06499,60,5.830157959,0.5686011031,483.3397499,24555.40507,8902.368949,1,9,4,1,0.5612123383,4,9,46,9.283290775,0.8690505709,0,58,0
57,58087.60737,10,26,650.3955217,24256.82773,24,13.92333821,0.6871423791,1636.396805,23537.36344,22873.81837,0,4,4,1,0.5672911172,1,94,45,9.950358874,0.04227958053,0,31,0
24,68021.35329,15,1,615.9538737,26228.22712,48,13.30362063,0.5906848557,2266.827694,6442.312296,10256.80623,3,9,5,1,0.9872810242,1,80,37,2.338957232,0.1115261612,0,47,0
46,57402.97783,17,14,615.0015928,13954.60023,12,4.339202655,0.4539866529,1103.033864,14664.93591,20353.23669,4,20,3,2,0.199660002,5,27,56,4.45174331,0.3388811091,0,87,0
24,57175.68754,19,0,678.6241792,30437.31143,60,5.634402602,0.08696217218,3416.884221,14660.14577,0,3,7,4,1,0.3724906307,2,10,99,7.743956895,0.7817180276,0,88,0
35,30760.06144,12,23,708.2558337,29332.47826,36,11.44677726,0.5571941212,2086.219787,29583.09111,16066.47118,5,24,4,3,0.7616498963,1,70,39,0.7947366834,0.5283128924,0,72,0
28,42310.36227,11,20,683.4733992,41614.56655,60,7.281405764,0.4529401523,2079.594081,13840.85175,39284.99801,1,2,2,2,0.4610635646,1,24,78,1.73104163,0.19554095,0,17,0
59,46110.47122,10,21,754.0469165,34245.34466,36,3.186798004,0.6574441731,3273.674098,19843.37807,31008.66465,5,4,5,3,0.923186833,5,1,60,8.196078059,0.7051538576,0,40,0
43,72595.03928,11,19,653.1191577,29023.57632,24,9.595154502,0.3748521401,3094.994481,6552.365158,16002.12976,5,16,3,1,0.2215505517,1,96,74,1.967485642,0.9539921923,0,69,0
24,72329.69283,8,31,765.2223878,14840.7918,36,13.18493739,0.1380441261,1920.219461,10955.1957,53296.76574,4,6,4,1,0.9827129431,3,22,75,2.911488809,0.4384200293,0,6,0
58,68315.50845,17,38,628.0316978,40765.42581,36,7.76375035,0.6302710568,3003.664749,38734.75724,28564.62534,4,2,4,3,0.3453741106,1,26,20,9.376332107,0.3754525509,0,28,0
57,67857.10752,15,28,679.5476065,39100.1628,60,16.40309828,0.5456027511,2253.068581,22229.55907,58613.91247,3,10,5,3,0.6795405454,2,72,56,3.233790567,0.8663161215,2,67,0
30,96981.29971,18,36,710.6131046,1627.014404,48,7.667193176,0.266931368,792.1540247,0,18164.06582,3,27,1,3,0.4044201427,5,57,70,0.7085457487,0.7546466955,0,98,0
61,58189.14419,16,33,776.8361156,22046.27285,36,3.307277553,0.4874603382,2038.105514,23358.37351,18430.73475,5,13,3,3,0.6097870913,2,35,16,5.359175131,0.9314147504,1,33,0
63,59232.18607,17,9,708.7989403,11637.97633,12,5.442604233,0.8800878755,3264.865038,0,7650.777994,3,19,1,3,0.09568004668,4,51,27,2.946355331,0.4738344028,0,45,0
32,49469.3865,15,13,697.3398283,36163.41419,12,5.855510245,0.425650635,2124.277946,12788.31019,0,3,8,4,1,0.7414989842,4,62,59,4.180526047,0.987665899,1,56,0
59,60789.19065,19,8,684.6694215,14092.52419,12,15.21108255,0.2624096623,2017.759301,9316.757544,16688.99428,4,6,3,3,0.2449735426,1,25,35,2.049998636,0.354498558,0,63,0
38,53530.91772,18,17,669.379679,28333.00956,36,17.06951475,0.4545008196,2460.59468,0,11189.92163,3,23,3,1,0.5788030311,2,41,72,9.574016524,0.2661356181,1,16,0
21,63001.4124,9,15,818.3981268,39131.70712,60,10.72146936,0.8032824121,1962.764227,19828.28201,0,4,24,3,3,0.4788120257,4,47,43,7.974377178,0.3221985997,0,60,0
35,65174.20554,17,3,674.5965167,35639.33511,24,12.83313624,0.08007827049,2657.716829,24462.92604,17694.43208,0,15,3,2,0.5493216837,2,88,74,5.962978556,0.7685579307,0,11,0
39,62209.87061,10,24,669.7363796,20671.93754,24,11.67256379,0.5598782307,2446.844458,14444.84357,38225.79022,0,1,3,1,0.1124826632,5,32,24,7.344929088,0.4281099493,0,31,0
63,51416.4181,17,24,650.6783216,30431.165,24,9.870808703,0.4747991554,1160.725437,0,21930.6643,2,20,5,1,0.6930799814,1,93,88,8.436793005,0.3345493458,0,8,0
53,71576.68145,10,13,657.4389875,26186.42485,36,14.80567263,0.3753884074,1908.270642,11284.84979,11694.87815,0,4,3,2,0.9404620384,3,48,97,1.664761707,0.1126241215,0,46,0
22,79714.81173,8,19,679.9314936,18990.42614,48,14.83870653,0.6733852035,2022.196614,0,35600.42443,3,6,3,2,0.01329953755,3,33,39,10.28692887,0.6733259467,0,28,0
63,73544.48062,12,32,744.1149616,26245.04961,60,17.90532683,0.8079831042,2082.763713,10609.21429,9075.974553,3,15,4,1,0.02450875703,4,31,21,2.261083327,0.5252487342,0,71,0
23,64294.46625,9,0,669.5942251,18968.4102,12,9.207163465,0.8437522569,3530.404991,13209.73709,9294.608971,2,6,5,2,0.3182885594,4,87,83,9.834827507,0.2024237615,0,8,0
39,39096.10318,11,22,607.7999171,16995.57294,48,8.595131041,0.5307027524,2446.762309,899.555909,29223.54869,1,5,3,3,0.5099439953,3,15,38,2.321680896,0.3318764558,1,68,0
57,38453.80866,16,24,734.1122167,17464.99048,60,17.29198601,0.3108728642,3732.861125,14458.55919,2087.058607,3,1,3,3,0.5108734907,2,16,85,2.578982286,0.5391366857,1,55,0
22,62711.10015,11,18,674.2124442,5034.201566,48,10.41949247,0.7362090963,2237.299451,10570.70406,22636.50725,0,26,5,2,0.3695310845,2,4,56,1.490262718,0.3782049987,0,36,0
52,54643.82979,8,4,657.5076788,27067.31359,36,5.208812126,0.2639061351,3136.523437,23471.46903,0,1,28,2,3,0.5244781794,4,12,34,10.99616765,0.341585554,1,65,0
55,59960.77824,13,25,667.0722173,23580.47419,36,8.726040879,0.2412842485,3696.571724,0,47895.66514,2,16,2,3,0.1474740677,5,47,88,11.05187173,0.2535520918,0,75,0
45,63823.91833,12,36,750.8086081,39780.43086,36,10.35466844,0.6012669608,3805.672984,6837.656231,0,1,28,1,1,0.8310789387,2,63,8,0.5910269994,0.8974729056,0,46,0
63,74946.93667,8,3,769.8652681,43919.12283,36,17.69633824,0.5071730508,2805.610251,19933.92968,0,5,11,4,3,0.1973251349,2,96,42,6.119528975,0.8278594748,0,67,0
41,37806.00953,9,16,670.0776632,2170.46847,48,16.96008351,0.6151165588,3214.505543,23936.94725,8842.210117,1,4,1,1,0.6479893554,2,85,19,6.234286807,0.3821348024,1,100,0
59,47903.64169,10,38,663.375556,28101.04687,36,5.578476652,0.1129925006,2301.662108,21152.83335,38450.35652,2,25,3,3,0.1016819576,2,93,97,11.65461968,0.175032508,0,5,0
27,82890.55557,9,16,622.0267585,23969.26695,60,15.10320075,0.1523462828,2009.562846,2305.428099,15215.86709,3,26,4,2,0.4404685444,1,26,100,7.614883872,0.6192607194,0,98,0
63,84392.93078,13,16,800.9345401,26753.70399,48,8.913447952,0.514060205,2413.980171,14557.92968,0,4,1,3,1,8.44E-05,3,10,62,10.53046709,0.009421047556,0,1,0
60,50160.43806,9,37,668.6849003,8636.273016,60,7.934186062,0.1016624795,1854.62474,169.2394418,29833.42293,1,24,3,2,0.5753001863,3,7,10,0.5878146513,0.5660220202,0,26,0
60,56651.18632,18,3,600.9262185,23839.19093,24,10.86249332,0.7009908098,2663.563461,8433.309391,14279.90208,2,23,1,2,0.8636294387,3,16,70,2.326937825,0.9463348313,1,97,0
58,40453.96286,18,30,733.030918,29357.47525,36,3.692680225,0.4252708384,2276.278,12026.08409,0,0,13,4,2,0.5112100013,4,9,18,5.395172417,0.05094551002,0,2,0
53,54007.52143,14,28,700.0903242,33192.62657,36,14.74550408,0.2470458767,2698.226425,22697.44159,0,4,16,2,1,0.931016582,1,90,57,6.384458355,0.5628056786,2,53,0
25,53934.30856,19,8,695.4589052,10872.6925,60,17.02471633,0.5241250358,4261.866526,12573.96127,24647.60664,2,17,1,2,0.0415343265,3,87,42,4.164904623,0.3210114258,0,27,0
26,65308.26413,14,30,686.9963045,27419.82287,48,16.29642933,0.06087885917,3339.3884,27207.90479,8461.465256,5,3,2,1,0.3289340913,5,13,69,2.362308222,0.725482663,0,58,0
45,44319.73444,16,29,628.5860426,27472.54288,48,4.635039396,0.2074677052,2904.274435,26139.41179,3883.361388,4,9,3,2,0.7320200847,2,96,52,3.53368485,0.284998935,0,58,0
51,57703.95148,14,31,705.4080479,34107.84703,48,6.623468756,0.2056847409,1593.974803,3427.837147,30524.12915,5,27,4,3,0.4291874739,1,90,48,6.546646787,0.5115901151,0,25,0
31,77438.42867,16,30,743.0006782,23572.96702,12,17.7330691,0.793164411,2057.532691,34856.81315,20646.97402,4,23,3,2,0.7606156921,1,19,7,10.5348371,0.1061852836,0,87,0
63,62554.91428,8,28,729.2493568,24948.83761,36,17.39235774,0.07088490484,2359.207882,25631.84894,23496.89405,1,11,4,3,0.07778352167,2,54,63,10.58129335,0.09556109204,0,71,0
20,38986.67288,10,32,640.1895312,12467.68375,24,14.8842058,0.6011794696,2139.829809,4045.061578,27512.91203,5,13,2,3,0.3900734114,2,78,97,7.402851337,0.8166720251,0,41,0
52,56941.99936,13,34,625.8917055,33255.24663,24,7.877061272,0.06737340348,1827.274942,13495.1605,33211.04994,0,23,1,2,0.7226096592,3,72,81,5.902534369,0.3497584063,0,86,0
21,70329.61807,15,29,733.0345162,24638.54888,48,4.645284192,0.885599736,3201.026557,28556.75343,30183.59968,2,11,2,2,0.9161277251,1,72,60,11.46864472,0.1892138427,1,4,0
22,72878.84407,19,7,789.1390797,17082.15183,36,7.805874397,0.6746481198,2501.596186,16032.96511,14783.81538,3,14,3,3,0.8986362124,5,80,65,2.176190026,0.3602177275,0,42,0
37,61880.45441,18,22,655.0465172,19504.87968,36,17.43382093,0.4046838064,3013.604088,23115.94383,13337.25249,1,18,2,1,0.9822949235,3,40,89,3.27205097,0.05246372384,0,90,0
27,46160.87599,14,24,660.1948393,20904.37521,60,6.26908272,0.7548036562,1055.507589,2855.81778,15483.66395,2,10,2,2,0.2505419458,5,27,42,9.67301281,0.1874350632,0,6,0
21,58754.23604,9,9,594.6414457,44438.11389,48,4.47014659,0.3073968846,2200.292361,13115.16922,46467.21275,1,21,4,3,0.6886347849,2,10,73,0.7075987589,0.7638843661,1,10,0
63,59690.14263,11,11,649.1225643,12835.9621,48,6.5372719,0.6940922557,2894.391897,6728.4457,25761.91127,1,22,4,3,0.714648777,2,80,37,6.531445943,0.6547118719,0,42,0
25,75086.83335,14,8,659.9638075,48912.71542,12,6.93750236,0.5508635683,1236.544408,3818.925547,15253.04108,1,0,4,3,0.3872528883,1,65,96,8.243496224,0.3118696459,0,85,0
23,16724.52736,11,3,656.6379653,13228.63525,36,7.279821355,0.2272068447,2057.49223,9669.327739,20149.60116,4,29,1,1,0.01194926629,4,47,9,2.153606203,0.0920876039,0,92,0
30,73998.71213,14,2,595.8702327,36803.89836,48,4.454806025,0.805045019,1269.485893,22447.16176,12323.82439,1,20,4,2,0.2418148347,1,75,57,0.8364495767,0.5310777039,1,80,0
41,59953.02164,15,2,647.5623871,7239.36934,48,17.71068721,0.8377926574,1748.062127,23892.89518,16022.94195,3,1,2,3,0.9635117853,5,91,41,1.704915522,0.6301167338,0,91,0
62,44746.3245,13,28,785.5322932,12134.23512,60,3.37941561,0.2103679677,2024.796994,30781.07148,28307.01304,5,12,2,2,0.06973492719,4,69,59,10.81603066,0.9461260807,0,78,0
27,30222.62487,11,15,707.1491081,13634.90871,48,5.895095228,0.1658721519,2837.698067,0,31090.69641,5,27,3,3,0.6460397978,3,83,62,3.931278497,0.8492471656,1,100,0
36,82468.53233,12,7,735.9368678,30088.06054,60,15.89114731,0.4879238348,1939.934994,21447.89346,31032.29874,1,11,1,1,0.6607578139,2,96,74,1.662665787,0.3176946318,0,28,0
38,44096.56988,16,9,737.4283522,1000,24,4.266225962,0.7740008767,2108.153806,0,37070.94908,0,12,3,2,0.6328176862,1,56,87,4.976128552,0.03251885608,1,33,0
48,37773.84227,16,5,657.5771809,18118.01479,36,8.284659044,0.3342752059,2379.223519,11808.75156,22225.12211,3,17,3,3,0.6990369381,1,52,77,9.675028345,0.8306825058,1,70,0
49,66664.11087,9,14,707.0726737,36395.8388,24,11.66354815,0.2298129325,2273.705282,0,14344.52643,2,5,1,3,0.3165880072,4,6,11,1.160536593,0.1434010076,0,80,0
36,80865.47754,15,14,850,41132.29714,48,11.17142715,0.8791401258,2564.977369,16244.13185,55934.61985,2,26,1,3,0.3571280257,5,50,71,1.9177708,0.4301689689,0,95,0
28,56693.25538,15,30,840.9843697,5757.999359,48,6.989869209,0.3357322363,3170.154734,22884.14463,0,3,8,2,3,0.195770999,1,9,6,10.67391848,0.479924997,0,1,0
50,40844.83046,13,4,721.2948302,32177.94086,48,14.91627448,0.5486801749,2652.222292,11129.40703,6171.315214,0,28,2,1,0.6960257016,3,3,44,3.715228261,0.9366056674,2,47,0
26,46158.53239,8,3,613.2944977,21397.35443,36,11.21176245,0.4536877472,2653.722704,22946.12708,23967.59235,4,9,3,3,0.5859662585,4,78,36,3.468680259,0.3902984137,1,81,0
46,67025.07191,14,10,590.6531455,6795.961339,48,6.124746128,0.1754933896,2224.044973,10872.294,8231.581236,4,14,4,1,0.8639270209,1,37,99,11.983345,0.7734492144,0,47,0
59,43956.19367,14,31,685.5787791,17011.20085,48,7.730580488,0.7995838452,3548.289568,10927.17333,10361.52753,2,22,4,1,0.0005839397937,2,16,11,9.442115078,0.1846723748,3,74,0
58,80674.50485,9,16,643.6568651,30956.1211,36,8.462881542,0.8421729517,2544.536849,14702.30988,21145.07913,4,25,5,3,0.4454809876,5,71,23,2.840971498,0.3878132243,1,76,0
43,54059.84867,13,36,719.172563,36282.4887,36,17.67000914,0.1973836659,2482.377846,1752.507589,5557.024096,1,2,3,3,0.02136493035,5,59,86,10.75013447,0.5248427414,2,83,0
57,124279.3319,19,26,668.2522193,26910.59204,12,6.390412397,0.4348491554,2616.317446,26390.865,9435.391182,4,19,1,3,0.8819296111,1,84,94,1.663465951,0.0626863628,0,9,0
43,62125.60804,10,11,647.3685167,9638.953177,36,13.6492591,0.4998675824,628.8614508,1330.703448,20493.89403,1,4,2,3,0.1390866783,3,8,41,3.239205034,0.4359480316,0,34,0
53,64639.52586,11,12,695.0166952,37228.84282,60,5.276876626,0.5066782021,2858.649469,28776.68476,6824.612659,5,22,2,1,0.3727528037,3,48,75,6.947284831,0.9777423716,0,52,0
47,74789.09645,13,12,656.1535184,31622.25408,24,10.32675048,0.2224167378,2091.961836,15682.15235,10372.81402,2,13,1,1,0.9963238762,2,46,97,4.733737039,0.7025806378,0,30,0
50,49627.36963,15,13,576.3046158,11457.11456,36,4.809861962,0.06026198748,2089.669871,24765.81346,17575.30815,5,17,4,2,0.6141347314,2,74,99,3.428959816,0.3947678084,0,32,0
47,44633.53739,11,17,605.5265211,21136.00602,12,4.174645566,0.1952737797,2859.91518,16921.92078,17168.01092,0,19,5,1,0.8441332729,4,67,98,11.51026287,0.6694859518,0,30,0
45,73842.88681,10,30,685.8667008,27350.40508,48,15.94320089,0.7334482957,796.7876999,2477.527679,25188.0342,2,23,5,3,0.9941306952,4,4,64,9.101059234,0.597208447,0,100,0
29,37302.11677,14,9,696.6622117,21209.39984,60,7.206131162,0.358508675,1909.689821,0,0,3,16,5,2,0.04078583694,2,25,63,1.520645555,0.2307619168,0,91,0
28,75665.62331,15,11,609.1538179,1000,48,8.172782764,0.88704683,2606.357379,12770.48453,0,1,18,2,2,0.08412563367,1,67,84,9.601705043,0.3832367893,2,89,0
51,32580.13127,13,30,726.49706,17923.24804,48,7.358811631,0.2043788459,1790.238512,0,26069.50859,1,12,3,3,0.04958677146,3,80,43,11.94822878,0.9838339303,1,82,0
25,86606.29512,8,6,787.3495965,12596.70731,24,16.01551579,0.3005431303,3210.363083,10024.71052,0,1,19,3,3,0.206223764,5,93,4,4.658373515,0.6104353795,0,20,0
27,62387.15174,17,0,709.3068921,36632.38018,24,14.65250882,0.1106959001,3389.595528,10817.9447,21332.61047,2,6,4,3,0.4104117016,2,97,90,7.096682348,0.1073756233,2,48,0
63,40258.03481,17,30,682.0935158,28080.10684,48,11.73383176,0.8588203079,2478.105078,3301.662872,8226.692568,0,9,1,2,0.4515513539,1,22,66,7.483657315,0.4656494059,0,87,0
32,65920.70813,18,26,707.0333935,32541.15354,60,16.65045129,0.5913993792,1470.478525,14013.92845,32672.28029,4,26,1,2,0.2889130766,5,26,61,5.001679605,0.8257737124,0,20,0
60,83396.28058,8,9,669.6304027,33872.56879,12,7.438409386,0.8846358764,3254.154392,32334.89658,23567.22205,2,25,5,3,0.4181983846,1,46,4,9.391133153,0.2629494099,0,85,0
24,35439.38925,11,29,799.3429193,31332.06747,24,8.469752139,0.3785030142,2678.859908,2560.066501,33879.89962,4,13,3,3,0.8767775952,3,31,62,1.210451357,0.007229737598,1,60,0
45,63624.38144,8,26,698.7183202,22773.79938,12,15.16345918,0.7286794054,1666.170549,21503.70186,23761.25696,5,20,5,3,0.4573038376,5,58,59,2.300941051,0.1802075085,1,76,0
49,68345.41358,19,9,659.7769147,28439.26655,24,14.92769654,0.4450407509,2571.444209,18365.87805,1863.842329,4,0,2,2,0.7930174484,4,53,44,4.242527509,0.8872399977,0,43,0
19,55397.59824,11,18,691.8738181,5087.486525,36,13.15745454,0.2042026578,1047.074401,23396.9763,22894.16161,3,22,1,1,0.9217129315,5,52,33,2.731431725,0.3463664566,0,2,0
48,55866.77167,17,15,729.4915509,53769.63231,60,13.12037434,0.3757923523,2149.667156,22134.53097,5977.186568,5,1,2,1,0.72394434,3,39,10,4.851823941,0.8271518347,0,77,0
18,55840.93387,18,19,601.7911881,23807.28479,36,13.3772083,0.8600493441,3259.754284,26773.54708,0,2,23,3,2,0.4462683453,1,89,68,7.151353148,0.2160397641,0,72,0
58,55261.81439,15,1,675.2668175,18666.511,24,10.46781359,0.2882968891,1597.804308,0,0,1,13,2,3,0.4131566198,3,46,72,5.840894338,0.6740088938,0,58,0
63,66602.97941,8,6,665.7851222,21606.83624,36,5.999678727,0.05498557422,3154.508088,3454.824818,1267.476664,3,14,4,3,0.2181248282,2,8,46,7.831902607,0.5811533104,1,38,0
18,82964.35031,19,39,753.8209496,33853.79126,48,16.59711538,0.1429128027,2625.949617,7756.601852,10693.58515,0,27,2,2,0.1258807384,5,5,14,3.314821504,0.329922256,0,6,0
22,53846.18673,9,39,800.9414614,33691.30403,48,16.91146809,0.261107791,4321.289413,0,34127.65273,3,28,2,2,0.7996189435,5,36,17,11.76384309,0.5201976174,1,94,0
20,35980.18175,12,0,726.791485,20308.25815,24,16.40205101,0.1427447544,1707.252185,13400.70488,31186.11993,0,9,3,2,0.4875906175,1,42,24,4.852669626,0.03172706793,0,11,0
55,48679.25248,11,20,658.6243027,47737.48613,12,7.285061223,0.579854765,3850.63433,22993.20868,47044.64177,2,28,4,3,0.9635853,3,13,97,8.263869918,0.9828590191,0,12,0
59,73068.47915,10,31,666.4951566,31456.64262,36,8.786624803,0.5709370669,2009.102673,31639.17051,10499.30001,2,5,4,3,0.8046173222,4,43,94,6.395999844,0.2110514883,0,23,0
19,78119.16116,10,31,617.337589,36310.86479,48,7.222582586,0.7464189962,3015.73988,14063.26062,40756.64625,4,4,3,3,0.9831830795,3,17,21,11.05068864,0.4219118639,0,70,0
41,38254.43119,19,7,627.2129782,26299.54125,36,7.084243724,0.05912967758,1681.542162,34588.47458,18178.04328,5,0,2,2,0.7415647304,3,39,58,9.742802952,0.8161237205,2,42,0
31,58235.08099,12,19,693.0791687,19203.24301,24,17.58477058,0.4097462194,1964.834634,0,44463.5029,1,27,1,3,0.6456181617,5,42,25,0.6803417266,0.5565120832,1,21,0
24,53565.49656,9,7,672.0301826,38761.966,12,4.060530295,0.7472293049,2085.420618,13424.03468,0,3,9,3,1,0.4581544289,1,66,52,3.323862708,0.6268829472,0,42,0
25,85830.90771,15,2,642.6230522,12508.44983,12,14.68019508,0.08616763916,2753.860424,29433.90137,0,2,4,4,1,0.3998927125,1,28,92,11.07880336,0.1415522221,1,88,0
40,23250.65731,12,3,622.1057657,8859.096067,60,6.094511955,0.5687474081,618.3993076,13135.63582,22200.14861,5,18,1,2,0.248486689,1,8,42,5.798383414,0.09635704791,0,61,0
55,53045.61661,13,27,686.5081583,20115.28316,36,6.76360983,0.8044068573,2858.920396,7403.766236,27999.26229,5,11,1,1,0.6090529355,4,69,84,1.899867694,0.9626674575,0,2,0
45,33021.57465,12,38,654.5035639,32724.63739,60,3.443290776,0.368553738,4777.17956,9778.92955,19729.70789,2,4,4,2,0.5915266494,4,77,50,6.275069799,0.06583442581,1,47,0
27,64607.2112,11,10,698.5608139,12425.43406,60,15.00545128,0.4020440477,2377.521969,22412.72092,10742.76866,5,5,3,1,0.9433559224,5,21,44,7.576112968,0.6795464071,1,60,0
37,82404.98584,9,32,704.0210453,46993.07783,48,17.38585694,0.4392863579,2998.510532,11983.38221,2837.278295,2,10,2,3,0.8466377311,2,34,63,2.142331096,0.1936203206,0,47,0
22,56839.84791,18,22,622.7362374,26410.5706,24,7.64311225,0.8083742435,3371.421848,23323.87865,9883.408829,1,4,2,1,0.2564435302,3,4,18,0.6123027145,0.248974335,0,1,0
62,72930.19792,19,2,651.4911954,38115.80802,24,4.487804416,0.5075348802,3072.2376,11762.19631,0,3,2,3,3,0.2311446688,4,97,44,8.549005381,0.8058303021,0,28,0
51,37185.11115,14,37,666.3589176,11333.54114,24,17.35652588,0.8799862345,3118.037063,20200.50479,49916.7708,5,5,5,1,0.2183247686,5,66,34,6.665220925,0.209476216,1,98,0
63,54715.98326,8,36,703.1882606,9814.176282,48,13.35420958,0.760170763,3646.547395,15164.13298,20074.90223,3,25,1,1,0.5933656732,3,83,94,2.490899088,0.5007911203,0,89,0
41,70680.66531,12,0,707.2666893,26374.85718,36,12.673668,0.1019079075,4084.226662,2759.287183,30548.23982,4,0,1,2,0.28774127,4,95,67,6.463395944,0.3087920793,1,89,0
33,46140.09549,18,23,731.78486,27489.31024,36,9.214653767,0.4854356544,2087.000713,2327.578169,14118.98259,1,21,4,1,0.5411572591,5,99,61,5.329737282,0.8174229357,0,4,0
51,39456.08573,15,38,609.6503233,18867.93916,48,17.47420668,0.2638163115,2155.37379,17992.86722,12509.87893,3,16,2,2,0.9821995481,1,18,10,3.465588679,0.514521911,1,98,0
63,53454.46685,17,4,687.0187202,32353.55737,48,3.762873732,0.1676776163,2439.435352,13560.45199,38489.73474,1,29,1,3,0.5330396053,5,81,76,8.627890524,0.5132706615,0,78,0
41,78813.5407,18,20,599.7583943,20236.93704,24,10.70375734,0.1663342251,2179.550267,20675.18507,15767.62459,3,29,3,3,0.5804802591,1,37,84,4.508225365,0.06131895105,2,5,0
54,36552.73428,15,19,713.9953271,12081.72655,12,16.85896515,0.8750366466,1533.700953,15720.07071,10880.2924,1,17,3,1,0.1122004625,2,37,8,11.57043378,0.3754454951,0,51,0
53,97355.00983,14,15,760.47417,25229.37646,48,16.46787562,0.2285649975,3610.719284,24247.80812,27558.14669,3,14,3,1,0.7616494952,5,31,15,1.618566159,0.5275275445,0,47,0
18,58755.92543,19,3,682.005081,39491.35345,36,5.430820982,0.4002158692,1080.368765,18203.6119,40178.60088,3,20,1,2,0.7034040275,2,72,52,2.678245978,0.08679068402,2,36,0
24,17949.39624,8,1,777.6496337,13713.14554,60,4.946801573,0.2065954569,1561.221079,0,0,3,27,5,1,0.0008299643861,3,52,20,9.640652677,0.6657934858,0,56,0
45,64918.86828,8,0,745.0946021,24934.61518,60,11.72730235,0.7067840857,2489.892172,8949.180727,20132.45949,2,24,3,2,0.06095193752,1,55,27,10.77712294,0.2626906947,1,31,0
23,39634.84238,18,12,653.512224,22030.72873,12,14.30594144,0.8377106144,2383.727597,12509.18192,14062.94042,5,14,3,3,0.4877115517,2,11,60,10.37763855,0.3656174341,1,87,0
34,68240.85957,12,12,686.6065025,47273.04967,48,7.465862379,0.1737848533,2854.462982,0,19468.07285,4,16,2,3,0.1882841564,4,100,1,7.013076039,0.7346591114,1,69,0
35,32939.53449,8,8,726.6720277,34833.78255,12,6.173944919,0.742845989,3260.021027,14148.60923,30357.47546,2,5,5,1,0.2865097631,2,40,87,8.64822912,0.03290427229,0,79,0
39,70715.89092,9,11,701.4490965,24620.6829,24,11.40415226,0.6079932996,1749.264176,27480.71193,11378.02873,0,4,1,1,0.179185405,1,92,53,7.432263161,0.7865886559,0,19,0
42,53123.52866,14,15,734.0151427,23971.20217,48,12.62554768,0.1883543334,2951.448582,9042.482567,22926.16027,3,12,1,1,0.09648384743,3,8,54,9.8752335,0.6179090959,1,3,0
29,58024.04709,10,18,668.178151,10665.73392,60,12.99112218,0.5306303421,3357.041246,17692.14002,5827.471686,5,11,2,2,0.9825639133,1,22,85,9.267965967,0.0001175594042,0,82,0
25,52133.03417,8,33,581.2862285,6712.816968,60,16.97354404,0.2590008269,2530.40616,8844.546257,16214.68831,5,28,2,1,0.4165699541,4,20,27,9.188466573,0.6905817346,0,43,0
34,74994.29064,16,26,693.4213301,18396.17595,36,9.886441218,0.7848648241,4099.961544,6509.076343,0,1,24,1,3,0.3822863819,2,48,2,4.586612307,0.4071179699,1,91,0
47,37878.96152,8,0,751.202978,29493.91639,48,3.239045084,0.1770913745,1999.015301,0,42555.98529,0,22,4,2,0.07301806452,4,58,93,9.772332063,0.1554345928,1,22,0
48,32184.59875,14,1,663.4901731,44317.62724,36,8.042981361,0.3454429131,2915.696588,26496.75779,0,4,11,2,2,0.2500911472,3,78,44,5.092732269,0.1237762292,0,41,0
19,82287.03692,16,31,651.9614666,28031.84789,36,6.81135388,0.8187004459,2132.370964,19793.4478,4487.651441,4,16,1,1,0.2020220222,5,48,21,6.403858615,0.05925312085,0,3,0
36,33650.84585,14,24,625.7442753,27410.84183,48,3.963997783,0.8787309666,2182.06517,22829.95201,40033.66939,3,7,2,3,0.2359119737,2,67,32,6.496585994,0.7249633984,0,41,0
49,58136.66519,8,5,667.2787588,24165.26819,24,17.6746924,0.848932739,3281.780211,22194.3586,22564.03799,0,8,2,1,0.7457912271,4,32,98,9.219836247,0.341947934,0,52,0
42,94661.6362,12,11,589.6082708,23723.16959,60,13.62435958,0.8936404299,2596.009377,14931.7368,9961.96948,3,14,3,3,0.5325911235,4,58,85,2.112009927,0.5292034439,2,86,0
53,78653.85698,12,31,557.8529707,29332.8137,48,3.265566677,0.1142690399,2756.268376,18611.73681,26669.51644,2,9,4,3,0.1412013139,2,62,14,11.90478936,0.4641943082,0,20,0
27,85401.93734,10,38,604.6092657,1000,24,9.346580534,0.07713914075,3038.169796,7219.116547,22914.98222,1,4,4,3,0.556201871,3,25,6,9.135999371,0.3542015058,0,29,0
42,45659.56274,19,29,614.6273557,15263.88116,24,15.42908352,0.1723913171,3103.926389,12855.68425,25953.89213,3,15,1,3,0.502026196,3,36,72,5.21753407,0.4582302947,0,7,0
53,44154.00991,18,10,631.5303992,25572.14972,60,16.67607795,0.3043726303,2421.386477,0,32049.04426,4,10,5,3,0.4082951002,2,88,15,11.00189013,0.7180025603,0,80,0
27,90592.07844,19,38,739.3369648,33245.39753,12,7.479051931,0.503031662,3769.314706,22037.69002,42367.39792,0,28,5,1,0.1311256068,1,25,6,5.395793349,0.7957632104,0,76,0
54,51237.23748,15,26,698.3231685,16893.70759,12,5.360027672,0.5802096732,2141.669947,32353.45543,27406.88372,3,7,5,2,0.2540668173,3,86,55,3.456958014,0.594427649,0,25,0
41,48637.44376,10,39,733.0585784,37327.66852,48,8.041183444,0.5319675014,2607.956742,23822.79066,4004.002829,5,7,2,2,0.1161399955,3,19,58,11.15238071,0.3708830343,0,45,0
52,86862.71993,9,24,769.3813075,49059.50418,48,9.647147559,0.3838417826,998.7137756,1106.085791,19867.76469,5,0,1,1,0.6310345889,3,47,72,11.63465381,0.03335391644,3,1,0
20,82517.4452,17,13,726.5677724,18534.07044,12,12.97611539,0.09222657666,2659.794325,9178.984014,0,3,11,3,3,0.4158734065,5,48,30,10.07911952,0.7117156656,0,55,0
42,42977.04342,11,19,740.2230424,25186.34559,60,14.56967949,0.3967831862,3289.197973,1378.160612,35280.79767,5,28,2,3,0.5545235532,3,30,34,6.015047655,0.8916851814,0,95,0
32,38330.20733,9,22,697.3170993,20595.37636,36,10.20933378,0.3167369896,3712.770007,12146.33192,2160.114706,0,21,5,2,0.7945807283,1,96,83,10.85498264,0.1564401362,1,78,0
50,64517.45683,11,9,655.1860643,31719.65016,12,12.38415186,0.08914366748,3278.699068,0,0,0,5,5,2,0.09572055324,5,83,50,11.66555781,0.06300168897,1,67,0
23,54524.77956,19,34,708.8576594,24324.91867,48,13.16299068,0.8924334206,3509.27737,8215.173582,49932.50902,5,19,1,2,0.7930798075,5,14,42,8.727657197,0.5593608177,0,88,0
25,90915.46802,14,29,689.5901422,20295.59028,36,14.58701305,0.6701264278,2495.570233,8201.78714,27980.68092,4,29,5,3,0.8121077186,2,68,61,3.119347213,0.0771490032,0,33,0
62,51399.29599,14,5,706.0019563,37184.20257,12,14.76592914,0.07133901825,1993.333878,24802.77299,17816.97674,4,24,5,3,0.4681365223,4,44,9,1.689671499,0.3184802553,2,99,0
42,66909.31707,19,26,630.1901718,8522.101865,36,3.98676648,0.05420317039,1037.910541,23540.78678,8584.562784,0,28,5,2,0.721776267,1,100,15,8.232171238,0.493706045,1,88,0
24,54338.2269,18,15,715.4431969,1000,48,15.17170971,0.7470710425,1600.036174,23908.82911,27757.20561,1,24,4,3,0.7001266436,4,43,47,11.9331822,0.8324693608,0,27,0
36,64444.73782,16,16,612.4741582,3606.02072,60,3.288638276,0.4542766304,1591.864587,6994.681064,18775.75946,2,15,3,3,0.6783624549,1,17,58,1.167612918,0.8627462698,0,91,0
44,50392.59633,15,1,708.0106497,37841.14079,48,11.39583688,0.7937022381,2441.692997,13823.20655,30873.78595,4,20,3,3,0.8367763895,1,9,52,5.122300574,0.5674660944,2,27,0
25,40550.29154,14,14,696.6956088,18601.84789,48,4.542423157,0.2975389157,2936.574133,19887.46174,14189.39105,1,3,5,2,0.1860728135,2,41,83,3.780301829,0.5303230827,1,40,0
50,45554.37742,10,36,715.394728,6387.051543,48,7.068485632,0.6416840105,2356.449379,22629.97048,8716.940442,2,8,1,3,0.522375024,2,50,77,2.159049031,0.8729626769,0,30,0
59,50154.12136,10,6,763.1384784,39732.99961,48,12.95462195,0.3679189832,2212.048649,17825.08122,15521.03867,1,3,1,2,0.5179461287,5,39,93,3.283432181,0.9644462549,0,43,0
52,28827.09919,15,9,769.4197257,37163.70795,36,7.281873098,0.3601026976,2109.055098,24995.21047,42417.31795,4,12,2,3,0.4612680225,4,62,59,11.45521544,0.3920753108,1,8,0
18,29627.8355,18,13,697.5697776,35864.90394,12,13.79003679,0.1179909312,2542.206954,24666.64749,13885.20961,4,8,1,1,0.0284184857,3,35,37,0.9346056401,0.08368284614,0,79,0
19,48623.36125,17,13,769.4929298,31472.15212,60,8.889018912,0.1559206394,3043.460611,16989.18998,2812.575418,3,25,3,3,0.04030749456,4,87,98,11.09690923,0.3606075708,0,27,0
21,45341.479,15,32,697.0928694,7055.615084,24,5.654462878,0.4833818197,2437.753472,13284.91163,31659.83209,2,8,5,1,0.6968381344,2,44,19,5.321168215,0.2462521482,1,75,0
55,32059.59019,17,5,757.9388233,8078.961645,60,7.263043433,0.4264380026,1407.876474,17355.68214,44199.06444,3,0,4,1,0.02478784659,1,74,11,0.8131553828,0.8497271245,0,86,0
57,80603.51833,10,37,733.1792727,21286.0892,24,7.45187428,0.7995143881,1938.152465,22635.43537,12122.63969,3,24,5,1,0.4133695012,3,24,59,0.8624678988,0.8520179712,0,84,0
63,78082.15432,10,36,733.6816256,20787.16748,48,5.988709892,0.6460753704,2950.185677,8044.87676,39292.6286,0,0,5,1,0.8622381574,1,3,45,1.909469885,0.9916939608,1,3,0
20,50881.40962,14,30,727.5218898,40074.41068,12,10.82892094,0.6992194409,1803.654935,15254.13151,5782.290798,4,15,4,1,0.124139724,3,35,40,8.321648479,0.3626896604,1,13,0
45,77238.19365,18,16,717.8923669,30672.42522,36,11.55778069,0.2626065574,2227.200906,5305.890044,21002.15468,5,24,5,1,0.2062730671,5,56,62,11.72212898,0.9821249908,0,13,0
58,38978.57798,12,1,735.2313484,23072.94553,48,15.46040641,0.2087622205,1133.768131,10512.25537,13570.77795,5,25,1,2,0.6866139041,2,39,33,8.703164485,0.3223953284,1,46,0
36,72447.95957,17,10,763.8503729,39070.39745,36,17.72286305,0.1565438106,972.5348058,3996.890627,21335.92883,0,21,1,3,0.2224116032,5,62,55,8.534884606,0.7916365994,0,64,0
47,70447.28031,19,20,602.9268675,6724.260794,36,3.828908065,0.8652039973,4519.685675,21421.85691,4570.518553,1,25,3,3,0.6704237265,5,80,27,11.69502849,0.1324651903,0,28,0
45,72302.06287,13,23,666.2521828,31540.71008,60,16.96379737,0.1519368766,2375.616656,30988.56853,45553.28796,3,13,4,1,0.3243065668,3,42,75,3.958826146,0.4542041786,1,12,0
52,61869.29094,11,22,662.0209635,25266.93956,24,10.15103789,0.1252035113,2304.549816,26314.71661,17491.94496,3,4,2,1,0.7529671617,1,58,7,3.860858884,0.6504323255,1,26,0
23,59249.66678,13,26,728.8914298,23287.46354,24,17.24626169,0.3451507111,3464.189482,16456.33115,7346.20512,4,11,1,1,0.2694662644,3,98,19,6.34278993,0.7082060576,1,38,0
28,57403.33382,16,19,655.6007819,43443.49905,60,3.956221273,0.7478041704,3177.352365,0,36316.8988,2,8,3,1,0.8670423621,2,89,87,5.673837124,0.07106480695,1,25,0
55,78699.60717,10,34,642.2491962,6117.95419,36,9.754587192,0.3069637086,2748.580839,19528.85374,0,2,4,5,1,0.5497237598,4,55,3,7.410720853,0.6139117966,1,40,0
30,54466.59562,19,15,602.1326249,32824.19321,24,3.750553991,0.8669983113,2618.255465,25724.194,49307.47304,1,26,2,3,0.5841496572,2,57,26,2.329826844,0.6210785485,1,62,0
28,74856.79758,14,5,680.9956283,24081.29563,48,17.91720781,0.8027963531,2805.382316,1631.551795,20560.5717,5,6,5,2,0.2152140135,3,92,65,9.365039638,0.09978023808,0,33,0
29,54618.43069,13,16,668.9018407,20371.38911,36,3.814892906,0.8901761135,1850.878861,9302.983467,40727.4223,4,6,2,2,0.5553109115,4,17,34,3.671500332,0.2940367219,0,19,0
41,59052.67178,18,34,692.2477499,26916.55153,36,14.10630447,0.6672529954,3298.868573,6961.381419,9058.857826,0,17,2,3,0.3348204807,5,82,8,6.394343194,0.6748136379,0,88,0
59,47963.32879,9,27,649.1979187,2406.676285,12,11.76368091,0.893175602,3409.810363,31784.80519,35746.83234,5,15,4,3,0.6368179274,2,48,79,8.119451496,0.04624917307,0,12,0
40,57404.3437,17,36,571.0014889,10213.64122,36,16.48320491,0.767113517,3201.554734,17652.85785,2448.891586,5,0,3,3,0.4322627724,1,34,95,9.313977168,0.8989423508,2,9,0
63,67905.51055,18,33,743.2485939,23447.23994,60,11.5750877,0.3488948347,2463.727053,4037.906673,42861.15891,3,21,5,2,0.6533601705,1,55,93,4.439151118,0.6076895078,2,2,0
21,56973.92674,12,1,732.2523451,26466.01065,36,15.58773226,0.162443311,1598.474718,10212.02406,53199.45998,5,7,2,3,0.5122898711,3,95,9,9.618110549,0.2161418988,1,65,0
47,61218.72654,17,21,708.3471886,24868.45312,24,4.632775061,0.29950023,3597.620442,9419.055096,9308.779553,1,14,4,1,0.7647388399,3,21,61,2.129581925,0.901354781,1,57,0
58,68400.59601,15,18,693.8618379,19972.98279,60,12.57835887,0.2542268654,1428.547685,17908.82541,13961.96571,1,14,4,3,0.8255635626,1,54,85,4.537265844,0.02946922736,0,99,0
36,64207.08509,18,10,739.4198899,35567.45432,12,16.67271724,0.5886637826,3882.01932,12884.39967,377.0779724,1,19,4,1,0.6233588244,1,60,64,3.466367647,0.9246202023,2,78,0
27,51084.38138,11,16,714.1488544,32336.17322,12,12.61700769,0.4405003847,2292.965387,17593.26618,13808.60226,5,17,1,3,0.6550859891,3,39,87,9.503070971,0.2107303618,0,7,0
28,67058.15144,15,33,618.3746543,29896.09887,48,17.63204676,0.812955963,1650.797661,32536.91468,24529.35066,2,0,5,1,0.2093612065,2,10,37,11.757687,0.6773653444,0,28,0
41,61674.30129,9,10,567.3523903,30168.96611,60,16.52423086,0.4199855316,3233.453789,12593.89754,9565.531907,5,5,2,3,0.6796431788,4,28,15,4.955084402,0.8793025856,1,27,0
61,41330.5715,17,33,719.4856472,23919.66082,24,5.167010783,0.5275530526,1009.361142,20855.33345,0,1,2,2,3,0.1735779843,1,10,36,7.210233557,0.9851128563,1,44,0
41,69919.93074,15,35,724.6086108,47659.47094,48,7.946670921,0.2398179729,3168.054017,26130.6119,14257.64047,4,21,5,3,0.9600745572,3,10,37,7.712012652,0.9797354593,1,3,0
19,51681.54146,9,14,716.4575595,26985.48898,48,10.34497875,0.8663434867,3169.771798,28959.01232,24712.29453,4,22,5,1,0.09997675181,2,20,27,1.967755509,0.7921118305,0,78,0
53,67602.29248,15,17,594.1679785,36951.90804,48,6.211878905,0.2224101273,1795.067315,15454.42428,14293.25071,1,23,4,2,0.2044733397,5,40,29,5.632551305,0.8265497352,1,96,0
64,39891.88203,12,12,681.2817427,20670.91909,60,17.03960054,0.5691652257,1988.858138,5337.361892,29643.08124,2,25,1,3,0.09371562599,3,80,86,2.342089132,0.2652935851,1,7,0
18,43411.7793,11,12,730.9877369,26307.74671,24,16.78690342,0.7834493406,2829.582795,463.9291555,37659.47447,0,18,1,2,0.1727126994,3,30,93,6.461262345,0.6506599886,0,99,0
58,68887.02148,14,27,731.9146226,5440.822599,24,8.552419664,0.6313176307,3716.534885,29845.6509,9554.850714,3,23,1,3,0.5766977259,5,58,37,1.469401717,0.5975233617,1,90,0
56,89218.02209,9,28,588.0558036,18069.4697,48,14.18467384,0.4521605967,1916.159369,13889.04087,39449.12945,0,27,3,2,0.9168896177,4,70,11,3.880447716,0.8971557956,0,17,0
19,46911.11862,14,32,667.996886,18639.30201,24,16.64803533,0.05223585721,3260.004342,15681.5424,21465.12661,0,16,2,2,0.9062307083,4,52,31,8.290801865,0.09688873774,0,13,0
64,78040.5349,13,18,670.8387162,1000,60,17.44329536,0.5276594043,2842.131636,4682.513355,0,3,29,4,2,0.1821386874,3,24,30,3.870241742,0.03206774046,1,67,0
56,49816.31488,11,0,650.6789416,35082.73024,12,10.8967227,0.8023094848,1900.525336,19201.15069,7371.871427,2,19,2,3,0.2882867111,2,27,78,11.84560212,0.5809697877,0,20,0
48,59840.28456,10,6,725.3165787,24042.61433,12,17.4551459,0.2637412837,2265.93634,5251.046832,18978.81702,3,22,1,3,0.5850025089,2,26,86,1.031208566,0.0303749077,0,70,0
47,69994.98528,15,39,706.0975228,7624.180756,24,13.11287218,0.86778537,3002.803421,30700.33198,0,1,7,5,1,0.1997521606,3,76,95,5.025161985,0.8167667937,1,12,0
25,60691.28166,18,14,749.2359642,40765.19043,12,17.92505095,0.06472794529,2327.957285,0,32090.28874,2,5,2,3,0.1150282214,4,13,84,3.939120225,0.2118203352,1,38,0
53,47786.42935,19,39,696.6937759,30849.2303,60,3.84925805,0.5785368291,2233.967346,20501.12385,0,3,11,5,1,0.9200367989,4,92,76,5.996544281,0.01648009681,0,23,0
42,56955.95668,19,6,698.5915581,41497.41172,12,12.19056993,0.5259053998,2644.741784,28925.41464,12997.52781,1,5,1,1,0.2804316699,5,44,77,1.999661333,0.2154261724,0,50,0
61,96664.16753,13,37,650.4072647,8312.432534,12,3.040134553,0.09911316257,2597.858259,8465.303509,47583.75793,3,12,2,2,0.5900041821,2,45,99,7.091938722,0.1082587266,0,15,0
26,32431.67904,15,30,640.0267114,35580.37139,60,3.410447807,0.5804510008,1358.854711,9902.490676,17996.10501,2,23,4,3,0.7535375747,4,4,88,5.373891759,0.9884088731,1,100,0
19,89380.92681,10,29,641.9645197,14203.46918,48,11.15552386,0.1739630484,3222.010524,9783.808362,43920.16186,4,27,2,3,0.6717241162,5,44,81,5.774378418,0.1873297682,0,59,0
26,75207.18148,16,35,716.5825393,23054.45898,60,6.109007843,0.3648169161,2579.160568,14969.67134,28335.02718,0,14,4,3,0.9996209772,3,65,2,9.656703744,0.3190014283,0,98,0
29,79457.61778,8,34,558.5012994,28034.13069,60,16.76452912,0.6849696278,2126.385473,15008.60518,3715.807923,5,24,5,2,0.4894684494,3,72,58,6.319825758,0.3619488675,1,67,0
27,63420.88945,17,38,712.6554683,36572.72715,36,14.19422876,0.3074108684,3172.986102,10011.8176,5449.830471,1,25,3,1,0.8613846828,1,95,4,4.881757553,0.9271165165,0,69,0
22,30765.81514,12,24,702.2518746,43362.06205,24,10.83467736,0.7660894625,2467.306898,1350.166995,33075.06306,3,3,4,2,0.8945395705,2,55,95,2.410402476,0.5268750506,1,74,0
20,54988.7927,9,0,671.2495952,21289.66226,48,9.674435709,0.3241966128,2499.651733,24611.66432,29349.88216,3,11,4,3,0.5750630287,4,21,90,11.85546924,0.1851544985,0,47,0
47,30716.87919,17,1,630.8987139,42513.6061,24,4.418097206,0.7454825847,2984.313738,12587.22282,5630.608144,5,11,2,3,0.2532899476,1,71,80,1.929378907,0.4975627572,1,14,0
18,76728.13484,10,7,645.830969,23234.79861,60,5.091315034,0.3646627206,2031.653058,15299.48495,8886.105002,1,16,5,3,0.601144173,1,99,28,10.75571537,0.4440028005,0,44,0
48,52306.47916,16,6,777.6018434,51965.04933,36,10.10757564,0.1254098571,2999.709916,22272.76132,18291.1677,1,7,3,1,0.9418717319,2,42,17,2.448618557,0.1065226737,2,14,0
60,76457.52347,10,2,682.1542897,30568.63405,24,12.98261749,0.6653274794,2644.482267,17452.02034,37544.86662,2,19,1,3,0.5184891994,3,53,4,2.687289511,0.3058643275,0,81,0
23,65951.85284,19,19,578.2959894,52675.7025,12,17.83201482,0.5641561699,4070.130042,18803.50234,5546.629742,2,16,2,1,0.5051824332,1,52,42,6.217502355,0.3796199023,0,28,0
48,61514.47862,14,38,741.8138844,31685.81963,12,13.33184602,0.7331046719,3216.15509,20825.52251,10349.01451,3,7,1,1,0.3517206153,1,2,38,10.15939338,0.6126367597,0,17,0
63,51947.34614,9,22,748.1982797,9963.671127,36,4.187160648,0.1796247578,2768.398938,7419.362928,29063.52156,4,6,1,3,0.4912547926,2,23,27,10.17600871,0.7401846819,1,69,0
40,76617.67518,9,0,619.9285573,9430.055431,36,14.27512587,0.4328949867,3006.136063,20673.57588,14379.44401,0,14,3,2,0.2528960017,4,65,69,1.909558149,0.06079270216,0,7,0
52,73435.83779,17,14,771.7951523,5196.637101,60,11.74622432,0.1980009781,3794.47924,0,21661.40438,4,8,5,2,0.2348223316,4,2,25,6.858971522,0.5711500871,0,93,0
36,67104.91183,14,29,684.0927232,15041.37127,24,15.76645528,0.3250763847,3412.043491,17054.38552,29455.08566,3,28,4,3,0.8024636298,4,77,99,4.446777548,0.8295027706,0,20,0
46,41973.9033,8,18,700.6602044,35245.98086,12,10.28425611,0.6719822326,1508.739653,14907.79553,13876.84407,3,1,4,1,0.1753114643,4,86,22,10.84467494,0.5658574685,0,37,0
45,44280.93875,10,14,662.6520247,23209.24286,24,5.301742,0.1339292167,3453.631167,17660.63978,7765.266025,5,14,4,1,0.8355859751,3,24,5,0.9985041991,0.1703700804,0,16,0
21,90372.05655,15,9,695.0269605,9075.238017,60,6.143511571,0.7683771516,3035.958608,15140.37797,34815.05242,0,3,4,3,0.3847368621,3,40,48,10.31279449,0.2767137424,0,26,0
36,60531.00233,14,38,643.9363265,24126.35126,36,8.847143689,0.1962815272,3772.07076,11854.49246,38948.60843,5,28,5,1,0.5641523142,3,60,73,9.409446692,0.4058844603,0,80,0
22,66118.0303,8,30,567.5200997,39570.25952,12,8.075729059,0.7277872828,3030.709766,22828.75067,28415.79688,0,6,2,1,0.9537844462,1,27,22,5.656193907,0.09663545216,2,88,0
54,61346.89763,8,31,783.6945783,30820.64247,24,5.864573804,0.518458514,574.6636203,13040.8897,25401.97936,0,22,5,2,0.2014532144,3,5,64,9.68647393,0.9189604408,1,79,0
60,55732.46242,13,31,658.0119506,21094.0606,60,6.239959769,0.3975415849,3965.993743,11562.36031,24276.9987,3,4,4,1,0.2560914807,4,72,50,6.369655399,0.8792942926,0,3,0
24,38476.13591,19,4,695.1524593,18272.31918,48,16.74746621,0.2673624192,1589.875654,22088.38586,17674.03103,1,29,2,1,0.7587716866,3,72,88,11.64699453,0.7262563551,1,22,0
34,91393.1928,9,24,617.7152254,31870.57321,60,17.22723177,0.2765941107,2353.643642,18969.76702,14782.80229,2,26,4,1,0.1013919587,2,17,32,9.37564543,0.2715595514,0,61,0
64,68246.4016,9,21,818.0287335,49056.54669,24,16.5912457,0.7319273534,2099.623832,15698.24878,0,4,23,1,1,0.9551745007,5,53,29,6.192302779,0.598996826,0,21,0
25,72214.04385,13,31,649.0482366,26462.70861,36,13.64612836,0.1717657425,3026.421882,2509.096473,9711.200569,4,3,4,3,0.2815093927,3,1,56,1.020395022,0.7767386338,0,33,0
22,73764.40931,9,21,672.1130654,15296.84594,36,5.702209277,0.2582965786,1272.594936,16572.28191,0,4,7,4,3,0.1420425377,3,98,23,2.333704313,0.7449569727,3,72,0
47,68476.26883,13,31,676.5701043,22467.19681,36,6.431235359,0.5574454795,1164.976279,8962.021817,0,4,29,5,3,0.4320854456,1,46,47,3.616258544,0.2116582563,0,65,0
33,49503.09571,19,18,686.6851491,8916.242851,36,10.88043495,0.5528855925,2661.922831,10143.28384,26770.42737,0,16,5,1,0.8640888044,1,41,51,5.184014541,0.9844666729,0,20,0
32,69884.02662,15,33,571.8394346,13683.57883,60,14.42416016,0.6896471683,2285.56728,11715.60226,26843.79747,4,19,2,1,0.3112715208,2,20,25,10.60995759,0.3547598939,0,2,0
42,74449.68294,14,9,673.6252189,14061.55222,12,14.88726827,0.8473606619,2608.799978,24894.083,5883.986043,1,19,3,3,0.7917467149,1,31,99,1.652309116,0.05069490822,0,14,0
32,72756.66895,12,19,694.1738871,19224.51307,60,3.380032067,0.8891110316,2607.410711,6975.619553,0,1,17,3,2,0.9600007792,3,54,21,4.99884099,0.0844244093,0,32,0
18,61563.03675,14,26,834.3867682,45146.53005,60,3.234042733,0.6385013188,2990.372315,19131.88534,29446.4442,2,27,3,2,0.440322374,2,25,72,10.78864789,0.3487138259,0,97,0
40,64062.35962,12,26,722.9986739,21842.96614,12,3.680516136,0.43308305,3292.306139,2698.644253,25497.14298,4,23,4,3,0.007417482623,2,34,85,11.42803657,0.1917484076,1,56,0
56,60173.59812,11,7,601.2851395,1970.622035,60,13.39855024,0.7004005239,3056.021123,2500.379511,18183.35526,5,15,5,3,0.6698087605,1,50,27,4.192399255,0.1696413709,0,35,0
26,48039.27783,16,2,630.1094432,36091.34957,24,11.32758693,0.6747022478,3975.594348,24218.72422,33548.10457,4,4,4,1,0.9655831235,1,67,14,11.86040562,0.2457411543,1,72,0
57,35257.00625,16,14,736.6566392,20122.16424,24,3.303110848,0.4296043547,1983.776815,0,40087.95695,4,1,1,2,0.9550372259,3,28,77,8.885096615,0.5148180897,1,64,0
40,76497.89106,8,27,674.5875232,21832.46655,48,9.539246745,0.511295124,3121.893761,16086.09673,10720.641,5,22,1,1,0.64474212,1,13,54,3.643896982,0.2336136891,1,79,0
30,56678.80919,17,4,676.7520569,44806.98,24,17.20408287,0.802533001,1763.590299,28405.99965,25422.46773,3,28,2,3,0.1159681342,1,10,33,9.60409342,0.5224030555,2,11,0
30,50848.5555,17,13,725.8920882,12633.93748,12,7.456129316,0.1563150945,2577.440799,9259.585511,13293.68028,4,1,2,1,0.7083579335,4,48,95,10.01291672,0.683530347,0,26,0
37,53328.15387,19,5,712.1153874,20660.50508,36,4.866427104,0.5023600049,1784.194541,12292.43435,4236.378146,4,6,4,1,0.9522868325,2,32,64,7.129589348,0.5599443825,1,74,0
24,66158.17918,11,1,767.39555,15109.16412,60,17.81758414,0.264634666,2829.877486,28726.99572,46785.74183,5,10,3,2,0.9842067876,3,58,59,11.10194987,0.8529132723,0,67,0
64,53232.06275,13,29,710.6581564,19865.59263,24,15.22257327,0.2911762094,2979.860347,12372.64497,41744.85992,2,4,5,1,0.3058012428,2,85,83,4.336379545,0.4746318462,0,24,0
48,53560.62556,11,36,605.902391,11237.06217,60,5.502440358,0.06697379053,3113.435295,1249.521937,21463.75096,4,4,4,2,0.5811698076,4,50,86,5.196813393,0.7367486852,0,74,0
36,42583.59939,12,4,642.9188206,16224.18726,48,12.07485018,0.6147374931,5177.543134,26213.07645,25876.39268,1,4,2,3,0.02880192639,1,40,39,11.2372775,0.7472784405,1,6,0
23,68484.10412,15,13,704.6405579,25615.15241,48,3.224488416,0.3872358831,1256.91037,34563.30464,36753.0781,4,0,4,1,0.4742816473,1,95,97,0.7128093065,0.7367755093,0,27,0
40,69498.93234,15,33,741.075313,8006.133685,24,11.71890164,0.3215516075,2643.422699,5953.38785,20227.3674,2,3,5,2,0.6892529715,1,58,72,3.605666646,0.4285906519,0,98,0
60,44374.58057,14,31,639.5013258,35095.52045,48,3.736110494,0.4268424601,663.3529701,21026.73991,17886.30024,2,24,4,3,0.4615888685,5,92,99,9.398351076,0.5731687412,0,48,0
34,80043.56733,12,38,643.1857792,28663.07715,12,14.58493348,0.5720241051,1321.775278,8163.985597,21761.5559,5,0,2,1,0.3087145177,1,78,95,1.836399915,0.361501014,2,26,0
33,58519.81189,9,29,582.0183139,50236.65905,12,16.04371152,0.4044916478,2690.898392,5494.460481,29810.88521,3,9,1,3,0.4446694506,4,55,38,9.842806831,0.8092620572,1,44,0
20,56382.7911,18,29,642.0898132,23103.20211,36,6.120675148,0.1138131598,2065.334247,26604.15978,10000.82743,0,16,4,2,0.921821753,2,48,40,0.7687903467,0.2818025688,0,37,0
53,62096.40013,15,0,667.5961692,33385.3687,48,11.44666094,0.06811508238,4405.649816,37003.46004,11626.52278,4,7,1,1,0.446696495,5,66,98,4.125183845,0.2758622394,0,85,0
29,49852.79124,10,20,726.2647742,15834.14316,48,16.98654277,0.437613268,2373.644703,0,8506.341376,0,19,2,1,0.5145717939,4,2,56,6.810704893,0.415920366,1,33,0
37,88621.28777,17,31,692.5163362,40308.96128,60,6.676690114,0.5831195977,2589.729893,3663.371396,10157.13248,3,26,1,2,0.04627305501,1,5,14,2.596604931,0.8649041606,0,46,0
20,65539.5973,14,13,567.24671,22567.59777,24,14.13213437,0.4717161389,1250.194549,16541.49106,15999.69792,4,1,3,1,0.447519765,5,34,59,0.9820511142,0.9526219893,0,82,0
38,59104.07629,18,30,560.4863162,26066.18192,48,3.159197793,0.8262957944,1497.369017,5698.06057,11184.77238,3,7,2,2,0.2151340666,1,85,72,6.366715352,0.9562515488,1,5,0
64,37173.65212,17,0,605.7934444,37817.12567,48,4.98055198,0.259751291,3140.631039,6504.550784,18460.43111,4,24,4,2,0.8214816259,4,78,91,0.9328845756,0.7894490138,0,73,0
50,60176.212,14,10,679.2356172,29563.85025,60,8.822149179,0.3175162651,3552.163634,15430.63854,42990.19384,5,28,5,3,0.2761881867,4,85,1,5.775193935,0.4272839477,1,1,0
37,26981.01032,11,9,816.4864093,19922.4977,60,4.956861812,0.7386547862,2243.586563,26892.69865,3825.248416,1,19,5,3,0.7581119149,5,63,72,8.356071128,0.9044229813,0,79,0
64,37105.14386,13,25,736.0316544,44088.14457,48,17.90444488,0.4126572471,2344.386891,18749.68914,38628.42593,0,6,3,2,0.5182104032,5,73,64,6.220354897,0.8193306184,0,53,0
60,53187.10532,11,17,646.9541853,2122.373007,24,17.65195251,0.7769530695,2204.848726,20242.36746,2012.019382,2,1,1,2,0.9651752534,5,63,93,10.45439527,0.9649853683,0,75,0
32,37889.30308,14,20,637.2721696,38159.73835,48,4.586175922,0.27001081,2260.461808,9192.113619,1988.147404,5,28,3,3,0.4871675878,4,16,33,8.26504662,0.06051273669,1,61,0
47,59352.1441,11,5,704.8856388,13806.63186,36,10.5601305,0.2987124058,2231.030741,2390.51055,27881.08512,3,7,3,1,0.4599463596,3,34,64,4.227910527,0.09177420216,0,66,0
49,76213.14702,17,33,676.4155935,12375.75751,60,14.5930421,0.6738383051,2419.10205,19981.02117,10625.43938,2,18,3,2,0.9955836202,1,47,62,9.861530035,0.04179538906,0,34,0
34,56838.42843,8,17,621.9977123,22944.82009,36,17.06320061,0.2329303506,2347.162898,21291.71564,0,5,29,2,1,0.368539048,1,44,75,2.972225794,0.7535004506,0,9,0
28,51328.71466,17,28,645.0406579,25767.01058,12,14.05279179,0.1364570308,2467.714998,3053.551475,41668.64944,1,23,3,2,0.4867398565,5,72,84,7.869793642,0.4279565868,1,6,0
25,65189.94274,19,36,638.3513787,15640.5531,36,4.03268161,0.1011456093,2650.100239,1096.226185,7148.672366,5,4,2,3,0.4386979253,3,53,36,6.572559517,0.4901729061,0,68,0
54,73509.91685,11,1,683.1297845,36362.02383,36,12.88422139,0.6858184583,2291.070382,12380.73082,17799.00407,5,22,3,2,0.5077163915,4,98,49,10.01639034,0.01303136853,2,28,0
61,71427.04441,15,11,750.2756834,18775.68427,12,10.48269629,0.5631243347,3300.925462,566.0337714,36938.31696,4,7,4,3,0.3212152544,1,27,40,3.757802914,0.02508302467,0,12,0
20,74229.85737,12,26,729.4410965,23417.31897,48,14.77566188,0.8726953798,3579.619043,5688.070485,33797.4784,3,10,1,3,0.5612982977,2,48,73,5.528858424,0.7519340667,1,71,0
49,60975.15791,13,28,728.2421238,25690.35723,36,14.41173425,0.05081569626,2935.658482,0,16103.39852,4,14,4,1,0.9541748378,2,98,21,11.5606475,0.3727687419,0,96,0
19,52309.39693,13,1,583.9662314,16977.48382,60,5.996626099,0.7856292698,2997.725711,0,46792.57053,0,0,2,2,0.686656445,1,93,94,8.891184405,0.6040250149,1,43,0
52,54749.15091,11,32,620.5923733,13825.4223,24,11.6989679,0.2989645467,2330.709955,24574.35407,10308.72866,4,13,1,1,0.2857844717,1,83,26,7.167765409,0.4081502899,0,71,0
43,67679.1369,10,17,659.5455133,16926.29851,48,13.85671852,0.2355119012,2331.359955,12065.09049,10497.3235,5,16,1,3,0.4103642189,5,63,75,4.953843872,0.07815446103,3,35,0
55,58306.20732,11,6,738.4439429,10034.73515,12,6.411395837,0.3089471567,2987.129047,13412.11332,35179.19959,5,17,4,2,0.8413375555,3,51,83,5.911669244,0.4769459406,0,42,0
22,60110.4496,17,29,729.4664657,40147.19162,36,5.981832084,0.5881632734,1677.935965,11506.49771,29707.84836,4,21,2,1,0.7989675888,3,46,79,11.34321209,0.9189701498,0,14,0
46,81825.41506,10,27,572.6938672,37342.20265,36,14.92102565,0.4665542796,3867.540742,7424.077571,32711.05416,5,12,1,2,0.07431837926,2,48,90,4.142113063,0.6557408247,0,71,0
56,46721.24436,11,19,692.0762462,12015.42684,60,11.56647912,0.7618808617,1427.119507,20888.40566,29364.87426,0,10,3,1,0.7849487271,3,9,71,2.212737272,0.6081261103,1,5,0
31,67829.01502,10,32,655.7879765,30301.73233,24,3.144493379,0.4294759516,3302.411235,7992.081969,30431.86118,3,4,1,1,0.7351745375,4,72,29,6.334109689,0.9876008437,2,50,0
60,56539.73715,10,8,703.3054029,20492.81796,12,5.472079175,0.2373600908,2849.19099,7621.336306,42044.22289,1,7,5,2,0.5416135579,2,64,28,1.480902001,0.914534801,0,41,0
40,52084.06317,15,18,771.0963481,11638.45349,12,6.258912719,0.817575665,3586.445026,20717.7053,6173.597843,4,8,5,3,0.5277756921,2,75,66,7.616700668,0.8078964983,0,75,0
49,56575.01712,18,4,708.8519849,12130.20809,24,4.706861299,0.7104501507,1827.003477,16778.88526,13096.29091,1,23,4,3,0.07927716652,3,56,44,4.572689243,0.4376022937,1,83,0
32,78442.67304,10,20,653.936187,44289.94603,48,5.388460355,0.7391538845,2197.82438,7348.012313,21493.66793,4,21,4,2,0.1206328314,4,41,80,4.550553159,0.3694880052,0,54,0
61,61241.3723,10,7,569.6017623,22959.28857,24,14.26371629,0.1098762539,2498.838366,31296.23776,61782.81771,3,21,3,1,0.9016057246,5,98,17,1.318249795,0.3794381052,2,76,0
46,39005.30569,13,34,617.7314011,27445.39962,12,8.527190592,0.8005866375,3096.088278,2466.473405,18623.10982,0,22,1,1,0.1440784868,1,55,10,5.217684142,0.404279075,0,99,0
40,26161.57113,17,14,602.3231725,24316.63354,36,17.57049646,0.792692022,2722.298613,7461.527714,14271.19929,3,1,5,3,0.3576307386,2,73,6,5.457491916,0.1060501481,2,73,0
31,55038.25623,9,39,714.1629842,9551.022171,12,16.1603565,0.1310442777,2707.841668,0,25003.08048,1,25,3,1,0.8482184621,1,79,6,10.27374474,0.3539586084,0,57,0
36,75347.22676,18,15,616.5168358,21227.69111,36,17.67872399,0.1103208909,3029.050729,15752.22714,19141.00012,5,22,4,3,0.7152741425,2,96,96,9.687340038,0.02767168459,0,91,0
19,45434.26506,11,7,661.153564,48377.80049,60,16.72079222,0.1108784351,1545.886909,4652.209828,29133.07205,4,28,4,1,0.6625367386,1,81,38,10.75417559,0.01517548149,1,89,0
46,64800.55747,14,8,713.9188721,30675.11712,48,13.44610116,0.8143483041,2778.265737,41025.94033,28890.58166,2,4,2,1,0.5184535701,4,18,9,2.636925897,0.03738907815,1,8,0
62,69397.17341,17,13,607.1288191,38792.83379,60,13.58563059,0.6876611297,2372.515279,25448.03926,42484.5254,3,20,1,2,0.5602908098,3,64,87,1.08007918,0.2755357741,2,9,0
52,40130.18579,8,26,543.2027194,3360.561573,24,4.156363099,0.543479429,2752.159144,16259.84014,14460.56128,4,21,4,1,0.850543516,4,6,2,8.446491046,0.06631861741,1,94,0
61,72623.34517,18,22,664.1655325,19664.00189,60,6.287241693,0.1450308603,2382.446753,12333.58085,19716.45611,5,26,5,2,0.9673005355,2,38,73,0.5371930785,0.2904883498,0,23,0
63,74221.40731,15,0,712.5539164,30922.09359,48,8.831687806,0.07260325038,1535.079952,6634.409307,19660.53559,5,9,2,1,0.7301425535,1,79,100,11.76763095,0.3360631664,2,88,0
51,64389.33226,8,8,622.4271925,10483.96653,48,14.65678484,0.2242625523,2633.690459,25343.55906,20293.52722,1,29,2,2,0.5455212109,5,46,8,1.32116713,0.4158011077,1,17,0
63,58958.74404,13,13,734.8182689,41613.36262,48,15.78019512,0.1047188294,1629.443082,11765.43607,24994.02194,2,9,1,2,0.213834145,1,96,23,11.0982898,0.6207139851,0,28,0
55,82827.77386,15,9,693.3717573,46397.56295,48,6.473621168,0.5844743731,3635.415279,6219.818169,18406.16095,4,13,3,1,0.2226688373,3,93,99,11.94727088,0.175208666,0,47,0
44,52415.64953,19,24,620.4107623,31216.27757,36,16.93717091,0.5512896931,3397.339904,31544.89075,7530.71862,4,29,4,2,0.03517214503,3,30,95,6.750353217,0.3386332279,1,92,0
44,41291.55466,12,35,676.6575261,26936.31586,36,15.46319184,0.8255832742,3430.454425,15832.45471,20944.01048,1,16,4,1,0.1972705627,4,81,35,8.140148252,0.8452782731,0,66,0
49,55695.3223,8,14,660.8667068,44869.47241,48,10.89867195,0.6367900337,1110.123413,21504.5759,24324.95821,5,18,2,3,0.5374414729,5,24,49,11.8006257,0.9789566262,0,47,0
38,61232.91298,15,33,673.8610498,32161.33424,48,9.432229959,0.8345446882,3416.762176,11378.33771,0,0,8,4,2,0.3143061191,2,84,33,10.65084636,0.7315870896,0,60,0
41,75927.89767,9,10,695.8415133,21595.22603,24,9.057122384,0.556119751,1258.533248,37453.55643,52808.47313,1,23,1,3,0.7526604163,1,69,76,3.733084407,0.08941495784,1,17,0
62,55940.07531,18,21,689.3920757,25484.2024,36,7.982189273,0.6535617901,2504.074243,16391.50993,4859.808716,4,21,3,2,0.9652019773,3,41,76,6.428730656,0.07474803278,2,8,0
30,78901.71818,12,34,610.8201595,38980.06034,24,11.95085274,0.751905127,3817.205374,14156.42941,42872.64935,2,21,1,3,0.3867837912,1,71,66,3.4110625,0.7056964649,1,13,0
51,42802.84619,17,31,571.381103,26101.6998,60,15.0359802,0.8662613755,1897.037548,17205.27271,17061.35071,4,5,1,1,0.1240250073,4,17,82,10.3298754,0.2289842873,0,77,0
32,67493.02462,16,36,615.4579196,30030.51807,12,16.37320076,0.8106914262,2982.145126,8902.896832,11380.71635,4,27,4,1,0.2642736548,5,11,7,2.52427813,0.9807682448,0,24,0
20,67178.17153,8,37,646.5290831,8134.719336,36,9.744842029,0.833053536,1674.76767,36787.55457,0,4,22,3,2,0.9940048907,4,73,67,6.375080492,0.8160916258,2,1,0
49,69248.90484,13,15,781.5633996,4794.706677,60,14.8784716,0.8202128228,2424.756204,19767.7419,23995.04994,5,4,1,2,0.373380602,3,69,70,2.993470666,0.3030278685,0,47,0
64,61355.82001,16,32,723.0895192,34775.0625,48,4.593703766,0.8333084549,2592.672591,10312.39496,32505.1751,1,18,3,1,0.5938481939,5,67,21,2.087895417,0.5073111662,1,86,0
56,58964.18975,11,29,682.0295604,16395.00289,36,17.27322169,0.5518913817,1628.007665,32486.41266,21665.55628,0,8,4,1,0.4398466871,1,90,51,3.55845782,0.2201222698,0,83,0
58,60755.97296,19,19,600.5819016,31093.77613,60,17.06631165,0.2076357506,2081.002541,24156.69896,45700.2244,4,15,3,1,0.9945413752,2,91,36,7.957966964,0.182151344,0,70,0
61,46761.99586,9,2,607.2262533,32032.40102,48,9.512566647,0.8695236286,3510.278752,6271.902237,47854.16663,0,14,3,1,0.1594607633,2,88,8,6.472872782,0.6606505544,1,74,0
48,74775.86887,8,18,707.1890508,37307.22644,12,3.777059939,0.4178368844,2000.619672,9619.574975,16962.67398,4,16,1,3,0.51215743,1,57,96,10.42922187,0.3675900426,1,30,0
54,47669.62846,15,25,592.2803531,20496.55688,12,14.05804074,0.2122682231,2125.827524,6925.942517,11706.18327,4,7,1,2,0.1141307322,3,27,51,9.841033483,0.6246560921,0,94,0
32,27769.60692,16,28,592.5094814,20628.56911,60,15.69543875,0.3500951561,4464.280179,0,15455.97975,4,10,5,1,0.9111695728,2,76,79,10.8739115,0.1906097777,0,76,0
25,59785.61864,16,29,784.0359328,19239.2582,36,13.76135653,0.7084869016,2290.133191,9065.737678,0,2,9,4,3,0.707778411,3,25,33,7.267614309,0.5625998538,0,27,0
39,60869.65218,18,28,657.8352779,38566.07374,48,15.21200152,0.8058893132,2462.234954,18302.39754,0,2,4,4,3,0.9820897035,4,89,81,5.648593794,0.9898779144,0,97,0
37,60524.76489,10,1,585.2941704,11460.60736,36,17.28775786,0.6070859065,2196.141676,10754.32323,21750.25246,2,23,4,3,0.7602110615,5,39,30,2.510147981,0.8864465719,2,51,0
26,52258.05239,17,20,660.5019039,50498.79825,12,7.808447617,0.1435155029,1980.961283,0,18542.24815,2,11,1,3,0.1784849172,1,60,96,4.098538089,0.313255883,0,89,0
38,68796.41977,15,27,649.6356462,31714.97023,36,13.69007359,0.8847782079,3252.589986,18311.38656,32952.56885,2,24,3,1,0.01058284166,1,2,26,1.509149022,0.849639486,1,52,0
20,62470.81408,17,0,753.926049,4954.730701,12,10.79830197,0.8444816593,3359.993602,13413.11242,29158.35221,0,11,3,1,0.9718312007,2,52,99,2.337929309,0.646745785,1,32,0
47,58023.25828,13,5,525.6473871,21958.1373,60,7.248517266,0.5523905191,2348.723356,7119.053469,23906.81043,0,17,5,1,0.9061855482,2,8,74,8.840611314,0.6972128163,2,14,0
29,58395.00429,15,4,736.9452456,31455.16397,48,14.30262086,0.10272281,2914.984675,18608.81471,31074.63088,2,21,5,3,0.7224914768,2,71,22,4.447728678,0.2031572934,0,14,0
32,31306.11036,9,13,836.0443872,1000,48,16.16586978,0.6883897952,2488.892893,6269.218154,43312.53629,2,16,3,1,0.8404438649,2,94,70,1.253883931,0.4006886794,0,5,0
53,75618.7697,11,6,626.9029332,34105.55947,12,3.128018268,0.3245465969,3006.847212,17146.01615,34951.17717,5,6,1,3,0.05971083061,5,13,36,2.612061023,0.8097544019,1,96,0
22,38088.88062,11,8,584.5833041,18180.227,12,16.80388967,0.7847750981,4024.190614,10192.1269,27998.49528,4,28,5,1,0.9586782539,1,76,73,1.112828966,0.9120953808,0,39,0
23,49757.58833,18,36,579.6866088,41502.40157,60,14.86529989,0.60593429,2421.73724,2660.051026,31732.43571,4,2,4,2,0.101424372,3,24,17,9.247966717,0.1834872829,1,84,0
22,64362.63611,14,38,666.6364086,13001.37055,36,11.34909625,0.4594884588,4069.588816,33374.5794,14750.73302,4,5,1,2,0.09062571347,2,68,9,1.762838271,0.8667656999,1,24,0
48,81110.88153,15,13,676.3828419,37165.71474,36,7.909235887,0.491182678,4278.168593,14723.09813,32708.67384,0,1,5,3,0.4589617787,2,12,95,10.05252777,0.4831236633,1,82,0
53,53594.10063,14,3,645.2090374,31562.21619,48,12.56937029,0.7646736089,2322.443398,27155.21745,4220.320218,0,6,4,1,0.04721067676,1,78,81,3.602680116,0.07380156937,1,68,0
26,45299.16256,16,10,603.6150693,26502.01665,48,16.56897386,0.2218879569,2779.942207,12778.63771,50784.06837,5,17,1,3,0.08946483327,4,99,43,1.057685467,0.2723886829,1,21,0
39,52385.07396,10,27,716.5486517,29749.77387,60,10.06686246,0.26717319,2368.094027,0,14343.53784,4,5,4,2,0.5672713247,5,35,62,2.069599069,0.4274852605,0,86,0
26,75162.3032,18,38,676.1822397,17853.94809,48,17.04344399,0.2424403459,2154.763488,14547.60344,26790.09917,4,13,5,3,0.9624046837,1,15,81,5.031288755,0.4097389603,0,60,0
47,53588.59309,15,39,660.0896889,38512.67831,60,9.267282996,0.4999965619,2214.727374,33743.40816,57793.19035,1,4,5,2,0.135970293,1,32,61,0.5614730413,0.4730665702,1,52,0
55,64954.30801,12,34,667.9394006,31351.78041,12,11.55925951,0.4991500344,2806.573835,2141.067066,50922.91333,1,14,5,2,0.980118601,5,22,87,9.303259392,0.6466017114,1,45,0
28,59173.25461,16,18,699.5554958,51905.72297,36,9.076346895,0.3469095601,2476.679234,3558.31261,18829.48153,3,14,2,3,0.02751571636,1,89,53,1.286502469,0.7097119464,0,74,0
21,68276.45245,18,2,697.5176482,18074.14219,24,9.272381176,0.5337375661,2431.780624,10861.84407,41509.54255,0,26,2,3,0.8478862124,4,20,47,3.957446423,0.4304997193,0,61,0
54,55344.74294,9,14,627.1018104,31080.75575,48,13.62173398,0.5482820419,2907.468716,16329.98311,10818.45519,3,2,3,3,0.2294687554,1,82,22,9.391435252,0.7766042694,0,87,0
47,75541.34684,11,23,693.3889935,8243.274974,24,6.480829915,0.1841050786,1091.715071,24994.83475,13821.85794,3,2,1,3,0.7575002376,1,65,37,10.10583585,0.6483819647,0,21,0
52,47958.59528,10,38,631.1351519,39009.64525,12,3.186254047,0.522213906,3323.265011,20297.36615,14988.97063,5,28,1,1,0.6949683115,2,52,30,10.90394749,0.8954025619,0,68,0
38,40082.91122,14,29,686.6541129,31606.32626,24,12.54956362,0.780657073,2373.66977,12330.12737,24391.03611,5,8,1,2,0.719984606,1,41,18,9.492451808,0.1599884389,2,79,0
48,73343.21385,19,37,731.5762053,21405.39886,60,6.340189645,0.4087312718,2285.495553,15440.99175,0,4,19,3,2,0.1383034875,1,58,21,11.76694693,0.8552649233,0,57,0
64,79454.40994,19,28,631.2667506,28933.20417,48,14.72732454,0.332553908,3756.518948,3525.351809,11079.87112,3,7,5,2,0.62381102,5,37,41,6.124663319,0.7542519522,1,97,0
53,52156.66299,11,15,631.0659936,25822.03538,60,10.17220616,0.3177478516,1342.0285,12827.26112,7788.124502,2,14,5,1,0.6990592572,3,25,75,11.80002517,0.8743202881,0,91,0
55,76491.01457,14,29,598.3831516,21938.21429,36,10.05771642,0.6637677326,2525.523837,6058.240306,19435.77942,1,26,3,2,0.7772176389,3,4,28,4.466663716,0.7444203765,0,64,0
22,92376.27684,12,16,648.993573,38009.60762,48,9.005089391,0.3263214286,1387.805007,1081.194704,21892.41282,0,14,5,3,0.7490662039,5,70,21,2.466630911,0.7242985816,0,60,0
32,50456.34742,12,37,596.1376915,43397.5153,24,3.379063561,0.3179324387,3784.435484,12649.39195,4475.247185,3,8,4,2,0.8233523509,1,46,81,9.061034682,0.005744053025,0,37,0
42,43732.33003,19,27,800.5079976,22414.26569,60,7.163627324,0.09157092416,2944.021837,2111.753263,35774.43056,3,19,1,2,0.6934718455,4,62,50,6.550397207,0.859868698,0,100,0
34,49547.53039,18,18,709.9486753,36258.43167,60,3.76770481,0.7602413903,2894.148399,9026.77227,10538.4096,3,20,3,2,0.4351779454,3,13,49,11.61361496,0.0193048882,0,43,0
54,70161.49571,8,19,730.7770987,11150.55153,36,8.937787357,0.5446603592,3464.900463,5565.763466,10197.78014,2,17,2,2,0.8881208997,5,11,84,5.52391511,0.3151189485,1,50,0
58,63308.94639,13,14,647.6368164,27261.92915,60,4.89138786,0.1302625146,1722.589732,23048.21072,6076.499387,4,1,5,3,0.16309517,3,40,11,8.531899189,0.7925374272,0,63,0
59,48009.68526,13,23,660.9132366,7543.418412,24,17.82418962,0.7382831845,2326.640083,5581.115204,6735.675855,2,24,2,2,0.38070589,1,72,48,3.448332329,0.5302969958,0,21,0
63,20256.09718,8,22,592.9757439,36298.06585,24,3.45624048,0.6258587727,2534.904751,7189.365462,23263.96209,5,15,3,3,0.1060539549,5,72,78,2.054723593,0.9409777097,1,98,0
34,58072.10245,13,1,717.9384568,26171.78029,60,8.753210675,0.596907668,2140.317464,0,15886.97612,4,29,3,1,0.813670956,4,48,98,7.155708675,0.8174042517,1,80,0
18,63915.90092,15,22,703.0868263,15030.43419,24,9.523679929,0.6965507094,1593.753876,18828.7921,49164.01132,2,29,3,3,0.9840680093,2,17,19,4.868760915,0.713998247,1,77,0
46,41166.23044,11,3,654.392598,44832.28676,24,13.39464937,0.2966659532,2113.339464,13600.22578,0,2,3,4,2,0.1030844268,3,85,45,1.545713553,0.4395918402,0,47,0
53,34953.52808,9,32,587.963702,41649.28241,24,14.26628752,0.6445414611,2258.811556,11124.24376,45950.21104,3,12,4,1,0.7934929997,5,15,66,8.395013698,0.325807497,0,54,0
36,63829.50606,9,0,698.518255,32338.94627,36,14.27887519,0.4496639551,2774.44278,14454.82936,38334.44928,4,13,5,3,0.1766522382,1,29,75,2.477550807,0.2333012426,1,35,0
46,77609.03535,14,15,620.6604284,39641.16247,36,17.12446597,0.2659196447,1375.345577,25174.02709,27642.95697,3,22,2,2,0.2773998425,5,20,84,3.634525393,0.6001823226,0,75,0
64,70536.68487,11,5,772.0954244,9210.274425,36,14.91955471,0.8009939423,2109.272031,24880.61456,15073.14933,5,3,5,3,0.8042785942,2,72,39,6.196003395,0.8247845707,0,4,0
34,53654.45207,10,9,709.9879913,27320.2165,60,12.05875009,0.8834459721,3286.881974,5964.315352,0,4,19,3,3,0.2057468768,2,69,70,1.249747012,0.02829788158,0,4,0
40,62120.81138,10,33,740.3785267,35543.88938,48,8.079735078,0.1751144792,1529.059431,23758.67602,34880.91782,2,13,4,3,0.3376840329,1,56,100,6.713525005,0.2573512486,0,89,0
49,39998.2478,16,34,716.9266537,23282.01371,36,17.02881016,0.2538218449,3814.380557,6411.428624,869.431565,5,11,3,2,0.424484994,5,73,49,9.418460598,0.2958036432,0,86,0
58,75017.68078,9,6,690.6784816,29043.7475,12,4.716473558,0.5236243444,2260.116327,17089.60907,17262.56851,1,21,3,3,0.4434492565,5,90,7,7.746634251,0.8713477455,1,53,0
48,58727.16975,9,22,670.7859199,32605.52247,36,11.922025,0.8985836987,514.0568457,34201.38664,8395.030258,3,7,3,2,0.5691210712,4,74,16,1.306123553,0.04109102224,0,5,0
60,46711.48423,11,36,664.5214902,25896.75868,36,4.692427031,0.4137896402,2734.041779,16038.62339,17958.78928,0,2,1,2,0.0222152001,3,6,94,10.26330742,0.1559323005,1,8,0
36,67219.36752,10,30,731.4742001,22759.32332,48,11.23456642,0.8753349553,2504.758683,13864.92653,19790.43833,5,27,4,2,0.3757814407,5,92,84,6.947135656,0.9854934206,0,50,0
32,75292.89905,14,15,556.332037,36824.757,24,14.88577673,0.4512054005,4076.202213,12379.48303,1799.720639,2,12,2,1,0.2729289051,3,58,47,8.70642054,0.892735522,2,46,0
36,63366.37545,17,4,673.1673109,33493.7415,60,15.78287499,0.803979684,1623.739338,25150.30398,19823.27333,3,9,2,3,0.03622336188,1,87,90,3.947305855,0.6675228612,0,89,0
36,49991.6401,9,8,643.3160645,11727.00753,24,6.820450943,0.5970441606,3348.730969,46360.79379,18302.26219,1,12,1,3,0.7638399728,1,18,23,8.649244476,0.7084450615,1,66,0
40,93001.15545,8,11,575.6055064,43731.66443,48,6.268539338,0.1064788258,3970.699559,3326.993525,26815.40736,2,27,4,2,0.6704274467,5,76,11,11.44304252,0.09550745345,1,46,0
30,64276.04972,13,37,705.3192215,31696.08727,12,16.09774942,0.6318017999,3525.456709,10935.15756,32594.47576,2,3,1,1,0.1182919607,4,80,59,4.756374056,0.911395931,0,34,0
57,51286.18123,12,6,773.6991345,40053.76347,60,13.17150299,0.3820109691,2426.124028,14862.69911,15612.97553,4,20,3,2,0.08517463459,1,1,35,9.40172168,0.7749525197,1,93,0
34,64663.81853,8,13,576.7252745,6871.210579,24,12.78870418,0.6384466377,1617.893012,25472.69678,14204.56699,4,12,4,1,0.2872693402,1,54,79,10.91865667,0.5412273567,1,9,0
49,52300.21954,10,31,622.553988,20898.79604,12,10.88881373,0.1118988134,2327.071258,20164.45781,40706.13441,4,25,2,3,0.04008591845,5,21,59,4.318250968,0.3539420804,2,60,0
57,36430.46942,13,7,768.6299277,1000,36,7.277407111,0.6776713554,2826.173925,17372.05263,51411.60159,4,19,3,2,0.5963646244,1,48,41,2.954013085,0.4371105054,0,80,0
18,41653.06217,17,24,664.8656371,28059.56506,24,6.592557587,0.6364830874,3272.315826,13838.39721,15372.84891,2,3,3,1,0.2429785834,5,20,10,7.82775159,0.04713522376,0,13,0
52,71105.19656,11,30,751.8032927,14306.68491,48,17.83357884,0.1438646399,3680.926,40067.7817,12532.64567,5,14,2,2,0.3121992587,3,27,84,1.462948879,0.3665166087,0,15,0
55,37992.57638,18,6,626.8174212,38499.72086,60,15.78405681,0.8388518264,3176.800281,6893.920006,11203.33445,2,29,4,2,0.571434324,1,13,56,8.385544809,0.7620833752,1,68,0
58,61939.48427,19,32,797.1053911,1000,24,10.89369442,0.8932751427,1662.85242,8065.398529,26659.48351,0,21,4,1,0.7931564143,3,17,56,1.312457146,0.7150439189,0,87,0
64,63777.75536,18,33,784.9330221,31703.28525,36,6.063379698,0.5871014282,3011.595431,10832.76707,29671.16073,2,29,3,3,0.2890886757,3,87,95,2.684673693,0.9852793838,1,23,0
22,62085.82573,10,33,653.1993439,49682.5357,60,9.905652713,0.6364130756,2473.842797,38093.63529,20416.84623,1,11,1,2,0.5876585215,3,82,53,1.56387006,0.957378231,1,78,0
51,93282.36042,13,39,608.5602017,19865.98155,36,9.444218302,0.6407207585,4294.309168,9698.017014,32428.0651,1,9,3,1,0.5789163141,5,33,71,7.420070571,0.3138774836,0,47,0
39,65613.19356,19,21,673.9011569,24633.14533,36,16.23188554,0.6214474292,3088.491277,13692.27478,0,2,19,3,3,0.725329582,2,30,24,10.91030004,0.7453270558,0,85,0
25,52735.45016,10,19,646.6918602,21023.32166,60,15.97783751,0.7946888199,2039.277245,38345.86607,28975.02711,1,9,3,2,0.8667342394,4,72,32,11.4392391,0.007377848016,1,15,0
18,79282.55389,12,4,759.0044658,32515.43865,36,9.846432293,0.6590730805,1970.650152,13260.67156,8106.86015,5,21,4,2,0.005456530062,2,36,71,10.68243053,0.7695913656,1,43,0
43,57460.21663,8,13,742.252923,18682.42599,24,16.1044265,0.4401836914,2490.698007,373.7720397,7955.375268,5,15,4,3,0.0706055145,1,18,12,9.70817775,0.5734530716,0,99,0
51,59690.57094,11,22,632.9682692,9897.161962,48,4.336381717,0.3831747013,2831.000875,6363.308371,8371.044767,1,12,3,2,0.6525473533,4,4,97,5.61171278,0.8034281732,0,73,0
61,64695.79329,13,24,672.2159269,40684.56131,36,4.376594193,0.8001921566,2867.728261,21601.34561,40988.14352,4,23,3,1,0.1904909547,2,18,24,3.791226338,0.6323407815,0,93,0
22,56302.68862,13,13,749.8531494,9865.19123,24,5.09983079,0.6962823237,1111.980592,11100.1747,26851.26983,3,15,3,1,0.342409637,5,53,97,3.019194537,0.7781158578,1,8,0
64,45747.62824,10,4,708.7753594,24117.29018,60,16.52759279,0.5698565037,2430.840579,14740.75175,4692.845858,1,15,4,1,0.9081284603,2,95,36,7.739645982,0.7350793307,2,20,0
42,49651.97935,14,4,744.6239342,13169.47843,24,6.653167621,0.4375077827,3043.903155,8971.344693,45623.11893,2,4,3,3,0.4485110886,2,69,95,4.217608216,0.7441500586,0,98,0
50,65895.63638,9,29,726.0004607,28845.38208,24,9.568417072,0.3090998107,1756.033504,17750.17633,12460.68415,2,2,1,2,0.2723959277,4,56,16,7.83268344,0.2425101245,0,71,0
51,47336.40877,19,31,724.6579956,53601.68466,48,10.17427003,0.8707758603,2293.632862,21978.64287,35137.48718,3,28,1,1,0.7913569572,2,19,21,0.5859692083,0.9758474631,0,91,0
64,56089.27091,11,18,775.3600416,21337.72301,24,11.15138226,0.2359107963,1544.252248,7614.238041,38022.25812,3,10,4,3,0.4350524009,3,32,19,9.070207075,0.8954433258,1,49,0
44,45179.5525,8,21,672.2835999,34642.98991,24,4.867050321,0.8575602263,3324.430588,37122.63626,39179.89108,4,23,4,2,0.3137171175,1,36,89,11.82639439,0.1487550802,0,40,0
61,85027.96174,19,22,721.1699504,40180.49409,36,11.59930625,0.6082244781,1931.071042,25486.18471,11386.99853,5,5,1,1,0.9056606383,5,28,27,7.000811395,0.7025200945,1,42,0
40,32362.57849,14,38,824.3410071,44865.96921,60,16.2327553,0.7171031546,2479.205292,14140.33949,4194.187473,4,13,2,1,0.5032107294,1,30,54,11.57872262,0.4884066418,0,19,0
42,70133.52532,10,35,696.5163738,35779.05586,48,17.63160445,0.5879946172,2744.34378,16089.85398,35754.82914,2,17,4,3,0.5169082116,1,1,10,11.18650498,0.3378644974,0,24,0
64,54413.73233,8,36,632.0510275,17007.54675,24,11.62096947,0.6808924009,3108.028739,15618.70925,33769.52714,1,5,5,2,0.08729615272,5,70,13,10.62377781,0.6922349221,1,83,0
21,47529.60915,11,20,582.6313529,25469.62911,36,5.864168236,0.8517952105,2255.697483,8742.978272,15208.93583,5,21,5,1,0.3905608957,3,27,2,11.04880969,0.6579362135,1,26,0
25,61609.60727,9,1,702.5120717,15773.82636,60,8.828445701,0.4059640194,1702.205454,22857.81468,34292.39601,2,16,5,1,0.8212587779,1,90,81,9.290985506,0.4989022743,1,39,0
35,43661.74133,12,26,658.2162007,32760.53689,24,16.23780226,0.495380224,3038.290973,23129.26514,1805.772709,4,2,1,1,0.8433468001,4,88,94,0.7674420732,0.2196172765,1,54,0
53,74633.65796,9,22,605.6241122,47146.18022,24,17.41530305,0.3671542819,2601.987939,27159.83743,43793.75663,5,26,4,1,0.5419624798,5,59,26,5.852971016,0.4195249715,0,46,0
55,59177.79242,15,31,684.9356194,22423.01309,60,13.4111843,0.7085610951,3423.759172,0,45199.25393,2,16,2,3,0.9556294409,2,4,57,9.613097901,0.4548687903,0,95,0
23,49009.58916,13,33,617.7040928,29436.9506,48,17.35673122,0.5885462716,2489.652697,22306.91879,17489.79933,4,22,4,2,0.02778239192,3,31,99,2.715859065,0.4719973697,0,95,0
63,45903.73592,8,12,694.8239748,23819.09956,24,4.090680691,0.1123756845,4357.09009,25815.41458,19384.20421,2,28,5,1,0.6276989965,5,91,18,4.338302007,0.5977357985,1,54,0
29,47537.63013,9,30,642.7273648,34434.25441,60,6.395198151,0.5667250442,2479.412425,8926.157589,22917.41484,3,17,5,1,0.9823589918,5,13,10,3.435818485,0.06056825317,0,10,0
21,42160.80587,15,18,769.701908,12079.49354,48,3.028639903,0.7676321237,2944.667172,8865.905018,55925.78989,2,24,1,1,0.6157058289,1,68,59,10.04251013,0.7809398401,1,69,0
36,58873.4969,14,31,713.0814527,27336.70446,24,15.67024914,0.5885501656,2696.075846,14470.31771,23474.7521,4,12,4,2,0.3539034576,4,100,18,3.293393816,0.3083953521,0,65,0
40,62611.53646,11,14,583.5280409,16463.64913,48,6.862619915,0.2695327065,1973.046518,13265.72658,16436.07735,1,12,3,3,0.9982769748,2,95,89,8.126768098,0.03130358825,0,3,0
43,43795.69121,18,11,681.1384966,26745.47163,60,17.82491972,0.5052525176,1681.626381,32637.89896,16042.16055,3,20,4,3,0.1530291719,5,7,8,10.86822359,0.3140043567,0,75,0
30,43889.81796,19,14,766.0803918,19954.34312,12,17.09357712,0.5533971477,2784.071908,32058.93813,19563.72704,4,2,2,3,0.9312854286,4,62,97,10.27198938,0.1161717124,0,56,0
63,56074.42131,18,29,713.061717,36121.09753,48,14.01333604,0.8138289185,1044.335206,0,8332.063882,2,8,3,3,0.4107176221,4,20,55,2.333557655,0.8128303155,0,62,0
63,49677.76072,13,16,747.8730025,22830.75533,24,13.33716436,0.620553017,2586.058678,28387.17794,22409.59317,2,12,3,2,0.3132141942,4,33,70,9.359575802,0.05452836355,0,74,0
43,40234.26017,9,32,559.2304465,9889.088101,60,13.97399825,0.07168283758,2638.083843,8735.256496,18243.79159,2,19,1,3,0.4234770653,1,51,70,2.510049285,0.5978314632,1,84,0
20,82363.18747,19,10,653.8459157,10601.47981,48,10.37555314,0.1893465915,2341.349442,9344.124778,11322.39295,0,3,2,2,0.8332790261,3,23,79,2.18228563,0.2856956636,0,60,0
57,71574.95346,9,9,730.4109007,28387.35604,36,14.96162391,0.09093736298,1591.642755,16075.66964,23266.60143,5,25,2,1,0.5869142564,2,54,7,10.27784591,0.9429548235,0,49,0
51,34488.45095,8,0,628.1239457,13274.82834,60,6.94783881,0.598671347,928.8420604,14006.05153,10917.44286,5,2,5,1,0.2702718366,3,5,13,10.3906783,0.7167631531,0,86,0
63,73636.37508,11,11,836.5132286,55200.325,12,6.977238389,0.565892549,2226.066616,8189.703241,42530.2282,2,23,4,2,0.9284552049,1,100,79,5.40211145,0.7590084057,1,54,0
54,62059.04472,19,36,688.667053,31281.14623,48,11.63812779,0.7952925498,3307.889736,20833.54101,39503.27763,1,13,4,1,0.8322559024,5,30,24,6.786174417,0.3616452089,0,7,0
47,40113.91927,8,32,657.2192179,19504.97251,60,3.935233327,0.8989085973,1735.377065,8251.210709,17860.81143,0,27,3,3,0.6841715002,3,15,38,7.109468146,0.9608252438,0,40,0
48,68246.19961,12,23,658.8095594,1000,24,15.85682084,0.6715241721,3353.792056,2690.649336,0,3,4,1,1,0.4804781789,4,45,59,3.629782407,0.9090621089,0,9,0
31,32929.06038,8,32,690.7258353,39313.70666,12,7.412980008,0.1334535936,2818.573961,22480.90885,4965.812719,0,24,2,1,0.1403475167,3,65,6,11.36136696,0.1675728892,1,79,0
53,35823.67448,9,15,710.1669605,32526.87581,60,7.262287938,0.8957674935,693.0891093,6598.75875,25878.61499,1,21,1,2,0.7287432527,1,44,49,6.629866531,0.1883292214,0,78,0
58,69876.15444,8,33,659.3261989,19873.42082,12,4.05370634,0.565244732,1487.122146,25383.90642,46891.54686,1,19,1,1,0.1794034133,4,34,99,6.950557022,0.3106146767,1,83,0
52,47664.23165,11,5,676.4216959,15078.97465,36,6.938026496,0.2826289537,3651.865848,14503.03414,19709.6774,4,11,4,3,0.8858850515,2,82,90,2.119024262,0.7132426612,0,5,0
48,63931.00709,19,7,712.4699341,3945.708037,60,10.54350212,0.543481246,1709.697592,14887.64739,34339.73858,4,25,2,1,0.08124498931,1,12,18,1.784948913,0.5293967405,0,3,0
64,50167.55923,11,13,808.4265386,20557.52836,48,6.750626424,0.7445298157,2976.976045,12908.9417,4432.667979,3,26,3,3,0.3909447575,4,41,30,1.305654357,0.7882420733,1,12,0
53,47491.69307,10,21,697.0048786,28973.1702,48,15.53407245,0.4711465106,1855.600457,8750.784709,25948.57843,2,18,5,2,0.8457768984,4,77,54,11.97908815,0.5138776047,0,65,0
30,65746.47985,8,28,542.156612,7064.790312,36,17.23371057,0.3364180859,3332.535794,16701.84583,40716.41138,3,2,1,1,0.263226754,4,66,78,11.72970492,0.05104438109,0,100,0
60,58576.37902,17,11,663.492982,10433.57254,60,10.63056311,0.4906863096,2514.926418,12104.77835,0,3,29,4,3,0.6399444781,4,5,44,9.035808138,0.6687053261,1,85,0
20,54427.72229,10,17,589.8273947,18783.33019,48,17.18887052,0.7021136901,1527.725669,6793.557299,11208.01615,4,16,5,1,0.5308890823,1,87,50,9.807035966,0.8637654357,0,13,0
35,58268.36006,15,13,711.8628617,16493.80117,48,7.900268178,0.6773588708,3117.127593,7063.590961,40352.94667,3,29,4,1,0.04745683602,2,3,85,2.132265592,0.5305867759,1,18,0
41,87094.72849,8,32,781.2263965,37395.66111,48,14.62666501,0.5633475784,3080.776772,20983.83947,18535.04628,0,11,4,3,0.04843144695,2,93,43,11.51396732,0.9824836758,0,26,0
36,69190.44967,12,35,638.2882509,28093.05343,36,6.983115811,0.1978304806,1956.8573,3363.871198,17507.56735,0,11,4,2,0.06873075547,3,25,46,3.309040181,0.852232223,0,34,0
36,78272.0953,19,1,685.1165795,27157.60758,36,15.31192628,0.5829253763,2722.119758,19644.5106,0,1,4,2,2,0.3622247637,1,38,71,1.488396299,0.1392160224,0,2,0
31,56839.47855,15,10,766.8153345,8017.307225,36,7.064298818,0.4555326519,3795.043606,4007.341999,11747.62278,3,6,4,2,0.7955916103,5,67,82,10.46396593,0.1938579459,1,83,0
35,79429.14625,8,17,746.433199,39879.56874,60,7.650555071,0.497129129,3321.365417,13448.91952,7287.395739,5,22,1,1,0.9357606883,2,36,70,6.395688066,0.1209536411,0,8,0
56,64119.53251,8,21,638.8322521,42499.89781,36,14.28615768,0.6913617808,2771.209257,19134.29637,0,0,7,5,1,0.3134209711,3,92,83,2.373448189,0.8923707618,0,53,0
60,59499.57907,10,4,732.8854449,43455.67803,12,5.700537139,0.2592860671,4493.14323,14808.07283,45619.09191,3,25,1,1,0.2151821095,5,69,83,10.29461528,0.3502440573,2,5,0
46,79654.91919,19,30,581.4587608,40630.69128,36,6.721935697,0.3152885212,1671.426458,24102.8558,39031.97046,1,14,2,3,0.07619737322,4,47,48,9.116471399,0.1626183719,1,85,0
33,42423.83751,13,31,602.8979532,24536.02666,36,7.204375456,0.4867878797,2103.409907,20941.62417,0,3,14,2,1,0.9132383587,2,13,62,9.774248931,0.9450529633,0,26,0
38,67452.81503,17,21,646.8064436,45731.51353,48,16.78468218,0.6574425031,4039.82664,26266.9226,32348.33291,4,6,1,1,0.1045018862,5,52,39,9.818700666,0.006525907085,1,36,0
52,55362.20858,10,2,722.8116025,23691.41256,12,6.274770935,0.7475259184,4462.100909,4612.947578,3467.019442,3,22,5,1,0.4122759235,1,36,45,9.481017172,0.2911477225,0,48,0
44,71657.80477,19,16,709.5074976,27954.70941,36,12.45562459,0.7186036728,1167.577179,19538.53455,22028.71964,2,16,5,3,0.8575821648,3,14,76,7.099693392,0.9475885981,0,26,0
32,50424.23249,10,18,733.4515525,31407.04022,24,10.87012321,0.3078341534,2681.791532,21945.68152,1496.93598,0,24,5,1,0.8901948976,1,38,28,9.673348887,0.8882460882,0,50,0
36,40443.68964,12,12,590.195976,51985.60008,60,11.29267255,0.05423851314,1949.600116,13783.87256,13931.55861,0,19,5,2,0.5588850007,3,47,29,8.883108622,0.5615908314,0,22,0
55,44036.56808,11,5,650.492336,18216.05265,36,7.513776682,0.2796353051,2644.573015,9457.511102,12145.8535,2,2,2,3,0.3994924645,4,74,11,3.289823505,0.8627420086,1,81,0
39,42212.1501,16,1,778.1613837,27753.74798,60,4.054856217,0.3672463648,1541.576342,21693.40714,7373.996687,1,9,3,2,0.2803236943,2,30,80,7.742895099,0.5407900764,1,5,0
54,34897.92826,8,4,594.5511608,16146.61463,12,17.80412703,0.5123138528,3547.127906,24998.86556,23975.31001,3,12,3,2,0.6478980447,2,11,61,5.299074829,0.6482730263,2,68,0
30,43659.25073,13,23,584.0716601,16900.3974,24,11.50331332,0.819983607,2928.425406,27082.51143,0,0,5,3,2,0.8134888617,5,54,59,1.365744057,0.2083452908,0,36,0
33,44492.65023,9,30,722.3247604,31414.79668,60,13.87135712,0.5013370725,2918.581393,13373.98367,0,5,11,5,1,0.04544801971,2,92,56,3.352018795,0.7779113617,0,27,0
53,53682.53251,15,6,643.3128783,4739.242837,12,12.550642,0.421074063,2578.223798,1268.397389,41873.24716,2,16,5,3,0.3162822374,4,54,70,11.52871772,0.09742626803,1,92,0
22,78991.95668,14,4,631.6254019,22819.43074,60,13.47452276,0.8603904627,2710.448276,15999.97519,48147.49067,0,21,5,3,0.2587389889,5,39,28,9.027738148,0.9682705599,1,21,0
54,72307.90447,19,14,565.2820312,19388.81695,60,3.8610659,0.4230487184,2301.91676,14149.83947,26729.87003,1,15,3,3,0.3131916258,1,93,55,4.474026637,0.805403788,0,52,0
18,48357.77851,13,19,694.2984206,13446.98442,24,16.65276394,0.33139723,2329.728959,10764.06893,31253.09477,5,23,3,2,0.9359398701,5,96,23,8.513176475,0.6184514946,1,49,0
45,54677.96766,9,2,725.0453243,27570.15971,48,3.093876599,0.7696684631,2409.698642,25567.42399,48382.99687,1,18,1,3,0.2412181911,1,94,69,2.482093136,0.8578707993,0,35,0
45,43318.05425,11,6,756.678824,9538.833781,36,4.961883978,0.2251374533,1424.722702,7478.266289,38052.62887,2,29,3,2,0.7995561271,1,4,49,6.905745368,0.2295293162,0,41,0
56,91742.37526,18,35,566.9308391,36886.68839,12,17.65543533,0.3501790872,3325.597124,16978.72175,6173.443836,2,2,2,2,0.4466715645,2,58,41,10.78165977,0.8503662683,1,41,0
32,80709.57837,8,35,650.6863353,27138.60932,48,7.22845092,0.378527639,2811.947242,24392.27112,22785.217,2,5,1,3,0.1270620573,5,33,77,7.880301462,0.8635328211,0,96,0
19,59477.30499,9,16,582.9232059,22856.74621,36,16.05400755,0.8507598188,1462.531169,24573.3366,19029.82678,2,19,3,1,0.8315293829,1,48,93,2.591768655,0.2066881489,0,83,0
20,39510.21976,16,4,718.1446532,23617.80101,36,11.19545358,0.794294173,1154.103815,8842.890425,24285.18077,4,18,5,1,0.03690647119,4,19,72,9.020846657,0.9595392201,0,42,0
25,15000,19,34,727.9461406,31371.42385,48,17.08143165,0.1458307793,2787.850844,24001.63182,31070.95682,5,7,2,3,0.4775385514,2,65,93,8.370354544,0.09730004443,0,42,0
51,45272.66107,12,24,630.0357972,17446.53126,60,6.476824544,0.3914745102,3038.08991,19245.61636,42742.62938,5,24,4,3,0.1575861175,2,68,95,7.812732666,0.03687474384,1,62,0
32,52837.49565,9,32,592.6051636,21852.9783,48,13.09412012,0.583121383,1719.855851,20510.7733,7470.289053,3,23,4,1,0.3836829571,1,7,24,3.013725643,0.3146570036,2,4,0
47,53021.22147,16,5,850,43066.1053,60,7.513513519,0.5522468969,3800.10279,15659.73245,12620.97126,4,22,5,1,0.9760479708,2,11,93,6.825019385,0.6955466328,0,53,0
56,64825.42214,8,9,770.4893252,25535.60059,48,8.940061555,0.3797872826,1839.01406,25318.30084,32471.43783,4,7,3,3,0.5562276128,3,5,92,6.539601138,0.7070244473,0,67,0
49,83877.66117,17,25,703.3772837,18865.74554,12,4.992586822,0.6157577081,1701.233631,23485.55712,35270.57232,3,20,2,2,0.8035461764,2,55,81,6.756755909,0.6841826512,0,42,0
43,51689.46906,12,31,676.879203,47232.13406,48,3.365024214,0.6075864674,3272.487421,28643.12428,0,5,27,2,1,0.2903448638,3,86,55,8.606304379,0.539948098,0,48,0
26,51491.37942,9,26,679.6809564,17565.42693,60,13.87856356,0.345920128,1836.450842,14306.03913,6734.204079,5,6,2,3,0.8072244896,5,93,87,1.30856262,0.9205386136,0,32,0
35,55625.65,13,24,677.7083527,29927.41241,24,17.9363975,0.8706278959,2291.041067,4255.37029,27486.76178,3,19,4,2,0.3596048474,4,57,5,1.771314829,0.1567661458,0,7,0
51,58162.22929,15,1,547.4531157,31399.56626,60,7.779953596,0.2619375412,2402.224623,28225.05614,20661.49876,1,9,2,1,0.5754277491,1,51,16,3.097981399,0.5381595564,1,83,0
39,67128.7802,17,2,631.5578989,22587.46212,24,7.277014514,0.886899561,2179.740064,3100.807013,18383.60839,1,15,4,1,0.5008850155,4,94,13,0.9570069017,0.4278054216,1,100,0
61,70870.05952,14,28,612.1913105,14062.62495,60,3.94960306,0.4896089344,2176.190234,8004.222587,27333.62769,0,4,3,3,0.3476921405,3,97,83,6.260584727,0.3936978536,1,79,0
49,65383.36032,16,30,614.619867,25944.00616,12,12.22969587,0.6082361562,2885.409225,12280.7006,54813.19845,1,17,4,2,0.6415376924,1,51,57,9.903258928,0.04251354022,0,53,0
34,50191.32975,11,38,622.7198164,42650.09804,12,12.03291335,0.07000144601,2494.599953,21685.58741,14031.25644,5,10,5,3,0.9575186591,1,72,18,0.855076849,0.05569812755,1,45,0
26,55838.36253,18,37,758.5359245,30650.50229,12,10.57108961,0.812341822,2275.346374,20267.01106,18750.86294,3,23,2,3,0.8469786511,2,86,7,0.6213743907,0.687702983,2,23,0
21,79717.85592,19,17,724.9135079,23960.78572,48,13.28669015,0.5046750075,2397.133925,3125.287587,27634.73001,4,11,1,1,0.120335861,1,91,22,4.4953602,0.2936552178,1,35,0
29,85444.44703,11,18,510.1841603,19590.79992,12,8.193474251,0.8941134195,2134.592433,13654.99142,4772.35202,2,26,2,2,0.8196441433,2,35,100,4.179878729,0.8300741809,0,72,0
57,36985.86999,11,18,672.854941,26816.198,24,4.108712758,0.707889413,2461.385515,14544.08594,18006.59238,1,7,3,3,0.6719966963,2,80,51,10.92199986,0.6236313888,0,46,0
49,51453.26701,11,23,699.3629709,25270.48955,60,7.457806711,0.1755865742,3618.814978,0,2138.469106,1,9,3,3,0.7416902322,3,68,47,6.970843263,0.853997899,0,33,0
59,62712.22829,17,26,632.1983584,10294.17868,60,11.60741643,0.2043075139,2581.492195,34639.03616,1902.595681,5,5,4,3,0.9978791931,5,95,80,1.102265333,0.08832737864,0,13,0
21,65473.06118,16,2,646.5326438,4636.310709,36,15.38706704,0.06547694488,3460.954053,21144.69702,1368.899531,3,5,4,3,0.6224951523,4,59,70,5.285409137,0.9002766726,1,18,0
48,59683.6105,11,29,756.0100811,27359.24635,12,13.31236081,0.5648549283,3029.176082,13060.07402,0,1,17,1,1,0.6445543057,1,60,69,6.375976321,0.7092815486,1,3,0
24,54531.93842,16,20,690.436445,45460.04859,60,7.888293952,0.08585561673,1466.717942,24130.25032,16140.04289,4,27,4,3,0.4735982818,3,94,59,4.843062355,0.4070134189,0,42,0
33,53899.05238,10,18,653.8541962,29523.93604,60,7.015104324,0.3793473576,973.1099377,30302.59781,5220.271022,0,29,2,1,0.6336776174,4,8,52,9.132774643,0.2237279747,2,16,0
33,55259.6124,8,8,642.8461733,5345.013297,12,8.530972359,0.1078807765,2042.436507,0,23390.97742,4,25,1,1,0.5190669862,3,77,35,1.01408566,0.3560157083,2,23,0
36,48671.77945,15,14,626.0228404,25765.1609,48,5.88259727,0.7265161252,2288.053848,6430.415451,21136.42381,3,6,4,1,0.5000797042,4,29,9,3.307667661,0.9054403644,0,23,0
40,49686.06333,12,2,681.9757402,17954.31972,36,14.98987177,0.6608485697,1936.438726,4733.009769,0,0,14,5,1,0.978991266,4,81,22,2.682813737,0.3978708864,1,72,0
63,54981.61345,18,34,694.0345841,28938.33555,36,11.63347909,0.6597660536,3098.546067,20327.6251,7938.253328,4,22,5,3,0.5338250042,2,97,54,5.542356829,0.5725534017,0,74,0
58,65156.78742,12,32,711.4491548,38734.67021,60,6.552042741,0.8097863753,2319.956298,8452.513629,9659.947875,3,9,1,2,0.7261510303,3,89,12,9.149449379,0.3424361704,0,24,0
50,40465.5727,15,9,619.8363205,27988.39747,48,14.10228311,0.7668369964,2881.986781,6763.408356,18908.79078,1,27,2,3,0.4732489158,3,91,61,10.62601562,0.1578143643,0,10,0
60,57451.86048,19,23,699.5000004,31391.20642,60,10.9428412,0.5556512055,2994.836592,15444.9142,9979.130517,2,26,2,3,0.5984489386,1,38,57,11.43235041,0.6258151214,1,57,0
54,67535.60031,18,34,627.3662624,24163.3781,24,3.901355246,0.1666818203,2327.882912,0,0,0,3,1,3,0.1506091923,4,11,39,11.28883952,0.90795046,0,26,0
61,45460.40135,17,11,735.5722189,14341.54027,24,6.541532066,0.3987795629,3559.985598,4169.351561,50593.94905,1,21,5,3,0.663726853,1,58,7,4.209624285,0.2716864689,1,62,0
58,67732.59769,12,13,635.8798501,25142.29624,12,13.61836865,0.7331540916,3612.533093,0,15539.83863,1,5,4,2,0.5614761859,2,25,95,9.439550201,0.6501546745,0,73,0
22,77171.14624,16,23,609.7593112,13073.22714,60,17.99672888,0.7246312732,841.8435773,8621.56012,9492.468681,5,7,1,2,0.5505845064,1,95,73,5.406230965,0.9515112156,1,100,0
44,74113.91164,14,3,660.3072331,1000,48,9.287074694,0.673474088,2007.665258,17354.89567,5118.210391,5,24,4,3,0.3782886599,5,75,76,10.53235098,0.6497053218,0,83,0
62,38728.51874,11,2,727.4853457,49756.89236,60,9.793346729,0.1515912427,1704.628666,18798.01242,13062.22922,1,28,4,3,0.4282523595,3,19,65,11.07254642,0.6776722087,1,38,0
60,71493.07029,16,21,691.2515138,10363.21099,12,17.67425428,0.7145480294,1541.044715,18219.31977,10486.17142,0,3,4,3,0.280905386,5,7,46,2.764132049,0.1410990074,1,99,0
22,79242.25808,17,10,620.8402234,36652.50621,24,5.508702447,0.5703187084,3965.893806,24407.24773,5140.736997,3,4,1,1,0.4693724057,5,32,22,3.205015913,0.9237300769,0,23,0
36,59480.65316,9,28,663.415011,37442.53507,24,16.07383697,0.2343706286,1414.096976,23242.14429,52995.83429,5,9,4,3,0.7332896726,3,47,14,4.893703397,0.4936374888,1,35,0
22,61462.13258,16,8,642.7694972,21873.63545,12,4.550843043,0.7188663174,2361.604704,24296.93689,27102.36994,2,3,4,2,0.1987967215,5,21,64,8.659172358,0.6255904777,1,8,0
18,66247.45392,17,22,689.268085,19031.36895,12,9.324355955,0.0804535041,1733.413744,2509.109986,26188.65497,4,15,4,1,0.2704018072,2,31,64,7.495998659,0.8449409604,0,82,0
53,62787.0175,13,33,671.976737,29893.06999,12,11.26596498,0.7668654425,3827.944927,5706.265793,3396.386906,3,4,5,3,0.5632887072,1,94,20,2.381659376,0.7102631111,0,73,0
26,33555.81031,11,36,765.9113558,27654.09846,48,4.653601377,0.363755128,2662.330332,4165.444974,47970.03796,2,21,1,2,0.3731139073,2,93,66,9.167071433,0.6839615546,0,79,0
41,72083.495,8,12,583.9597379,15439.78671,12,3.780241946,0.4304447483,2929.098872,22345.25963,34876.03233,0,3,4,2,0.686166485,4,81,86,2.675020995,0.3610090043,0,89,0
53,68730.05062,17,5,671.7319121,30644.7181,36,4.976652758,0.7999689224,1223.322566,15168.85066,3245.027021,0,6,1,2,0.2357312116,5,89,76,11.13192185,0.8553524212,0,73,0
47,47813.08206,14,17,748.5078361,31432.35243,24,14.15464971,0.7608499329,1548.638437,13586.17872,61682.94778,0,14,3,2,0.09421025499,4,23,50,5.991224255,0.8279219912,0,46,0
28,52226.43619,14,39,683.9011746,27175.59463,48,17.85211063,0.3749152808,3053.543177,6237.091062,40590.76674,1,10,4,2,0.375287546,2,91,22,5.064222233,0.6959416506,0,47,0
43,49470.50435,8,6,643.7769791,39781.09847,60,5.383234614,0.8854211158,2882.086894,7992.942515,42823.78035,0,15,1,2,0.2617678179,4,89,53,2.251278577,0.9068299256,0,32,0
35,52268.95655,9,5,671.9835583,28092.46758,12,3.783388347,0.8198018356,2699.994837,22204.82155,59285.91436,5,11,4,3,0.2968224192,5,98,72,9.886933306,0.1512172261,0,5,0
21,86917.88738,16,30,661.8137058,36983.37825,60,17.62008405,0.6004640792,2647.024101,12359.53247,26844.07635,3,16,5,3,0.3589967958,3,46,2,10.52810114,0.3304844307,0,47,0
49,70801.54011,10,0,637.5417806,29161.98118,48,6.794175873,0.3596997264,2603.815661,9299.547794,12725.53498,4,12,1,3,0.4336068384,4,24,88,6.76466337,0.4302076561,0,87,0
29,58717.93019,18,39,715.7498283,32515.36631,36,12.71591228,0.1083478336,1210.831565,0,19675.67108,0,26,4,3,0.6367156993,4,88,62,1.718499933,0.6998801936,0,17,0
28,55664.42473,16,28,773.147608,6832.533371,36,10.048871,0.3109974519,2748.900995,9817.823364,13484.77242,3,6,3,3,0.9205344038,3,44,8,1.763134069,0.01238074581,0,78,0
30,85792.33161,14,0,735.5715606,27202.61033,24,9.776984638,0.6145044924,2059.470978,24945.37823,5671.714722,5,19,5,1,0.04041803526,2,94,33,8.008333886,0.8645416829,1,12,0
56,66481.55871,10,29,650.1701054,19866.64313,12,12.82135085,0.3549577811,1371.586938,22200.87035,24468.80617,3,3,3,3,0.8419723702,3,11,66,5.916565074,0.3471086137,2,16,0
37,35173.20394,17,2,756.6847685,27527.89331,24,7.762184527,0.5961179888,2258.024156,4795.075067,10635.91085,3,8,4,2,0.515552006,5,14,35,6.461109588,0.5564684414,0,80,0
42,75303.93901,9,39,704.7706258,1000,48,12.00116557,0.4452344124,2160.036298,23721.59654,14669.76425,4,25,4,2,0.5431150794,1,3,13,6.087684743,0.2675836794,1,2,0
57,55370.59435,15,29,642.9892727,28888.17354,24,15.1312441,0.4014538478,2962.608289,14574.23487,0,1,22,1,3,0.3435450077,5,24,24,0.882696303,0.5299229586,0,2,0
40,42552.30826,19,9,630.3565059,14392.81551,12,3.126409114,0.531782072,2469.322737,14668.35953,13122.62513,4,8,5,1,0.5053564121,1,87,76,1.934179565,0.3251067392,0,36,0
55,60323.95269,12,5,641.8620061,37492.39718,24,17.37542453,0.4660471717,1179.030093,7821.094082,27681.14849,5,0,1,2,0.8103671627,4,92,80,3.013338508,0.7709731405,1,4,0
19,65501.48517,13,18,683.0546804,23776.23244,12,13.58101998,0.8486554298,1847.148664,0,63010.53468,0,8,5,1,0.640417214,3,11,45,5.259539676,0.3535453671,0,89,0
58,68404.74691,11,9,814.106863,22492.43815,60,10.80253538,0.7695186877,2788.559885,13691.67035,33799.67933,0,26,5,2,0.09983381169,5,87,5,7.438859523,0.5130517536,0,26,0
40,55936.27848,13,3,603.0295237,13364.39355,24,13.22817222,0.7558382879,2269.43347,5440.571648,43605.2499,2,21,2,1,0.3802212865,3,18,77,10.78449141,0.411522961,1,72,0
47,37508.01294,16,20,671.2913327,16189.29188,24,12.06888745,0.4334661001,2367.852363,13185.6892,17733.68215,5,24,4,1,0.3752813328,1,8,66,2.053315577,0.06043204383,0,34,0
45,36383.4939,17,2,617.8933605,35562.87383,60,11.71698045,0.1403778644,2237.312547,5143.224116,28871.45587,2,23,1,1,0.4079901648,1,30,19,4.485596822,0.6032602533,0,30,0
53,43803.70211,16,11,594.0315741,16048.00528,12,13.89020592,0.7036898707,1532.013682,18816.2602,23118.89594,4,1,3,3,0.9210567881,4,56,37,2.992910911,0.8020629863,1,32,0
40,75356.34179,10,39,593.24831,7952.746181,60,8.062353436,0.2425338573,1690.730105,31495.81764,23034.57622,4,9,2,2,0.9004304818,4,16,36,1.913493021,0.4579638431,0,53,0
33,58718.36746,19,15,568.2200364,41123.52078,36,15.4139845,0.2493677387,2358.476613,10154.67528,28461.28439,1,16,2,3,0.576155615,5,5,74,4.006420539,0.1877129253,0,14,0
38,37585.42412,8,31,733.6580987,28177.11634,24,5.205264668,0.6321835969,3391.057747,16846.21924,55284.56787,3,15,2,2,0.008838305589,5,44,96,8.953939366,0.6119888302,0,98,0
22,61080.94859,13,18,828.6815939,3445.374771,36,17.83791175,0.751419934,3200.33731,16805.84037,18129.16376,1,24,2,3,0.9445294126,1,54,72,3.597121983,0.7212441713,0,40,0
47,68644.27042,18,3,746.6507779,26879.46311,12,11.49097932,0.8504120557,2461.961064,15930.38672,3036.468923,3,22,1,3,0.5073980395,4,65,51,1.426494946,0.09048060661,1,12,0
22,74982.88898,11,39,581.9622398,42481.41108,48,7.955738736,0.3531625595,1405.295808,17858.86204,20824.80003,1,10,2,1,0.5075172696,5,58,32,11.14481217,0.1489227919,2,87,0
57,33586.08924,15,6,638.4988963,34413.03519,36,7.265485608,0.341905894,3651.183898,15230.07198,8982.977426,5,2,5,3,0.1151771573,5,53,85,7.419499919,0.6038308848,0,22,0
48,42997.76028,9,28,773.0536427,41475.1408,36,17.03653654,0.3572712504,2416.354015,16889.15534,54423.92054,2,18,5,3,0.7483584456,5,96,37,3.231320788,0.8321944098,0,49,0
34,54662.97867,15,34,804.1850465,26409.16508,48,15.2053111,0.3579044721,2582.773641,11399.11593,26077.74563,0,27,3,2,0.9626674021,3,60,81,8.051409991,0.971226479,1,95,0
46,44917.98179,8,10,761.9552444,7295.730133,12,8.584567425,0.5020642372,2395.597354,34309.45415,18444.13412,5,4,1,3,0.6921848123,1,2,39,8.600938417,0.9227142138,1,48,0
25,53160.9731,16,19,622.5186173,41890.97721,12,6.528741792,0.7553382433,1572.853688,17316.26882,25399.02577,4,14,1,3,0.1137661255,1,41,73,11.00666716,0.7808881736,0,97,0
53,64835.73012,13,18,675.9180378,19881.96719,24,7.399066328,0.4624226923,2693.845438,7152.669151,38291.41329,3,9,3,1,0.963806055,3,45,90,2.360004172,0.919721024,0,25,0
50,54062.13789,13,35,585.1713877,31518.44989,24,8.924368333,0.1344304017,1964.606929,21778.8019,9926.711295,4,28,2,2,0.3440479589,3,9,31,8.58019855,0.896026048,0,80,0
28,63897.74043,16,26,647.1628365,21571.59399,36,15.7540796,0.1180557231,481.7987238,19308.78877,25482.88312,2,14,5,2,0.9172057218,4,17,67,10.84845182,0.1081227609,0,86,0
43,66586.27086,14,28,632.9062206,37127.52466,24,12.17851325,0.4796165057,3486.93972,21799.3522,19270.14017,0,26,1,2,0.6521835805,5,100,95,4.10246523,0.7108604764,1,18,0
56,79885.86383,8,14,657.4976883,26430.67526,24,3.883775092,0.3451565973,1502.554947,1456.682161,19948.11057,5,17,2,2,0.379294864,5,50,34,3.179928998,0.2043758259,1,71,0
41,40808.90821,14,4,644.4729658,24309.92299,24,14.29090902,0.8784718293,2617.46614,0,4469.348132,2,25,2,2,0.5068310652,1,11,16,9.121374472,0.4048129706,0,79,0
48,71454.99598,12,24,715.0057029,22347.85542,12,17.91192944,0.1248890298,1641.761727,19306.46766,799.8725477,4,8,3,1,0.8860912741,1,18,16,10.45870987,0.9334090441,1,92,0
43,53522.74511,12,9,714.7473906,31519.34705,12,15.83772746,0.6104166557,2721.174365,6516.134453,6126.170639,0,4,3,3,0.9229795339,4,50,37,1.091576085,0.7698336032,2,1,0
56,73965.07901,10,22,720.6180511,22692.0065,60,12.7721908,0.1970342961,2414.396886,19699.90356,28085.93618,5,4,1,2,0.174499014,4,10,90,11.63572612,0.4832751441,0,34,0
32,46765.54343,19,2,701.6938012,17080.5456,24,12.78448533,0.1938880156,3065.083756,18539.70941,0,2,24,5,3,0.2433600518,5,39,31,7.743243825,0.9850932055,0,89,0
50,58545.57616,9,33,670.4199257,42767.55532,12,4.809277863,0.1041264012,2242.068001,13287.37918,22875.58105,1,3,2,3,0.929953002,4,58,32,3.391825607,0.5896257891,2,9,0
47,74769.96455,19,12,667.2440941,22216.84698,48,14.08788749,0.1370018358,2573.902994,8291.977004,17572.00368,5,9,4,2,0.5073469055,1,85,83,2.270057012,0.9705719577,1,80,0
59,52338.5075,19,19,700.8320221,24888.81578,12,10.12731657,0.5550756288,4160.255657,23977.43516,18526.25247,2,8,2,1,0.410707866,5,85,91,5.936971339,0.1685183425,1,12,0
56,70105.11881,8,16,712.1900872,27943.2187,36,11.53279124,0.2757590087,2685.362601,19295.07427,0,3,24,4,1,0.2379172746,5,11,30,4.453026875,0.02523810488,1,24,0
26,95447.6025,17,2,721.2411757,8533.596604,60,16.12349712,0.1014583258,2732.995867,14271.03595,17932.67586,4,8,4,3,0.9708650706,1,89,80,4.844636072,0.8353895599,0,100,0
64,56281.45526,14,36,710.4111561,41546.12182,24,16.58240432,0.4400692465,2195.081302,21066.47389,30528.02853,2,26,3,2,0.1154851135,4,61,57,1.80285993,0.03502568866,0,13,0
26,29315.35017,19,29,629.1759067,44124.25236,48,7.627083261,0.8618903148,1758.096013,11848.86558,1850.468902,5,2,2,2,0.4672461913,3,84,53,3.613761605,0.4109376656,0,53,0
47,28367.44789,19,32,663.6552487,29964.49778,60,4.06141197,0.6791577889,2030.348823,20670.7847,0,5,14,2,3,0.2150250813,3,45,32,6.466344344,0.5713283743,1,20,0
35,56763.07045,9,31,613.3936031,14650.09398,12,4.320215655,0.3443324887,2555.399899,16330.93644,4120.579661,5,20,2,2,0.4079256198,1,96,46,1.389988724,0.002077683271,0,43,0
45,53633.55908,13,37,692.197356,31329.29576,12,10.24895762,0.8007310954,2899.173268,21215.89471,27416.01088,5,26,2,3,0.9578077948,2,86,93,7.560749121,0.3349378033,0,22,0
25,76709.55927,9,4,644.3607104,23877.00116,48,3.481775334,0.4328773518,3272.624555,8960.401241,15015.77752,5,26,1,2,0.9593013731,4,21,7,3.655289531,0.4114284915,1,86,0
24,39811.81002,12,16,750.2545265,1000,24,17.83054568,0.5068765094,3611.701154,21563.62914,22680.91458,3,2,1,3,0.8830755464,2,76,16,11.39936998,0.3924329918,1,84,0
23,71549.97722,14,24,664.4480142,31562.94221,48,14.79666494,0.1663571504,4330.360286,26045.77306,17324.02173,2,6,4,2,0.5727479407,3,51,85,11.57857761,0.9693468084,0,90,0
24,65916.209,13,38,765.0796536,26209.67032,24,8.811725029,0.7418709878,2882.519108,18321.33652,28878.23211,3,2,3,2,0.6863287558,4,21,84,4.904061612,0.08768725575,0,61,0
56,68788.13486,19,4,564.6689778,19501.93971,12,11.20971461,0.5258862933,4103.850223,30891.52826,39299.58704,5,7,3,2,0.6281672301,4,36,27,4.710501358,0.1250712268,0,14,0
53,68372.64666,13,16,591.5169585,39212.48418,12,14.32380177,0.4124372954,3248.701115,35721.98643,61329.71748,0,21,4,1,0.6492616374,3,1,87,10.98512596,0.202100425,0,44,0
59,68160.30675,17,18,601.9300181,36506.62432,60,9.810016448,0.09626538566,2108.21318,8792.321408,29412.24582,5,16,2,2,0.3783949729,2,24,6,4.924343129,0.6110336908,0,18,0
49,45363.11796,13,38,725.0905831,8371.123321,60,12.7360146,0.612726887,726.1573732,16286.24627,6542.429339,1,26,4,2,0.9041590798,3,76,2,7.54900662,0.5621785967,0,23,0
45,85555.61535,11,2,604.8198784,21136.15597,24,10.84020707,0.4369717312,2268.468048,17380.0748,16444.27767,2,7,4,2,0.9403229916,1,18,51,6.907206042,0.3188928627,1,37,0
22,30740.44924,17,20,628.3233628,39185.05239,36,9.213926013,0.2079560228,2531.699951,2615.465474,22437.41647,2,21,3,3,0.2780320791,1,48,6,5.669476235,0.6038611132,0,92,0
59,62340.83263,15,5,697.6711563,20131.48816,24,16.05049058,0.107168843,2187.386948,9298.57756,33076.66811,1,21,3,2,0.2957902942,3,87,57,6.841053525,0.01216979065,0,26,0
28,57745.42141,17,10,721.5690482,22636.7193,24,15.12688352,0.8303561657,1426.495542,6147.900434,8228.713147,0,1,5,1,0.7471359452,4,50,6,4.546953154,0.5853014658,2,90,0
57,57988.54402,17,3,712.5389874,16039.80561,12,10.6356757,0.1069978241,2200.987423,13253.89546,21385.30062,4,29,3,2,0.6870356565,5,95,27,5.35463448,0.6872208811,0,89,0
60,89177.10381,13,32,764.4948415,32732.24277,24,12.07018118,0.1983184515,3137.26356,8709.781409,36263.8772,2,0,5,1,0.09801190026,4,93,69,2.624685884,0.1833414969,0,16,0
29,54134.39985,8,18,746.8472703,28716.85784,60,7.47757551,0.3975319683,2810.587318,7341.739352,489.2500374,2,4,3,3,0.6676286634,4,14,7,9.01311811,0.8917844935,0,65,0
43,60001.54392,19,8,635.9185342,48342.05126,24,10.43502326,0.1907546284,4024.895966,21968.15171,4793.699387,0,25,5,2,0.8024712556,5,4,15,11.98083738,0.878781518,0,53,0
19,61957.46088,12,25,601.6469984,29117.81369,24,7.356925122,0.379387767,2857.730101,13286.10856,44826.66177,1,28,3,2,0.08024260406,4,21,65,0.6762298644,0.1636610253,0,80,0
44,39645.84342,14,3,660.9124739,40631.14991,60,16.38207419,0.09878916326,1644.163341,19223.37996,46685.41421,2,19,2,1,0.4921592644,2,47,92,5.863090117,0.3830340702,2,63,0
22,54598.60377,9,34,549.0333433,23210.28934,48,8.188923142,0.6043437228,2228.124819,6284.347935,2678.772527,2,2,1,2,0.9326821473,3,64,52,9.226533325,0.6513755849,2,79,0
34,60831.94933,17,24,688.7133456,23779.21147,48,17.56254563,0.8724925546,2463.701235,11692.01609,14160.18621,1,7,5,1,0.9064340586,2,21,81,2.072206692,0.6133163937,2,33,0
19,39042.61353,16,34,710.4138741,16778.71378,12,5.86980631,0.2552835305,1224.767023,19413.14718,8249.456565,5,17,2,2,0.3665028657,4,37,96,0.7289050242,0.07171684163,0,12,0
62,81400.79403,12,3,616.5576588,33852.67216,60,9.241281517,0.6622853761,3198.108069,0,24293.50283,1,23,2,2,0.5756492701,4,44,10,1.873891035,0.03596652473,1,25,0
48,45441.36851,16,17,636.8883645,21006.77967,48,15.21844166,0.3764704743,2871.30094,11349.22644,16741.2199,5,16,1,2,0.04567988636,3,26,46,2.358655925,0.4794876445,0,49,0
23,47737.03965,8,30,749.7958148,43345.5949,12,5.541166448,0.5414622337,1733.293089,0,31325.12567,2,29,5,1,0.09736655885,4,89,28,6.997100584,0.6851795304,0,39,0
32,44675.66492,18,10,737.248224,25079.79561,12,7.522862146,0.4952334709,1967.677697,17055.65586,42698.78562,1,12,1,2,0.5255050063,5,100,2,5.261081399,0.5737901458,0,99,0
27,54617.10765,12,17,782.7153751,34991.46826,24,9.077265386,0.3332561016,2782.26277,11288.13418,34655.5011,3,28,5,2,0.5277090762,3,43,55,6.825553181,0.606610572,0,56,0
42,75359.32243,11,31,611.3796555,28040.40084,60,10.07780642,0.2941545311,3676.025102,16484.35989,15372.9392,2,7,5,1,0.05023553387,2,57,87,4.536368749,0.9242154699,0,45,0
20,49394.66748,13,39,647.9441735,36193.44302,60,14.13419181,0.807814062,2218.003237,29540.91475,9835.481824,4,18,5,1,0.1130519879,1,40,14,9.275994889,0.7972692063,2,17,0
41,78399.91951,17,9,687.4669362,32053.51017,60,10.70347325,0.3358565259,1266.472137,13295.74506,0,1,22,2,2,0.9894353274,5,90,16,11.58939178,0.5759166328,0,63,0
40,82534.07465,15,5,747.0143003,17144.0699,36,6.649329604,0.8502139348,2524.727306,15963.24156,16313.89754,2,4,1,1,0.3061365672,3,48,50,3.300984794,0.9259293526,0,68,0
63,63619.74643,16,30,659.39133,46002.35933,60,11.43893209,0.7651052989,4078.771594,21685.16835,42218.20578,0,10,3,1,0.5342275435,1,83,60,6.473732771,0.2787996164,0,39,0
43,74957.19998,16,22,743.5929563,3156.432687,24,5.737306491,0.616272471,3105.058313,15250.40128,47408.68152,5,20,3,3,0.8592163816,2,89,35,6.436623505,0.6585195463,0,59,0
25,58787.99306,10,39,664.9770969,9146.84887,60,3.583102233,0.7306941884,2769.727497,0,13922.66849,5,8,1,3,0.2754137942,4,12,16,7.325457517,0.06455414498,1,13,0
34,45386.26883,15,39,692.0991531,25236.33469,60,4.669810127,0.1662396479,2588.680014,28938.64974,19588.22932,0,15,3,2,0.1393716098,4,84,68,2.709640858,0.6834649716,1,66,0
24,67775.73931,15,17,729.3617611,19484.82233,24,7.726806395,0.1895263493,3386.192697,19516.63751,1200.805517,2,12,3,2,0.5452168475,4,33,4,1.668970196,0.8198758547,1,100,0
58,51281.42859,13,27,654.6490857,15903.74563,36,7.971343993,0.7912793565,3376.475351,24415.24215,47761.82605,4,18,2,1,0.4293380316,5,62,5,7.65860791,0.8061276,0,5,0
28,55206.31441,8,24,753.562138,23735.06279,12,15.47014333,0.09410640572,2719.315943,20989.25038,32509.5329,0,0,3,3,0.073978717,2,89,68,7.457214062,0.5816298105,0,3,0
51,54838.3414,16,24,750.6114918,30400.41411,60,4.088176613,0.727241434,1659.501391,25615.0559,0,2,22,5,2,0.8874009157,2,21,15,8.587295601,0.7975189949,0,69,0
45,77007.21189,14,17,759.8083124,32261.53522,60,4.187762854,0.6276389247,3508.349288,25743.67736,14156.26292,3,27,2,3,0.4917551612,1,22,85,2.069358044,0.2375390717,0,89,0
57,80589.69875,11,33,734.496191,35198.78574,24,4.421143669,0.8294067451,2143.897088,13823.39865,29580.74335,0,4,3,1,0.1254062209,5,9,89,3.163360022,0.1279350495,0,30,0
22,90107.94317,14,22,667.9986265,19540.80301,60,4.492312001,0.8281006242,1835.159294,14462.03603,25357.28744,2,0,3,3,0.1245137466,3,24,86,0.5082243181,0.4720313424,0,49,0
20,45051.47103,14,23,678.6991688,12549.96645,12,17.93062988,0.3527192049,3072.961417,23923.34415,0,3,19,1,3,0.1451585745,2,93,11,1.406934422,0.9477629115,1,21,0
42,73455.92417,14,11,617.2769968,64628.1236,60,15.90232362,0.5688992381,3577.57211,13124.63146,24382.6678,4,25,4,2,0.2177395504,1,68,54,2.179640033,0.3466022475,1,60,0
26,43556.52633,15,26,690.7683742,16374.95908,60,6.387794816,0.6168744191,3032.301049,22757.96312,13783.69078,5,19,3,2,0.4250543843,5,87,23,1.996783992,0.1563306112,0,67,0
64,52737.00812,19,30,692.9334988,28413.72856,36,15.16064667,0.3529509546,1367.587695,8049.874743,27402.4757,0,17,5,2,0.4030409239,3,15,74,1.126995293,0.2328156542,0,70,0
64,51235.50681,15,32,640.4491405,31005.50699,48,10.61935925,0.1689350336,2623.404979,1876.702462,0,3,26,5,2,0.5497549276,2,54,87,5.351686201,0.9653132869,0,46,0
43,46649.10771,17,1,638.8879715,47709.3632,48,12.26156366,0.09006135891,2699.049499,10563.12259,15922.21273,5,8,2,1,0.1934869475,2,83,47,8.14875725,0.6638769721,0,98,0
57,58741.3904,18,34,662.4356865,32392.76122,12,13.76410626,0.1863871027,2570.222908,25517.09034,34715.60235,1,24,3,3,0.08596312297,1,16,60,5.132232656,0.7210204598,2,83,0
27,59890.03163,15,14,672.3819699,16996.95045,36,11.40874577,0.657613458,1696.574294,2411.797664,32265.77393,3,29,1,3,0.8300430927,4,43,89,10.32269979,0.37442379,0,81,0
43,59371.84461,8,9,721.9529491,10237.80587,24,3.734639827,0.1601476875,3158.298279,17866.61861,22186.45277,5,25,5,2,0.3389699714,4,35,53,1.104660689,0.4197626109,1,78,0
63,61581.34889,15,9,646.6027327,10429.61352,60,16.41336844,0.7100370288,3206.152852,0,35435.45284,3,8,1,3,0.9558009656,1,100,36,9.073683212,0.1581420044,1,57,0
19,49902.20869,16,34,741.9161083,38337.16726,48,8.026443528,0.8765502622,1404.024249,4419.721027,49048.97195,3,9,1,2,0.1983372204,1,68,82,7.840245714,0.6875595665,2,26,0
63,66178.02276,10,5,694.6825794,45063.44283,12,9.9813213,0.211340881,783.5850001,23673.61146,23108.80255,4,26,5,2,0.6390914104,1,82,99,5.795281467,0.8189502748,0,64,0
18,66305.82292,13,24,688.7164308,38276.39194,12,9.742396458,0.8083487057,3878.884215,3708.847034,5566.266128,1,9,2,1,0.07454178409,2,19,79,2.251061464,0.2477832354,0,6,0
60,64585.25839,12,27,595.6578107,23700.65905,48,4.511172923,0.5381835829,2751.225423,20755.3245,21311.2045,1,9,4,1,0.315833517,4,56,80,4.883597155,0.4896564343,0,11,0
28,81393.91388,14,24,613.4152749,18018.32094,48,8.205857444,0.1580263134,1783.450378,28320.88347,41546.53825,3,23,2,2,0.765857686,2,64,71,2.501775741,0.5246919349,0,23,0
44,71420.92444,16,35,678.471298,25060.8178,48,7.818973591,0.2327033732,1460.111116,21610.76225,21285.75395,4,5,3,2,0.02852495433,3,40,15,6.196694904,0.8294151657,0,52,0
37,80161.88933,19,24,673.636242,29758.37155,12,5.781166553,0.4133715281,4083.384314,11214.0499,21200.28656,5,24,3,2,0.5128930047,4,49,61,8.48647062,0.7406037359,1,38,0
37,75127.24836,18,10,663.3593199,15374.90553,60,8.659678168,0.8944994028,2838.142936,19766.36251,31315.99383,0,27,4,3,0.7214462111,2,2,27,8.982961063,0.1918872477,0,48,0
41,42465.94357,13,36,678.3654882,5640.880841,12,15.38330971,0.2569414515,3756.102446,13306.03627,14326.49359,3,19,2,3,0.4243432589,1,54,25,1.268419315,0.7185717684,0,48,0
40,43547.29517,12,25,727.6543911,33135.99803,36,11.95157486,0.1998743818,2506.618909,34938.29306,0,0,13,3,1,0.7291052397,5,1,80,6.893481984,0.3480286921,0,17,0
41,53685.60856,9,4,596.7602341,22534.80594,24,7.399400065,0.579119095,3523.624288,29204.23218,19699.40661,2,17,1,1,0.8056242563,1,77,15,1.912204022,0.2454675863,0,50,0
29,57852.17239,12,19,638.3009445,34212.52241,24,9.58207402,0.06663085091,1881.995605,14861.10211,29505.63383,1,23,4,2,0.442040827,3,44,63,3.334640862,0.3314756396,0,96,0
24,40629.07663,16,35,665.8739489,41673.0872,60,7.338217079,0.6851861429,2572.358809,26882.49764,24938.77747,5,16,3,1,0.3282680127,2,69,61,4.890158015,0.07259385761,1,65,0
59,52017.93547,19,12,773.5656089,36073.86825,48,12.66374791,0.8644587839,2279.875808,20380.62274,34675.75249,5,1,2,1,0.03529237123,4,40,92,3.154729208,0.9770313588,0,75,0
33,77998.41952,17,5,682.8441554,19156.0981,60,16.75768378,0.1671287909,3101.11364,5328.973959,11250.74996,1,10,4,3,0.6957091032,1,16,66,5.739721689,0.1014958845,0,15,0
41,51390.1381,18,2,673.5982666,16444.79408,60,14.01148076,0.4516667248,2407.265496,19945.05217,8471.214822,5,15,4,2,0.6295943707,2,69,18,10.50498133,0.4281934155,0,62,0
51,56975.0181,10,8,734.7696975,51920.16645,24,9.424167754,0.6157805099,2808.707563,8313.821745,45140.24607,2,10,2,1,0.3450170461,2,87,13,1.903080608,0.04142536072,2,20,0
27,39800.96473,12,28,650.8151529,23350.51198,48,7.49805403,0.8371087504,3213.026856,40498.78048,0,4,28,5,2,0.03547245154,1,100,12,9.76156069,0.2932795856,1,87,0
27,67653.81819,13,29,652.4045486,33042.7338,36,17.77714336,0.2552544994,2320.050941,29174.41781,2952.50289,0,16,4,1,0.2612302177,3,1,45,3.057224195,0.6822315421,0,85,0
38,55859.80651,19,21,675.9739406,27894.58692,36,16.33594079,0.06184761936,1745.309152,32260.97007,39579.54715,2,22,5,2,0.4832971518,4,2,84,9.048557579,0.8210788885,1,80,0
50,67349.18678,16,18,766.1984532,21779.8083,36,8.948391154,0.5065634695,3833.345036,7000.359503,6207.393299,4,28,4,2,0.6091116076,2,51,1,0.8240683356,0.8537001209,0,92,0
22,49070.73583,14,25,626.9305219,40008.29416,36,14.06435157,0.8931156105,2852.79654,12869.12001,41122.83347,1,0,4,2,0.6499488059,5,15,62,7.439038763,0.7491410652,0,66,0
38,61184.63384,19,13,611.258167,29386.3996,12,12.32793069,0.5503067799,1914.660914,10580.90006,33417.44663,4,13,3,1,0.4510738614,1,26,9,9.152565053,0.5276205703,0,23,0
31,53739.71107,14,27,737.4201296,32531.28413,36,5.854881027,0.70720453,1612.310621,30342.52533,2184.690728,5,13,5,1,0.9910776143,2,79,19,11.15101247,0.9802196289,0,51,0
54,63339.9962,16,33,580.8390867,33042.88508,12,16.96331383,0.7765268094,1844.325952,0,9249.218433,0,12,5,3,0.7215848202,4,9,70,8.664688716,0.4034021012,1,52,0
50,64858.70332,15,38,732.1160803,31342.96316,24,10.24505759,0.6630078144,3737.32825,24537.72527,23521.25098,5,1,4,3,0.7207730058,1,16,2,8.483727285,0.1349377831,0,51,0
31,55144.00492,8,8,719.4763227,22732.79653,48,12.85421461,0.7384023822,2168.173348,22735.40281,23387.71461,0,7,1,2,0.6505234689,2,46,39,2.483695968,0.804520537,0,90,0
35,85742.72305,19,19,750.9503478,21128.49089,24,11.55185732,0.6215247948,2307.5926,10215.83407,18403.30815,0,4,4,3,0.9717259201,5,27,19,9.010824162,0.8282727984,0,50,0
61,58080.66089,15,8,621.9987094,25735.13715,24,14.94882897,0.6795899518,3291.983797,21978.92816,36615.53531,0,29,3,2,0.4466510745,3,72,92,2.287672507,0.1033832957,1,66,0
37,49322.25717,9,5,629.4848008,19629.01656,48,9.992444223,0.3029844958,4815.967849,13204.91138,29715.38338,0,15,4,3,0.9000654401,3,49,11,6.525902967,0.1486141758,0,83,0
56,66974.15931,12,21,742.3068825,31701.72573,48,5.730682151,0.1318504138,2075.492145,21041.96364,15598.75192,2,0,2,1,0.9023802345,5,71,67,3.413232668,0.7704178159,3,96,0
61,47780.37091,13,2,669.0236688,18449.33718,36,4.298753276,0.7374814036,4273.891101,12268.55973,31500.50947,0,14,4,2,0.06126113187,3,17,17,10.68585075,0.5055135304,0,46,0
57,73373.02514,14,15,678.8090788,9557.563499,12,8.708044881,0.7309278954,1693.011783,15385.21126,18992.30697,1,11,4,1,0.7847273256,3,40,70,10.59827478,0.2036765713,0,73,0
27,55755.29522,15,18,782.9190037,23229.01087,12,10.0236262,0.7301055214,3856.784505,20122.60432,0,0,20,5,1,0.8564073376,4,59,57,0.9653014672,0.5177306864,2,20,0
50,48313.81981,18,13,767.8143472,16478.62288,48,11.93555358,0.4724308555,2789.840224,22000.48079,37863.4276,1,14,3,2,0.7171534637,1,67,60,9.417918399,0.7054896459,0,68,0
33,61403.26433,19,13,611.5213508,29956.99962,24,11.67328976,0.7192036875,1406.109943,19822.85163,19818.8828,4,7,1,2,0.7772497287,4,15,45,8.69228352,0.08323134495,0,7,0
42,71865.74547,19,2,718.1882657,14550.72206,60,12.7382103,0.07113167249,1873.037436,10546.06959,9419.7226,4,22,1,1,0.6651672332,2,44,79,11.17269654,0.3620309038,0,21,0
18,70522.12042,18,24,693.1309685,20015.93178,12,6.080237551,0.7704065084,2713.421793,0,198.3308932,0,8,4,2,0.8968321535,5,96,74,11.82953733,0.5108853103,0,97,0
38,64529.47629,12,1,588.6270912,3329.217707,48,10.18259026,0.2430585017,2317.047569,1917.872595,0,3,22,2,1,0.4300481456,2,59,31,9.761640034,0.1189333536,0,90,0
35,85288.28821,14,5,676.1596522,23453.74168,36,10.5612314,0.5664806406,1546.532103,12961.17019,50745.18502,4,2,4,2,0.1918479072,2,89,65,10.96879295,0.4423549181,1,62,0
47,56774.16367,10,22,671.2833003,41703.61126,48,3.248363017,0.6143427177,3085.154848,30540.00033,16458.75074,4,10,4,1,0.01563990733,3,42,54,0.7309585956,0.158816855,0,44,0
61,56342.41229,17,19,658.2581817,34185.70019,48,4.688559984,0.2615926198,2180.662034,5197.61524,19357.81313,4,27,1,2,0.841018251,5,98,85,5.469437656,0.7495864494,1,98,0
60,83010.24318,12,27,690.6816786,40481.90275,12,14.66059149,0.8796836162,3245.702453,23887.47588,28768.09528,4,12,4,1,0.1760925827,5,54,95,1.448452336,0.8128293328,0,26,0
50,51182.13332,16,23,666.7931612,23368.89912,48,16.80990925,0.2803059898,2110.48374,15767.50045,18953.99608,1,3,3,1,0.3321618299,2,83,100,2.791880038,0.3502759337,0,74,0
19,72276.10256,9,28,639.6640103,25490.76545,60,8.297309762,0.5087066863,1784.364492,0,21041.18521,2,15,3,3,0.9979248926,1,47,2,0.9172859391,0.7597928764,1,83,0
26,72309.09819,15,25,745.908162,42106.7065,60,7.816368727,0.2269268254,3300.18587,23696.02219,26573.32497,0,7,4,3,0.7480205798,2,69,85,8.513722124,0.5078389247,1,25,0
48,41451.05073,10,33,607.5049083,26775.61362,36,15.95521217,0.2962415081,3600.851466,13173.74537,30543.6773,1,22,2,1,0.3153678416,3,62,7,10.7891273,0.100353742,0,27,0
64,69013.0656,17,23,751.4151087,4244.866139,36,15.0399749,0.2380828946,1595.295144,19362.26948,31319.57859,4,6,4,1,0.7301507835,3,50,66,9.455103372,0.7779299305,0,47,0
43,47562.97973,12,20,643.0040724,17402.5424,24,5.155113971,0.6263718405,2162.587776,16007.99211,32515.26782,0,15,2,2,0.6591400798,1,16,25,11.88056983,0.5397826144,0,75,0
29,59347.81689,13,25,691.0864582,25487.9957,12,12.74211955,0.2517464439,2887.637415,29652.68287,15123.82441,2,15,2,2,0.9881239033,5,64,8,1.261895642,0.228937403,0,39,0
19,52874.55439,8,33,634.7595029,40087.79021,12,15.92291895,0.5855639346,2425.797794,4133.395638,22154.67755,0,7,4,1,0.5772928951,2,15,7,11.37235205,0.9103001504,0,78,0
43,48761.2116,8,16,729.188593,15683.17924,60,16.8479156,0.06823223932,768.5580847,4794.142678,26226.87374,4,25,5,2,0.5581416619,5,58,41,3.978365365,0.5752465591,0,90,0
58,48878.95506,11,33,743.6952505,25042.68705,60,5.582078,0.8847559452,1297.410857,19919.18714,22326.98084,0,7,5,3,0.8294192532,2,24,86,6.160738328,0.5022495109,2,51,0
24,51147.88536,14,5,679.1400262,17695.01845,36,17.91936369,0.7906801625,2511.800057,21308.42388,20702.75335,0,3,2,2,0.3495711486,5,46,31,11.31949901,0.1762159182,0,68,0
41,63949.19809,16,16,663.1985658,19466.21088,12,8.204195997,0.5983792414,1569.413238,10791.67321,5880.551638,4,24,2,3,0.4138811743,5,71,62,5.230948497,0.6538491248,0,3,0
57,57349.88653,14,8,650.7331481,32794.16036,24,3.794692063,0.06808847211,2441.173142,26467.39225,40938.84723,5,12,1,2,0.7140965838,1,82,85,3.499829616,0.1487867086,1,21,0
35,56884.02726,11,18,656.3437903,13363.84246,60,7.912609158,0.0737219898,1937.742944,41382.36583,31470.53674,5,20,3,3,0.313227794,2,1,74,6.36275697,0.3801691554,0,62,0
18,80479.13724,18,0,564.4070266,21654.57644,60,8.11997208,0.8216504478,1271.430082,16061.05199,0,5,5,4,1,0.6533209416,5,84,67,3.211520191,0.7111783888,0,25,0
47,57455.97724,11,17,715.0977062,15592.36883,60,17.82840239,0.6946007575,815.2261251,10624.36313,6549.7918,0,13,5,3,0.1835717287,2,64,53,10.37443486,0.9671263878,0,23,0
18,37568.83875,18,27,648.0060778,20935.17916,12,4.959116796,0.09311642173,1701.057087,21522.00863,27834.10802,1,5,2,2,0.9446153667,4,78,60,7.369343188,0.8750129891,0,29,0
22,78824.85885,8,17,660.5681659,22609.51001,12,10.60797169,0.5347176646,3331.867732,6919.876665,21401.39188,1,24,2,1,0.2056967185,4,20,37,10.91760107,0.849246867,1,84,0
23,57698.86556,18,17,763.2739287,37386.72023,12,12.37038938,0.2891516562,2964.690253,13641.07316,13410.35893,0,5,4,3,0.9771581528,2,26,95,1.988552212,0.1580648252,0,30,0
57,43795.06249,13,7,790.4015675,1000,48,16.60900635,0.7815607906,2037.047121,8865.388321,11660.11107,0,26,4,2,0.9962929066,4,29,65,4.663289564,0.619303078,1,34,0
41,48208.26587,12,28,716.5972214,6589.509354,36,7.005769049,0.1549734208,2179.035665,11534.47804,15772.58317,1,15,1,1,0.3542089252,2,85,46,8.802779527,0.3744539119,0,38,0
35,49180.87789,9,33,576.5238426,32031.06078,60,6.359266455,0.2741793428,1865.709111,12727.45679,15574.59922,0,5,2,3,0.2120310758,4,56,75,2.267357321,0.4131650232,0,30,0
46,81960.65652,16,3,624.0382218,11157.21665,60,12.40808233,0.6363016632,1760.256497,8517.394122,8521.050771,3,0,3,2,0.7198275526,5,1,83,10.31400695,0.7179497948,0,56,0
26,68557.24169,17,14,627.3707722,29765.15461,36,10.29729722,0.5933797808,2944.112018,13657.92588,22308.31008,0,8,4,3,0.3212007347,3,84,61,3.931178235,0.3204691132,0,10,0
57,67538.89712,17,16,633.8369774,1765.574243,48,5.427513986,0.5348006831,1805.202213,27436.75795,20552.74782,5,4,5,1,0.02945121767,5,51,19,4.558098377,0.5072507031,0,74,0
60,71430.07345,17,28,659.0934235,19888.70259,36,13.08785522,0.7757118701,1486.818326,14220.21407,14050.32678,0,6,3,1,0.5973949215,5,3,89,7.042036762,0.788322145,0,42,0
52,50186.81309,19,24,691.6034422,33059.1702,12,13.60374145,0.5812977396,2910.142151,11525.38111,103.0575482,4,2,1,3,0.6061185288,2,72,41,5.45410534,0.2415054327,1,45,0
45,57390.98613,10,5,665.8872199,22364.98787,60,17.66302108,0.2508084461,2206.861395,23651.86872,0,3,20,5,1,0.650416594,4,93,34,3.376117707,0.1081947968,1,35,0
32,30192.55344,11,23,635.6198564,29457.33498,48,14.27195825,0.6496231559,2893.118163,23259.18131,11480.3209,2,0,1,1,0.5327384149,5,30,70,3.094296776,0.4613778739,2,35,0
50,55437.63003,16,6,721.026573,26214.02414,36,13.723979,0.5287971911,2342.123073,1137.533821,19868.36505,1,8,5,2,0.11293691,3,9,39,3.088949941,0.9615437293,0,29,0
55,48066.43727,12,23,725.9174301,23233.02745,60,13.93879038,0.5110292106,1463.013938,24806.52471,1136.729734,3,7,4,1,0.4208305238,5,79,20,4.949866586,0.3265377386,0,93,0
29,62081.65153,12,13,679.2330156,28511.17766,60,6.377205931,0.299910465,2812.749395,13925.42151,21940.74913,1,28,2,3,0.815550441,5,2,33,3.313513607,0.9506728591,0,21,0
55,53172.0394,19,3,691.1006253,27156.54202,36,3.133807022,0.4814358991,1670.975838,42147.04771,23897.00465,2,3,4,1,0.0922968415,4,38,7,2.75752672,0.2108465344,0,59,0
19,53403.20315,16,3,706.102042,9361.416742,48,16.94236262,0.5326859646,2140.556726,20937.27315,0,5,7,5,3,0.1037658749,4,60,83,6.475554669,0.9958219492,0,8,0
49,63206.64968,9,23,670.7089366,19585.77194,24,4.101045682,0.4022041524,1722.387592,3187.555637,22341.00508,3,25,2,3,0.3834852366,1,92,96,9.593746829,0.619295952,0,50,0
35,50247.30211,9,14,633.6263216,16571.99223,12,7.25108461,0.2974482812,3515.761878,33477.76698,12001.1331,3,10,3,1,0.8298165368,5,36,35,5.998340477,0.570351858,2,3,0
32,32578.76756,9,5,815.9296041,44202.56202,48,10.1763102,0.3927594859,1775.942162,24254.43916,23355.2141,0,13,1,1,0.8173708161,4,41,13,4.605304984,0.8213588578,1,79,0
31,88066.00902,9,18,571.7470504,27675.09086,48,3.74040594,0.4639069154,3046.918837,15813.05008,30960.76387,1,26,1,3,0.6272245858,2,56,88,5.003238802,0.7743589461,1,27,0
50,54749.35776,11,16,678.1576136,32576.55982,36,15.48652668,0.3926334168,2142.888261,11165.82954,9331.817913,1,9,2,2,0.2308646023,1,84,81,3.152139186,0.3068789988,0,36,0
45,55858.14476,10,11,710.1526108,22550.40391,60,12.74935489,0.7342210346,2825.015119,15863.53162,4785.861717,3,7,2,3,0.1361380915,3,67,22,3.996456065,0.7815666075,0,5,0
34,41238.601,17,5,765.6998434,10172.45213,12,4.544632481,0.284070779,2242.597446,32516.29858,26486.89283,1,14,3,2,0.01794480109,5,96,96,8.78428282,0.9336901781,0,42,0
36,51922.3988,9,17,623.9825506,24875.03196,48,16.09828047,0.5477017536,1168.012349,22409.07644,0,5,4,3,2,0.8696484322,3,24,8,9.69411858,0.6028925481,1,12,0
56,65292.85979,19,30,763.11969,22693.66498,36,3.808461179,0.6916090701,1458.260272,1989.85815,14830.91492,4,10,1,1,0.04189006019,3,85,17,11.36902376,0.4335777013,2,85,0
52,77530.19708,13,38,696.0348925,30025.07952,24,8.339090699,0.09614678141,1702.185288,32214.38205,17221.62395,2,7,5,1,0.1220836264,3,86,57,5.610784492,0.06670302378,0,9,0
34,60237.98322,12,0,691.3807911,36416.90513,48,17.96340773,0.3436397419,2815.052638,2014.731263,771.8762055,4,13,1,2,0.05227045181,3,51,95,2.219864709,0.8536673179,0,41,0
25,74688.9172,15,11,657.1378153,1580.844469,48,9.623769765,0.6879879513,3322.603201,1513.668824,26839.8122,1,17,4,2,0.2779729339,5,70,20,10.07703787,0.6656951496,1,55,0
47,58156.7749,17,26,658.4181418,9674.482785,24,3.668395569,0.6522342257,3594.087303,8317.794048,8477.557577,3,24,4,1,0.7854348208,3,42,3,5.559746032,0.7031146761,0,83,0
59,63513.37216,11,10,636.0556016,29258.60544,48,13.46409879,0.4648940121,3825.978537,1554.713892,42687.8574,2,16,3,1,0.8303490343,5,20,78,0.9114019305,0.210589396,0,30,0
36,49150.87692,15,38,655.2222229,37862.82484,24,11.07083313,0.09250551469,3107.5804,27584.54188,29578.04648,2,15,3,1,0.9561141517,2,65,54,2.262234379,0.6206784611,0,49,0
18,33580.83868,11,39,656.432608,33344.99127,24,15.56285103,0.1985831148,3622.107687,25301.03375,6184.453818,4,8,1,2,0.2960007454,5,40,62,0.9301155423,0.7609080834,0,14,0
30,56402.11207,15,20,681.7964335,33543.82729,48,17.7482546,0.5088465786,2985.750431,11694.12182,13543.22381,0,3,5,1,0.5103655493,1,41,43,2.29327878,0.5419057857,2,67,0
58,48273.48857,8,23,660.7752465,49268.77662,24,3.947382509,0.8862292178,1999.966964,8197.186446,0,3,25,2,1,0.02262099134,2,75,34,6.926206236,0.9852526532,1,95,0
21,56755.80267,17,22,597.7002372,26047.45294,12,4.700681324,0.5665388747,3052.055842,19375.28569,20983.25851,5,27,3,2,0.7007582268,2,28,3,8.412307824,0.4781285541,0,49,0
63,38252.41608,11,17,627.931023,14250.19975,60,8.238215633,0.5685893505,2625.259155,25435.41065,15742.65383,4,27,1,1,0.1493664241,5,79,27,2.956932452,0.966937272,0,88,0
37,62982.07125,19,35,654.0088312,40712.10941,48,13.43463745,0.4115527952,3970.555463,200.0289108,14614.99189,1,13,1,1,0.008449884267,4,20,33,4.484881656,0.1701571763,0,3,0
25,74161.8199,19,18,646.7970378,5492.443927,36,4.376581043,0.6540702879,1359.279047,0,19425.12644,5,25,3,1,0.1904107179,4,17,22,3.011879866,0.1050819327,1,80,0
38,63024.65321,12,23,744.511103,33955.79751,60,16.76931139,0.3496910373,1741.262304,37979.6136,0,3,6,1,1,0.553461318,4,15,12,6.60880748,0.7544786131,0,82,0
39,55762.56414,9,27,676.9777605,36444.48975,24,3.049557444,0.5095691762,3175.181941,21982.28303,8540.921646,5,11,5,1,0.4508536342,4,49,90,1.473479503,0.5096774466,0,65,0
39,67829.33096,16,36,604.2165325,44917.64529,60,17.27068465,0.7944706513,2798.647868,15076.52548,0,2,16,1,1,0.002471540231,5,14,94,7.713183919,0.07299299448,0,100,0
63,79850.09962,10,27,713.9650575,24572.73649,12,17.60605776,0.7638833215,2669.165117,6875.886908,0,2,29,5,2,0.5266245514,3,6,40,8.989443511,0.04354133627,0,52,0
29,70096.9063,18,25,702.6335507,11649.02386,48,10.78066867,0.8528262215,2410.292184,24444.98721,3455.18107,1,11,1,2,0.5031914341,2,39,43,7.720763238,0.9468971403,0,21,0
44,68529.97699,10,20,735.9648001,18073.48791,60,14.71816128,0.821193731,928.6007641,11331.40666,10082.25415,2,24,5,3,0.161296022,5,57,83,4.382814921,0.8356241017,1,89,0
32,65740.22232,19,38,764.9421041,16114.53752,24,11.67903555,0.6896767351,1695.167297,9299.02378,16494.20255,4,25,4,3,0.8637547781,1,9,97,2.140500307,0.5098021588,0,61,0
41,75247.59093,9,2,612.505595,31196.38023,48,11.38197087,0.582303302,3138.440556,20488.51313,24320.62226,0,10,1,1,0.995489274,2,56,97,6.7848649,0.8809646812,0,5,0
38,63021.00683,12,8,668.2481399,24319.2592,60,13.58476218,0.6237312222,3231.154711,13993.60868,34753.62075,4,15,2,3,0.5493863266,2,10,9,10.38826775,0.4808850751,0,34,0
36,63969.03084,9,4,694.46969,29162.59078,12,10.08746485,0.8006851895,1685.206737,8488.178533,15042.09593,5,23,1,2,0.4256217726,2,61,54,3.808789787,0.6907402716,0,7,0
56,25703.5773,15,23,749.4886585,29556.95311,60,12.23624149,0.6785206547,2577.516348,11706.27305,17314.88346,5,14,1,2,0.6208013401,2,39,70,9.08566387,0.164397548,0,33,0
34,63587.52837,12,3,629.4626651,15997.30776,12,10.04111873,0.155774303,1099.425617,15925.49779,31066.4553,3,3,2,3,0.2818435558,3,80,44,6.549215151,0.3600832763,1,99,0
23,36920.82221,17,16,654.036451,15242.86631,12,6.250274978,0.7944473829,3071.851801,19391.06592,15392.28792,0,21,1,1,0.4338879687,2,26,23,1.925925085,0.2138866944,1,81,0
25,62143.08117,18,27,632.5636883,26280.31909,60,12.70612047,0.8620372803,2587.743589,2883.32756,45114.22552,3,16,4,2,0.1941177672,1,57,31,7.367522547,0.9366317299,0,55,0
41,70511.5812,8,1,703.134066,33092.44824,36,11.04650703,0.3347536223,2419.708361,12923.12163,14133.66854,0,2,4,3,0.8171025492,2,99,66,8.08341639,0.9071292192,0,51,0
52,63912.96593,14,0,694.64107,39776.16674,24,7.146211114,0.7095775538,1815.198275,31183.39685,16963.78949,0,16,1,2,0.5111575352,4,2,20,4.735947448,0.3410175836,0,9,0
55,60220.98275,16,31,629.3462071,39028.69066,12,4.509305419,0.2908306508,1840.120265,27884.45745,52019.39826,3,28,3,2,0.4169454806,5,69,77,5.253361676,0.9416510837,0,63,0
18,43076.13909,19,27,666.5273979,23448.90158,24,11.65706674,0.6675045025,1849.019576,6025.281929,21443.57271,2,5,2,2,0.905181254,3,3,47,0.7688159959,0.1677634275,2,52,0
26,51278.34059,14,21,716.9829626,12109.40802,36,9.283262487,0.3549719138,2181.318795,8240.980571,0,0,23,2,1,0.4946781161,5,99,82,8.158162802,0.4989770495,2,77,0
21,44307.02242,12,39,621.5628139,15027.92227,48,7.632854146,0.2895659517,3029.335831,15785.72111,29588.51655,5,28,4,3,0.03560380197,5,87,59,9.40933602,0.01269770912,0,7,0
21,49772.61629,9,8,685.8329981,43163.1476,12,10.74872935,0.3382184004,2017.821771,15564.45183,24739.69219,5,15,4,3,0.8322864723,2,30,82,10.60254724,0.6651988242,2,25,0
60,50161.12246,15,9,594.5678085,50198.17638,48,6.902634606,0.4902452624,2745.360008,29590.68962,23569.31223,4,18,1,2,0.8769248395,3,70,44,7.52398832,0.8099747573,0,73,0
25,65908.01455,17,6,640.5503939,4845.70379,24,11.57634268,0.4021158264,3033.485656,16066.36295,0,0,18,1,3,0.1149404231,3,89,60,0.9585946302,0.5448152912,0,57,0
21,70640.38143,15,17,751.7338371,28209.4851,24,6.379434509,0.590151666,2035.155683,29937.89197,45261.57524,3,27,5,2,0.1466481155,5,58,36,6.919004604,0.8251733323,0,30,0
37,56495.50887,9,23,588.4882155,2646.732434,36,14.98868984,0.1523844298,3050.782951,29862.90832,39798.93078,1,6,5,1,0.745025637,5,67,97,8.379219119,0.5958277306,1,38,0
19,83499.90102,13,38,703.0825168,19493.64702,60,3.67309457,0.4061045071,2302.263142,25886.18386,20142.87749,4,4,3,2,0.2205849216,4,52,84,1.815202295,0.5671627494,1,17,0
44,25168.20976,8,39,691.6224969,34963.75318,60,14.02193803,0.3088885799,2488.660073,23516.33281,5690.421008,2,18,1,3,0.1069145063,3,3,98,5.727474686,0.3306741234,0,79,0
44,38904.19848,17,9,679.4062525,35957.02111,48,15.11788551,0.422614079,1654.569313,5263.151578,7930.452568,0,14,5,2,0.7890716066,2,34,74,10.32782487,0.7820166394,1,51,0
61,69163.52515,11,17,622.4939055,19070.01056,36,9.139731689,0.1586821454,2225.289842,13080.32653,23708.13475,5,7,5,3,0.0304631373,2,39,88,3.650459592,0.5523662561,0,45,0
49,83909.90512,12,22,706.927143,5672.427085,24,5.14305519,0.1986613468,1316.537971,6819.068727,0,5,23,3,2,0.99801265,4,3,80,4.903850762,0.7518562102,0,31,0
32,57495.08493,12,0,596.3088835,16966.49028,12,16.66815376,0.5912154762,1968.973856,4425.341084,32427.85805,3,11,5,2,0.8526191701,4,68,50,4.875601025,0.1883407364,2,95,0
55,34031.78089,16,36,704.5583994,16787.65764,24,9.326621175,0.6215198289,2139.940974,12670.69632,6145.771447,4,29,5,3,0.921212531,2,48,64,10.68062402,0.5956450334,0,6,0
43,54974.88932,19,6,738.3133375,4223.065995,12,15.1279962,0.1568850494,3110.857876,25236.03706,0,0,5,5,2,0.3006861315,2,83,36,2.095465071,0.0644268041,0,40,0
47,66668.76311,8,30,728.5571991,20772.97292,48,17.35315729,0.3922414095,2900.746498,19231.64335,27336.57265,5,26,4,3,0.04982234429,3,67,10,8.03151299,0.5396117525,0,100,0
49,58047.0654,8,13,638.6874483,37437.63085,24,8.606184271,0.687870183,2364.433122,921.0806367,6954.427816,4,26,4,1,0.8078896072,1,88,67,7.233182226,0.6546868601,0,95,0
26,42365.84466,17,18,598.9812267,40289.59362,48,6.14420781,0.1846100252,1293.958626,19632.75314,27524.4851,0,17,4,1,0.8235322658,3,14,20,8.667211094,0.8858151852,1,54,0
23,43595.86624,19,17,663.7301884,13922.06432,12,8.221565691,0.1644133551,2275.320427,33288.97755,31790.08943,3,24,2,2,0.3465432522,4,89,53,10.75706283,0.6083373712,0,44,0
49,72890.69767,11,0,760.924303,23266.13731,36,3.11436747,0.3572688385,2167.197976,14860.89021,0,1,14,1,1,0.7899297692,1,35,59,1.640847463,0.8875809551,0,64,0
47,48648.21455,10,33,720.0885404,21214.76155,60,10.99210219,0.1728925686,2407.593685,24789.02547,0,4,24,3,2,0.3642454659,4,9,59,4.071860947,0.1201800309,1,59,0
41,71398.11257,9,38,786.4514624,15522.76552,48,3.186137537,0.8142417131,3045.837858,38178.38713,4232.428678,4,23,2,3,0.908997427,5,96,91,7.166776523,0.6502007577,0,53,0
54,57411.06263,9,35,696.7799754,14613.74613,48,14.25691734,0.4353279222,2130.681027,13506.47291,31952.58987,3,24,2,1,0.09745646171,2,29,86,4.554558696,0.01629233497,0,82,0
30,47964.15883,10,19,704.1967941,1000,12,5.770584729,0.06042204246,2417.2516,16213.94936,6281.756989,0,18,1,3,0.8493011957,5,65,50,8.487053204,0.6593998498,1,90,0
36,51666.23593,19,36,704.8364129,54848.12137,24,14.14947927,0.1383123548,4250.648145,9579.929083,0,2,28,3,1,0.4913188773,5,92,69,11.03823573,0.4302848794,0,15,0
51,67236.02685,14,1,617.1550711,10946.09915,60,12.55980225,0.4746973178,2435.132927,10440.38558,15149.09904,3,8,2,2,0.3582380243,5,10,18,0.5176310583,0.1551839619,0,86,0
62,61259.89594,18,0,805.5808013,50560.78003,24,13.65291591,0.5156064523,1834.108484,7626.625939,21679.75473,5,7,2,3,0.245187329,3,82,27,1.408483571,0.2615189665,1,17,0
29,85072.75646,14,18,660.9846979,37669.49277,36,10.77083587,0.7891001077,1840.786182,6936.465314,20325.99676,4,4,2,2,0.3416736001,4,3,16,7.453583075,0.9823246969,0,82,0
35,30173.04061,13,13,652.1117812,20886.5278,24,4.615702449,0.6377693465,2506.004891,3038.472318,39170.58209,1,9,1,2,0.2658227024,1,64,30,6.184863264,0.5917086846,2,91,0
26,62863.8826,17,19,692.8588824,6300.233757,12,5.081055402,0.7586746738,3841.92657,1863.059469,4246.089593,4,7,4,2,0.4508072277,4,92,47,2.49172416,0.5699608127,0,19,0
57,65249.16972,12,30,632.3962237,33307.56754,24,4.250079197,0.2495571747,3268.081498,12811.60241,2814.323055,1,2,2,1,0.923894994,4,89,95,8.837463619,0.9325623367,2,51,0
50,75711.2001,9,20,770.8679182,16744.71664,48,11.0835285,0.05811132694,2758.011924,21621.28533,49151.49285,0,22,5,1,0.2830812873,4,40,82,10.83346141,0.7949130567,1,84,0
33,47291.97806,19,1,697.4425472,43670.36834,36,16.59722053,0.587836993,2334.861721,11506.26728,33995.33441,4,20,3,1,0.2066889373,3,50,29,11.38296997,0.02129352381,0,68,0
64,47170.01062,9,34,607.0546777,1000,12,7.518494272,0.6360036065,2909.676452,12393.0313,0,2,20,1,2,0.5879240199,2,21,60,0.6571083046,0.4996104491,1,70,0
35,77365.26796,15,20,635.3808339,40437.1205,36,15.85157246,0.4874000238,2012.833366,31222.71473,43201.87957,1,3,1,2,0.9634917785,3,82,79,4.03486534,0.32569665,0,21,0
36,70829.1384,12,24,708.0053066,45841.86265,24,6.480527841,0.7137257594,1707.881686,16274.90961,13383.67404,1,15,5,1,0.2445526139,2,53,13,4.910720152,0.4386077133,0,13,0
24,66776.41428,10,10,741.9482118,23208.19196,60,9.921440627,0.2830228293,3683.421896,3918.365945,22552.82415,5,4,1,3,0.8748505952,1,67,92,3.154822327,0.328102993,1,86,0
53,74533.80439,12,31,764.8416696,10191.80937,24,16.49572419,0.498889422,2286.703812,8743.731378,27904.82696,4,15,2,3,0.638704133,5,38,20,4.29707256,0.4951957508,0,71,0
40,55966.58887,16,26,725.0778202,25197.08895,12,10.01694848,0.8095520334,1916.952217,14964.94572,10900.09823,2,18,1,1,0.6007599471,2,61,43,1.75119382,0.4202244313,1,38,0
47,61483.53643,17,15,704.9544295,8651.365693,24,6.876935787,0.06366095678,1854.935208,29072.20841,49914.84906,1,17,1,1,0.5777466156,4,11,4,6.930776796,0.9582395333,1,57,0
39,61712.5609,8,8,765.4966041,1000,36,11.48789173,0.3446797224,2888.398908,3218.22106,6745.656066,1,2,2,1,0.09854793749,5,60,92,7.014783554,0.2584284238,1,28,0
31,37291.60049,12,9,581.1321509,47399.53316,60,10.34656431,0.4497931298,3586.27484,24298.40522,17502.3325,4,12,2,2,0.545214974,3,85,60,7.938554032,0.4132116641,2,5,0
25,77799.62172,13,8,634.5776272,17920.48364,12,3.608912315,0.477737429,1891.975066,8945.073243,47711.71332,3,7,1,2,0.1729302016,1,36,50,4.145835292,0.3915951654,1,64,0
18,77557.37296,14,25,660.7888841,21995.83944,12,3.407810343,0.06687209706,1052.802011,32576.66928,48533.54256,2,8,4,3,0.6522761049,3,77,88,9.562192493,0.409168602,0,10,0
52,85525.53805,15,1,679.5946294,27898.39671,24,10.05479814,0.1141629243,4202.302567,3975.382991,16452.26585,0,29,3,3,0.02641508367,2,1,80,10.09755098,0.7717383214,0,44,0
64,67317.95367,19,11,648.2218802,25684.47745,12,15.63118108,0.092165682,3504.439404,13458.52878,3490.306532,5,13,5,3,0.5082531636,2,89,10,1.189187272,0.0103122076,0,21,0
49,67313.42448,17,5,659.920788,39662.29747,12,15.36920148,0.8448580923,2579.752021,21167.68003,31304.04242,5,20,3,3,0.2301749188,5,43,45,5.640279621,0.7151059119,1,76,0
22,72849.85211,9,5,577.9156819,40038.70914,24,5.121337024,0.3362189619,3919.194287,23369.03765,506.8724831,2,18,5,1,0.82337864,3,9,99,7.736453034,0.4909240229,1,37,0
36,62287.31885,18,34,664.6762357,21910.76941,48,5.601998462,0.7492166179,3102.19614,12044.07257,25311.1562,1,29,1,3,0.3439081432,3,88,39,2.154151412,0.9225840946,0,7,0
39,40129.89341,12,26,657.4866327,26330.91858,60,10.488212,0.7290118136,2445.675765,14753.46617,33912.68124,1,3,1,3,0.9545683511,2,71,78,1.029294984,0.88469803,0,99,0
49,43570.99391,13,27,626.5023219,55704.89851,24,4.708007429,0.8165059437,1286.319108,24204.67347,61401.10818,2,23,1,2,0.7648281165,4,52,33,0.7136719778,0.3909185938,1,92,0
62,53668.06975,17,7,701.6100665,27534.21112,36,4.701482198,0.3344860185,3006.501774,36609.55626,30676.39556,1,7,2,1,0.5528898041,4,26,7,6.300952643,0.7305208386,0,91,0
61,91888.69999,18,27,692.2748244,20538.21194,12,5.780291382,0.4953103,2538.122459,0,44850.40523,0,16,4,2,0.1092482494,4,58,14,8.0030538,0.2788459415,2,78,0
38,49055.72557,18,18,688.3087537,21001.46368,36,4.705407834,0.181541745,2318.025735,0,23622.39546,3,29,1,2,0.1250847124,3,89,43,8.700542842,0.4118364535,2,69,0
57,66739.45573,9,11,639.9571293,30438.21295,36,7.090750436,0.5666862144,3303.883859,3489.331807,25464.67264,0,22,3,3,0.6379990289,3,46,78,3.172231478,0.5859636149,0,89,0
44,81598.73034,13,8,787.8850032,21416.96496,24,17.84299269,0.40833577,1818.059689,21653.82302,33567.76555,1,11,5,2,0.4625978322,4,97,32,2.848827681,0.7851801257,0,58,0
34,82000.00329,9,35,740.5218472,27831.62363,24,6.586007873,0.4002137965,1817.158847,11733.50768,50191.67713,3,27,4,3,0.0846377779,2,15,8,9.99979062,0.5013909636,0,41,0
59,32405.39571,11,15,665.8345636,17628.86617,24,12.36244045,0.0539460494,3495.691103,14595.07296,21300.67099,1,19,5,2,0.9633591129,2,23,45,5.990325779,0.4132318291,0,55,0
23,54703.25298,18,29,755.7114037,7887.098562,24,13.78158187,0.5292341775,2279.158641,0,32740.43557,4,9,1,2,0.6381722106,1,22,89,11.87244769,0.5670874622,1,77,0
33,40601.84545,16,39,669.2239463,30540.32756,12,4.673658185,0.4820536556,787.4739746,25547.68677,31724.24849,4,19,4,3,0.5023199241,3,42,68,11.32263316,0.8724841081,0,90,0
30,26855.82695,12,25,604.6635377,49423.71829,48,4.480769793,0.3763972494,2727.67267,0,36088.24046,0,29,1,2,0.5362143505,2,67,66,7.674299804,0.1278671151,0,30,0
58,71578.92548,16,38,616.5822643,2118.51298,12,4.51373689,0.6162341142,2110.444804,1570.872574,15063.34116,0,25,1,3,0.3191773271,2,11,79,2.701813741,0.7935155325,1,61,0
45,78938.33918,18,27,689.7324241,22723.58138,36,12.0994646,0.5372113037,3070.567282,23808.05726,43309.33331,2,16,5,3,0.5223641394,4,90,99,6.614483642,0.923406578,0,74,0
27,36139.22488,9,17,750.6020427,24602.03429,60,6.980645864,0.6878159799,2682.131561,20549.63111,27249.45977,5,11,3,3,0.7529811995,2,50,53,9.112311766,0.1294841724,0,91,0
38,40432.8227,8,37,684.0756843,9010.820896,24,5.217870687,0.7096603858,2500.27967,6134.867594,33185.13921,4,8,5,3,0.3667499524,4,39,70,4.87224385,0.2338824664,1,98,0
20,68745.09372,13,4,636.9085873,24683.04022,60,16.27557094,0.1533441541,2242.047473,23711.68042,23756.85079,5,2,4,2,0.7784889699,1,46,13,3.34563462,0.02726558117,0,93,0
37,51327.8276,17,25,587.7170021,40638.11646,60,7.745552516,0.2879418306,2386.931631,12958.12458,11586.08414,1,18,2,1,0.7387138676,4,86,48,6.123046635,0.2135020516,0,53,0
51,66576.73299,14,19,732.1653544,35301.03464,48,15.03935434,0.8016625411,1120.733813,0,42754.92405,2,8,5,2,0.3098692401,2,31,32,2.936346582,0.6519541646,0,50,0
58,50930.03297,10,11,660.695591,3380.134658,60,16.64606524,0.7906317214,2334.640736,11277.68152,0,2,13,5,2,0.5384512816,1,16,36,10.89210461,0.565420286,0,36,0
32,68846.07891,18,39,763.3735155,1000,12,10.03700624,0.1999575186,2855.955238,9820.082642,0,1,20,4,3,0.9484545127,3,48,18,10.12082161,0.05220092648,1,85,0
63,61233.24138,11,37,715.0538106,44458.66984,36,7.658843173,0.2366070499,2010.386176,25724.7052,15749.95168,5,7,5,3,0.3280104533,4,67,7,4.649485936,0.3515913499,1,16,0
30,63546.91269,18,2,768.674033,7961.696625,12,9.021524243,0.615456356,2071.272857,22788.60939,7844.669323,4,28,2,3,0.1059676986,5,15,31,2.614738986,0.3346205348,0,6,0
57,61267.2782,8,21,730.9634284,26630.29139,60,11.06125825,0.5205894072,3535.559333,3573.64077,8957.96799,2,1,5,2,0.007155959188,3,91,55,6.907737823,0.1240229327,2,27,0
60,67895.52264,16,3,556.7321358,25920.51091,48,13.61644821,0.8166751623,1830.378735,7388.69611,25284.62126,0,13,1,1,0.4217375313,5,100,58,7.981237252,0.6690568931,1,5,0
24,34541.58577,19,21,677.3613154,23349.27809,12,17.91632704,0.3921716225,2954.844958,18502.51788,22076.66167,4,10,2,2,0.1594575112,3,2,64,8.272130586,0.2506159834,2,79,0
27,63742.83059,9,21,648.0112425,26349.37748,36,13.65533926,0.2793220794,2626.055821,17421.8633,20337.60014,0,13,1,2,0.4879751176,1,33,63,0.8211723423,0.8291444147,1,23,0
36,53339.85396,19,13,739.7073474,19538.991,36,5.81491977,0.2601025386,2120.564904,13957.71711,29529.33377,3,19,3,2,0.1777403078,4,80,19,6.907963646,0.535702662,0,21,0
35,50975.21892,15,1,668.3376116,16011.47133,12,17.39371514,0.6686518722,3263.398607,14464.74997,21579.05057,4,28,5,3,0.01545548718,4,52,58,1.30797923,0.9978555263,0,60,0
55,67535.71031,14,1,690.3127872,33117.54271,60,10.40163158,0.8331589287,2026.557721,11629.44381,47557.09449,2,20,5,2,0.7085610038,3,49,36,10.06867579,0.5332357541,1,73,0
22,86090.66001,19,17,612.0078449,37416.33374,48,13.93887081,0.4666841656,2828.01946,29528.46406,7709.609499,5,26,4,1,0.9818098909,2,59,28,7.46205041,0.2049155268,2,15,0
52,46631.61518,18,16,597.0407817,22422.31994,24,5.21487267,0.4568469954,1700.376997,32147.5842,14508.19254,0,16,2,1,0.7309443125,2,32,48,11.60776926,0.9413158711,0,100,0
61,63597.83716,13,15,620.6781037,29706.34063,60,16.88450402,0.4261038094,2303.45734,14385.35529,40524.68988,2,5,1,1,0.3404726519,3,19,22,2.251214842,0.6800654638,0,50,0
33,56522.04198,13,2,633.7179511,45088.23556,60,4.389242537,0.5413091615,3242.479468,7012.709006,31221.57734,4,5,4,3,0.5728027058,2,53,14,8.927988949,0.6243050392,0,31,0
53,37866.56815,14,4,694.3042684,21234.18711,24,13.93615784,0.7719478169,2706.289023,16300.19349,32180.6936,1,7,1,3,0.3275450758,1,93,13,7.697271563,0.6594931338,0,9,0
60,68440.55839,14,2,730.1400787,19225.94602,60,3.198401538,0.5113558843,2538.35597,20014.3956,44728.97723,2,15,5,1,0.5619591883,5,10,38,6.650422219,0.3924408878,1,10,0
39,34370.54471,11,15,666.3243094,31567.48652,12,7.779254109,0.05582270442,2299.159554,13804.72053,34256.41656,4,14,4,1,0.7381946671,5,92,47,11.13014287,0.5366080873,0,66,0
25,44380.47724,13,34,683.6627263,29403.99996,24,10.90468418,0.847103773,2106.277621,31084.28376,30684.13964,2,7,1,2,0.8093895255,1,69,69,1.252409723,0.3838043521,1,70,0
64,78975.10294,9,30,702.3475882,22716.95443,12,12.63181106,0.4461035916,2558.432247,35078.02402,44244.79249,3,25,5,2,0.6165522147,3,23,46,9.295028409,0.224469419,1,26,0
19,64592.82916,11,21,685.9703848,48614.51734,60,7.525300624,0.2051560171,1984.540015,15220.54289,0,3,22,4,3,0.7798549782,3,74,71,1.63192209,0.3262322661,0,32,0
28,34308.19114,9,20,688.7190065,25395.05455,60,15.11863251,0.7796789469,2419.68943,15294.53163,33712.2373,5,29,2,2,0.4934494349,2,11,56,8.230014214,0.1908482699,0,28,0
20,59990.28359,17,28,644.891814,34535.56093,36,15.98344763,0.5404164297,3919.77266,14996.34863,12015.42987,3,12,1,1,0.9860928476,4,42,55,4.803761214,0.2858136051,2,13,0
29,73411.76647,8,16,624.0591374,10017.57618,60,7.059126924,0.7191717909,1872.788686,17263.26864,28819.32599,0,14,1,3,0.8228771019,1,72,71,7.905580531,0.490618282,0,53,0
21,81837.43867,18,37,644.7971986,25595.07648,60,10.54421545,0.7359599116,2711.860374,13526.91206,20593.38127,2,11,4,2,0.5492557549,5,96,57,7.139393348,0.3153368508,0,65,0
19,52370.59096,10,14,681.3514477,24019.2479,12,11.82032535,0.4002639149,3102.523073,12106.61715,4921.749038,5,19,5,1,0.7458090273,1,30,41,6.470069715,0.2073887857,0,92,0
45,59414.2764,14,11,596.958027,17385.88409,60,11.89168049,0.759194458,3658.936217,13462.58357,30512.0114,3,18,3,2,0.7405075887,5,24,1,5.022145751,0.9660137486,0,59,0
24,57946.13648,13,29,714.2700313,48379.64875,60,13.60728089,0.7392560185,3346.942819,10435.51171,22328.1757,0,6,5,1,0.3606052939,5,93,55,7.354639304,0.8272527822,1,4,0
28,66222.77151,9,21,687.2242007,34163.76634,12,15.62029698,0.432835621,3328.657557,22832.998,25913.39781,0,16,3,1,0.5768016961,4,22,23,10.86963897,0.5142686693,0,14,0
49,33959.67602,17,9,614.0769445,37044.56235,48,9.739530633,0.5770366394,3306.917664,0,5036.740766,1,11,3,3,0.2642993792,5,94,93,2.082974744,0.9436291183,2,11,0
60,57546.33588,13,5,646.2943572,27251.28927,12,4.610699334,0.3083830459,3849.338573,10285.45806,21670.26144,1,29,2,3,0.7644878442,5,92,56,1.030675212,0.6826578231,0,39,0
55,48299.72418,16,23,686.1281012,32376.97909,24,17.67464886,0.1251337303,1647.063195,23242.79886,13025.95055,4,16,2,3,0.356991139,3,94,23,6.883252962,0.06687279981,1,96,0
54,75440.79104,13,12,642.6494522,6061.819446,12,11.56801316,0.7015730429,2421.031364,15447.16483,18522.76988,2,24,2,2,0.08740991343,5,2,47,5.192035068,0.160734351,0,18,0
25,33733.21288,19,5,703.5810522,35318.04759,12,14.07697524,0.4421215891,3171.89917,7459.599818,41486.52254,1,17,4,2,0.2178571391,1,27,44,4.385617444,0.3853477666,1,15,0
39,15152.52632,9,20,638.9471656,50232.51185,12,6.00852479,0.4835363282,2875.368631,0,17268.90826,2,26,4,1,0.7031761013,1,55,59,8.899666401,0.4282807292,1,87,0
59,54868.315,19,39,603.9179976,23267.21611,24,17.81436058,0.1843121914,3003.381542,24018.79288,9941.796347,2,26,5,2,0.1924708845,1,34,96,1.481152588,0.7639941086,1,73,0
29,69385.72081,8,22,664.1703765,22538.7063,12,13.27938657,0.3731245226,2413.610201,18494.39618,31850.96123,1,3,1,3,0.4988184139,2,60,25,5.603604891,0.7433385194,0,52,0
55,59423.17275,9,24,729.7789319,20577.65369,12,3.278886218,0.615480006,3168.812378,32076.97076,21007.15447,2,16,1,2,0.4413590677,5,34,83,8.221704169,0.7999598086,1,46,0
60,80744.17751,11,5,692.8998886,17279.80944,60,7.270095481,0.2224865529,2875.097023,14601.92614,0,2,4,5,3,0.8006928695,3,67,100,10.39010648,0.1929011148,0,20,0
40,48899.21673,9,34,754.9735084,31973.34489,12,8.48881606,0.1885921408,1891.317931,3310.225752,22175.51295,4,10,4,2,0.6077421163,4,33,88,2.326503419,0.3534203888,1,28,0
54,48129.73378,17,17,767.5271099,20336.45716,24,15.47780196,0.8393565786,2295.625628,20703.77754,11420.69156,3,2,2,2,0.8709991763,1,84,12,5.683295413,0.204750516,1,11,0
33,83347.49711,15,20,729.1849091,23693.49739,24,13.47915725,0.8748356186,2625.211708,5701.067222,12122.3583,3,7,1,1,0.3042061217,5,65,69,8.472062982,0.8578192291,0,87,0
32,45132.25512,10,14,629.2024747,27588.50497,12,12.40372408,0.7779813303,3105.765306,20260.13497,48043.39562,4,29,1,2,0.7705594394,3,28,12,6.141184906,0.8871445808,0,78,0
31,52587.46846,19,15,676.0883455,11775.97785,12,10.52137633,0.09483702711,1757.102128,23822.97073,39080.51203,3,4,1,1,0.6757506758,3,96,34,5.193595366,0.5709762947,0,61,0
24,60890.87882,12,15,646.5400908,48339.22646,48,9.180801207,0.7009993978,4009.402656,25381.95326,0,2,5,2,3,0.04165969772,4,47,73,9.994336115,0.05310288112,0,49,0
46,68737.89187,8,38,664.474635,28030.8597,48,11.60500221,0.225204351,901.0559262,575.9738085,24148.62391,5,16,5,3,0.7526523829,3,39,76,3.260745181,0.5689374279,0,58,0
28,47626.60942,8,17,760.6105324,43653.09956,36,6.480392028,0.7105236551,2567.656409,19595.19838,33678.81908,0,23,1,3,0.04738281306,3,81,18,6.645564675,0.4542217465,0,47,0
42,74607.74693,12,12,624.7695708,22572.86694,12,10.69801412,0.3773790424,3287.551659,19848.88807,32123.9291,1,12,4,2,0.9847531471,4,77,18,3.878752393,0.3302490875,1,56,0
50,77217.68882,19,0,616.1337812,13837.87321,60,11.26980062,0.5854914577,906.672808,28588.23134,10472.32295,1,16,5,2,0.9082002413,3,84,6,9.574861405,0.6341148362,1,81,0
46,61620.40428,18,19,579.1195823,25369.77934,48,11.23021227,0.6607079723,2763.593706,20438.81582,10632.06657,5,12,2,2,0.7402169995,4,73,5,6.642023068,0.1420272829,0,22,0
18,69757.2255,13,3,733.4216852,27920.41133,24,17.89455934,0.6750133524,2123.153541,11542.00651,29670.00853,1,1,3,2,0.5980374998,5,30,16,10.52156716,0.007604080556,1,18,0
37,58486.18912,18,21,632.8977531,19378.52793,12,7.232681732,0.2784522187,3366.350289,22911.00442,0,5,9,1,2,0.3669114849,3,5,89,5.094059924,0.07033509912,2,38,0
62,68072.32816,9,30,561.9811963,54702.09447,12,7.194787258,0.6889570289,3172.267597,10780.21834,33372.29282,0,6,1,3,0.7873248503,4,85,55,2.113981469,0.8048474007,0,16,0
32,66771.18687,14,31,686.5713665,20464.55306,12,12.13214679,0.5793961274,2891.473791,19754.76962,16823.3321,1,25,1,3,0.7885959708,1,91,38,7.177708106,0.01956643461,1,9,0
54,54197.30774,16,37,699.789156,1000,48,11.83072995,0.1109026581,2271.689235,17184.75875,12935.26022,5,1,4,3,0.3234657392,5,25,67,6.871522632,0.9043806451,1,33,0
59,46637.9969,19,0,709.6441308,19441.6398,60,15.83197295,0.2306381817,2186.871464,0,8129.136753,0,16,5,3,0.5431415787,4,46,37,11.13789707,0.2511100424,0,100,0
43,77810.66394,8,33,680.305571,19884.81432,36,4.139496534,0.8161522115,3731.323638,23114.3115,12807.81521,5,23,4,2,0.9539887621,3,31,97,2.322403096,0.4979000366,0,45,0
39,75083.38912,16,32,604.603177,29972.21013,48,14.55537855,0.5169589891,3269.507483,9567.757308,30922.5825,4,8,5,3,0.6197878389,2,19,35,11.22783784,0.8419121045,0,87,0
51,60868.0505,9,7,696.1731986,34718.5313,24,11.67732993,0.1251731197,1860.411548,34817.87571,50586.95632,3,8,1,3,0.1459156512,4,24,35,2.467070799,0.6476539219,0,13,0
63,37814.39915,11,31,618.0972563,29465.53866,36,7.720749548,0.4732586657,1361.828157,16895.56437,18470.03369,4,5,5,2,0.6015602866,2,56,89,10.97218125,0.2311606037,0,96,0
32,68635.27483,12,27,751.8363515,34628.36174,24,3.750694806,0.5607680094,2374.144877,28233.68034,38229.96396,3,17,2,1,0.5025239453,5,68,73,1.802795287,0.2991979325,0,11,0
22,86276.20862,9,36,698.0054836,10758.74836,48,15.16116402,0.8355043395,2986.251561,24009.21127,19762.58449,4,28,3,2,0.6817845571,3,82,51,10.25745126,0.6746119651,1,57,0
49,66041.86515,16,18,644.782454,4545.308343,12,4.326348804,0.5510714613,1774.723204,22190.22422,26984.45332,5,28,2,3,0.5014910837,3,34,8,4.976959862,0.2034525396,0,95,0
44,65605.60449,13,6,717.3292525,17009.85478,36,11.36448538,0.3990748108,1673.355951,2868.023569,0,5,25,4,2,0.197575785,2,88,54,8.558442753,0.6809216865,1,95,0
33,72572.5069,16,12,666.2966636,18228.95967,60,11.38907657,0.1110042949,1705.803041,23544.21319,14477.57273,5,8,1,1,0.4225046811,1,97,52,11.16404419,0.3276178509,0,8,0
45,68133.79938,16,38,621.0158395,19502.50325,36,5.390541296,0.1748686541,2415.030263,15754.09457,35076.56469,4,26,3,3,0.876444267,5,9,94,4.932162596,0.9901636238,1,56,0
62,43924.77323,15,31,609.9883251,9246.754595,36,7.404814386,0.7252038479,2640.162249,22031.5805,8493.334098,2,15,5,1,0.09074254865,2,63,77,9.53301965,0.1195589561,0,77,0
43,64175.52706,18,0,599.2619508,14012.01304,12,17.81496748,0.1898073195,2783.553503,8870.890296,8267.737076,2,28,2,2,0.2798245418,2,52,18,11.0506813,0.7774562269,0,69,0
21,63679.9905,18,4,599.1451354,2511.71031,24,12.73960327,0.1354516473,1616.534599,22593.69898,8825.829222,2,12,4,3,0.677602079,4,32,79,1.928429871,0.9467294146,1,25,0
49,44653.69057,10,33,618.8945601,24193.29974,48,10.79415001,0.8169029825,2051.223767,27120.62189,23479.49891,2,11,2,2,0.935630661,5,88,45,10.13921803,0.1882918706,1,41,0
44,72907.70177,14,19,638.9185198,29296.89121,36,9.350363634,0.3727856347,2924.041792,7378.182281,21297.41263,1,14,4,3,0.695132539,2,33,35,8.194444021,0.5883449082,2,6,0
33,67518.93108,11,12,750.4118194,27922.99816,24,9.830374711,0.4741731292,2064.975484,8412.992474,15851.20858,4,25,2,3,0.8624320708,5,44,42,5.072296713,0.3393299985,0,63,0
33,56737.3667,18,3,696.0408224,30695.26009,60,13.78633503,0.539270232,300,12780.29111,15858.71403,0,25,2,3,0.03634196651,1,60,18,10.67921588,0.6305862269,1,38,0
38,67655.36282,17,32,565.9148532,35144.92469,12,9.819139442,0.3429462024,1672.753185,20296.95446,34771.122,2,18,1,1,0.7430392488,2,10,10,11.23720643,0.7416808712,1,40,0
58,87291.25291,17,15,654.8256977,21098.04468,36,8.956708726,0.1831443436,2118.559433,17393.25104,10713.36438,1,22,1,3,0.5876622254,1,6,31,11.24654874,0.3340411264,0,68,0
49,63707.13373,13,38,682.8719075,27859.14844,12,7.03360115,0.7127281845,2285.152767,22279.27767,8177.548315,5,8,1,1,0.2197652937,1,9,69,11.29400201,0.4979996304,0,73,0
48,57331.5357,14,22,626.4295771,28229.1535,48,11.02491077,0.1149520088,1883.120595,6492.848537,59993.9355,2,29,2,1,0.09938904602,2,25,46,10.9307639,0.8328003757,0,94,0
54,44468.84981,13,2,729.0199523,28772.87201,60,11.77057705,0.7040986636,2319.164213,0,31791.07057,1,23,2,2,0.8317814496,3,60,77,0.9559128596,0.617480989,2,19,0
50,68009.68372,17,16,768.6535107,30929.65731,60,10.88290481,0.877944344,1370.790218,33930.40215,30731.00335,3,28,1,1,0.9941983408,4,100,37,10.17647783,0.195399181,0,43,0
51,58527.08461,11,36,780.001693,17542.41386,60,10.18372876,0.3698727974,2960.045153,18046.66856,33932.47367,0,1,2,3,0.703874988,3,11,9,9.948380666,0.08176448879,0,75,0
48,68725.27995,15,30,608.8155983,31915.60153,12,7.201505191,0.5707580931,1472.619199,15165.41572,7068.974431,5,14,1,1,0.4839252644,1,25,18,1.742570685,0.2586158508,2,76,0
48,57056.40474,9,16,582.9948692,23787.44585,12,4.091711089,0.8866874021,2334.281653,29814.99875,0,1,27,5,1,0.9197520848,2,76,11,5.030324503,0.1558432697,0,58,0
34,88754.36151,11,31,790.4402866,30920.9516,60,17.46759681,0.4923278344,2959.730115,23119.34624,21874.28297,2,21,4,3,0.0516324087,2,67,49,9.268186207,0.7607359388,0,20,0
39,75660.57564,15,38,665.8609317,20343.50628,24,4.765630074,0.1173361622,2477.779284,12007.42788,43625.51511,2,24,1,1,0.2710964593,4,12,96,0.7729000778,0.6958529809,0,24,0
47,43201.83501,15,33,660.0501359,28654.43132,36,7.079105961,0.2653260802,2647.222655,6963.863745,23744.31111,5,18,4,1,0.3424270038,3,10,36,6.831728937,0.384836723,0,29,0
44,55129.71599,12,1,772.6427678,38812.41764,12,3.194239257,0.2638789512,2799.078348,7975.537819,57021.06065,5,5,2,2,0.5316416123,2,64,15,4.278479995,0.9040816278,2,88,0
35,66595.86047,12,23,596.1292719,30764.60419,60,10.95637341,0.8023575317,2871.399158,26373.77548,14443.56927,1,13,5,1,0.06640257307,1,40,26,7.988192516,0.7552544463,0,36,0
52,52759.47248,18,24,721.4335282,29501.08337,36,4.516759835,0.5724327895,2234.534126,14632.38452,16746.80178,2,14,1,3,0.8521514372,2,90,94,4.394960833,0.4513921029,0,78,0
40,61000.83106,17,4,646.1709618,19608.52432,36,16.02746465,0.35392639,1830.378867,15448.58451,8496.828159,1,12,2,1,0.234293767,4,25,39,3.266509034,0.1005705948,1,16,0
19,53122.4954,15,10,681.4549698,12433.789,36,3.439945262,0.6825122763,1964.792255,4334.14165,25603.74241,5,16,4,3,0.2244214724,2,73,14,11.55073067,0.8552499491,0,28,0
45,70498.09988,15,29,620.4028241,32078.49958,12,4.532329705,0.653857979,1066.829375,19301.97586,19308.71415,3,10,3,2,0.7834780537,4,92,31,5.708678624,0.7496597631,0,12,0
43,56738.07208,19,7,546.9692941,38052.9327,12,5.6163655,0.8160474722,2250.646996,10702.59305,27707.63781,2,21,1,1,0.3417424769,5,29,71,5.935304041,0.4399007635,0,92,0
35,59481.64326,17,28,715.9369182,22655.82442,36,11.06561465,0.4883894878,1733.277013,26031.09031,28879.7244,5,10,4,3,0.9573100781,5,58,99,5.763073064,0.4198871165,1,74,0
33,53703.11807,16,13,710.4428604,41542.98949,48,17.75844016,0.707063058,2254.79949,19606.26333,9179.712139,0,10,5,1,0.2365164352,1,96,39,1.549086648,0.3199302577,3,12,0
62,60854.13519,19,27,606.9641088,13428.36119,36,4.406383361,0.5269798835,2333.179159,16259.5873,3032.952524,1,2,1,1,0.5329020635,2,57,29,4.833674606,0.2940277043,0,22,0
56,54631.52386,17,3,621.523842,8011.990324,60,13.3203553,0.7637428124,1255.530306,18873.3256,17278.13918,3,0,5,1,0.5293707984,3,91,85,10.5149333,0.637290655,1,46,0
30,45743.60242,8,27,756.2787297,25068.85081,60,10.47581881,0.4419489346,1768.258644,0,0,3,15,3,3,0.3221584776,1,49,16,2.332036379,0.08910628757,2,35,0
59,39163.85116,16,26,696.6820899,44747.23117,12,5.718845147,0.6887441618,2467.82768,7024.214153,22363.143,5,25,1,1,0.3437547544,2,83,66,11.65281988,0.152236824,0,40,0
42,83883.47719,10,5,686.1077779,17140.9572,60,13.90683964,0.3521246811,2081.565315,7723.291463,3657.415313,3,28,1,3,0.999783801,1,86,57,5.480566865,0.7191933085,0,87,0
55,50873.80857,19,38,663.1955917,24488.91847,12,10.76966314,0.7757504947,1289.370906,26559.93424,6589.156022,4,3,5,2,0.099655797,5,13,61,3.369923919,0.843004878,0,87,0
52,56035.59289,13,1,652.471718,40234.03074,12,9.910573516,0.6314042783,2816.807883,17824.40309,39113.52728,4,24,3,2,0.8640792259,1,1,6,2.645896919,0.6570443977,0,74,0
61,63307.95163,8,7,645.5980676,37073.65872,48,17.69245255,0.8716494743,1073.59358,16947.49478,29435.66275,4,26,2,2,0.7290133844,2,80,39,8.429192504,0.2634709304,0,64,0
24,65771.75268,10,34,579.9296161,20851.92232,36,9.654737266,0.6281233321,3952.655062,17589.28582,2617.696348,0,5,1,2,0.2050845371,4,80,9,9.148259592,0.6767549218,0,56,0
24,71244.20915,18,29,712.9748293,15520.37063,24,4.066961206,0.3473070753,3042.861413,14868.06912,13582.64575,0,8,5,3,0.1597311769,4,50,13,3.366202879,0.2206534574,0,94,0
53,73407.32068,16,1,690.3007131,32933.37568,48,6.742871199,0.5036472079,3294.090106,19336.16106,8974.936939,3,9,1,3,0.4711715137,1,39,2,10.05056878,0.9004319712,1,36,0
39,71365.89244,16,10,742.2605084,54281.31291,12,13.0983701,0.7755437062,1588.993254,24730.90069,12684.3211,1,27,5,3,0.1550443805,4,43,36,9.402184339,0.3663296859,0,74,0
43,78323.19964,11,15,719.8470931,40496.37172,60,6.716148712,0.8814709052,381.2735076,17519.09803,29186.3869,4,19,5,2,0.2662801303,3,84,62,3.038463471,0.2257598977,0,23,0
27,61526.00341,14,33,641.29862,50278.60397,12,3.801765849,0.177386856,1792.77989,11420.31888,38488.16619,2,20,4,3,0.309212679,1,98,98,7.790529667,0.0008625760375,0,93,0
23,47913.39564,13,36,650.1771995,33151.13399,36,5.605239439,0.2412514378,2474.706742,14967.70379,28333.45456,5,11,4,3,0.4322755567,3,7,78,3.614189904,0.01915248628,1,56,0
34,68881.40324,18,2,672.1956377,33527.87103,12,5.209590784,0.2186665075,2369.926015,3966.737637,6608.098074,3,24,5,3,0.5382547156,3,73,16,10.77786881,0.4848096339,1,52,0
29,37822.88664,15,0,668.7756053,29110.99658,12,17.59759879,0.6631161494,1380.338441,21944.20408,39227.71607,2,2,1,2,0.8748067306,5,42,44,2.466175628,0.7597662345,0,23,0
56,70017.45951,19,9,676.3666965,27912.71339,48,8.962513399,0.1337408172,2453.042057,10340.20158,14955.5105,3,7,1,3,0.5222394076,3,23,33,4.710796545,0.4281737053,2,73,0
18,62045.64973,18,28,739.6894734,40265.64011,36,17.19186248,0.4716406972,2012.020812,20759.80147,59859.74389,4,27,4,2,0.1204101015,3,23,2,5.032376782,0.4455395608,0,29,0
43,59786.78598,14,9,720.1973017,2004.155499,12,17.38790395,0.4157851194,5075.927727,5970.900954,39006.25681,3,10,2,3,0.05172925019,4,71,57,2.700408465,0.1918188364,2,81,0
53,64996.99099,17,4,696.5927203,32624.29273,24,8.569722289,0.6391856172,3519.034908,17256.81217,25676.02576,5,1,3,2,0.03044780113,5,77,55,11.5638937,0.9625511479,0,61,0
43,54380.91652,13,14,664.5273703,33861.23436,48,3.226541335,0.3564231051,1823.510016,29947.88133,41404.84478,3,17,3,1,0.6687233635,5,94,83,3.764550565,0.9209838171,2,33,0
28,25222.32015,8,4,610.0227303,33088.60658,48,16.10270311,0.7014053991,2084.425839,35269.08567,46220.60919,1,19,5,2,0.3685048037,4,59,99,6.617360542,0.7940732525,0,43,0
63,72303.84592,18,29,684.0596794,23403.17121,48,11.94027861,0.8696513639,2736.459055,194.8518603,3133.042781,5,3,1,1,0.1580371309,3,84,9,7.309268876,0.2024841834,0,85,0
64,73085.3172,17,36,601.146597,46689.30681,48,17.5346423,0.2542531549,3274.604504,17817.70208,24471.46192,1,7,4,2,0.06962441365,4,22,52,4.981071167,0.08911644567,1,74,0
55,61401.87983,16,9,704.5362506,20232.11939,24,15.57219195,0.1989367309,2181.562629,11764.87831,20317.11145,5,6,1,1,0.515045954,3,79,86,0.6145017077,0.1985258051,2,71,0
20,71313.13329,14,6,665.7514486,30967.8283,36,7.419137595,0.8190710075,3249.258093,20842.97555,15860.95393,5,16,3,3,0.6215336229,3,44,47,4.901357054,0.575534126,0,9,0
22,84240.33201,17,15,709.8835411,18021.08557,60,12.88559446,0.3221731053,1396.908972,3835.825119,32212.38738,4,21,2,3,0.2313914941,5,40,38,4.846702493,0.61652506,1,99,0
53,46934.45084,15,14,722.1838302,11213.18703,12,16.10699118,0.7757858289,3387.585735,5595.897713,26015.76057,3,16,4,3,0.9358285159,5,59,34,8.123338281,0.1218271517,0,92,0
43,52842.9678,18,24,790.476907,18856.02589,48,6.522378411,0.3747924902,2764.874344,11101.9051,26775.24724,0,17,2,1,0.6839730732,1,54,81,1.848880273,0.9471216493,0,18,0
33,52066.97899,9,17,737.6799572,32304.8248,12,8.957173256,0.1764156091,1926.205749,32435.84038,22475.07105,0,13,1,2,0.2273618974,3,8,24,11.45988482,0.9284896687,0,15,0
20,77945.78446,9,4,725.4348398,17123.21135,36,12.46600572,0.06754092313,2509.835104,2318.317312,0,1,16,2,3,0.8502737756,4,85,62,6.488378755,0.5772228873,2,8,0
51,54236.38626,19,17,700.0318137,37347.65944,36,15.4024531,0.09710372521,1881.042061,28712.3272,48078.96353,5,16,3,3,0.109962324,1,23,61,7.433771897,0.6371605027,1,8,0
20,50328.58549,14,26,652.1528512,30631.64658,12,12.31291303,0.1101152299,2203.406077,27767.15698,21602.85762,5,13,2,2,0.5822546826,4,61,2,3.694754765,0.9832949494,0,23,0
57,53127.54112,15,26,725.5293584,49652.85449,36,9.848706856,0.7933287567,3050.25771,23555.46138,4772.272704,2,3,2,3,0.2249682656,5,36,18,3.967856621,0.05876272694,1,73,0
57,29329.53691,8,5,596.4487508,25654.54264,36,16.09192853,0.1631120928,2740.029983,9646.051406,16111.53499,3,11,3,2,0.1722224389,3,78,78,5.343720752,0.3852987169,0,58,0
54,52406.13143,13,0,828.446455,46047.14231,48,17.20323626,0.1464158815,2979.076967,14158.27761,8042.560328,1,22,4,2,0.8970769681,5,2,80,6.121616654,0.9753538382,0,48,0
36,66449.85534,18,29,637.5352687,20972.1653,24,9.000104617,0.7896052441,1600.456737,19232.42853,0,5,29,1,3,0.1049763592,2,5,19,9.242164575,0.7710631683,1,27,0
45,52157.07413,14,21,711.5143216,23702.5455,24,7.342603365,0.6926975368,2226.989516,4848.29673,15531.91549,3,4,1,1,0.9424439115,1,97,63,1.536156218,0.9232492322,1,6,0
22,69974.89439,19,20,749.0604362,27098.77734,48,11.04908388,0.3678348042,1739.897062,18017.42163,3449.648191,4,23,4,3,0.9257514104,3,16,86,6.125013383,0.2088149207,2,97,0
23,85802.82251,11,4,663.9020067,20455.22584,12,12.46617622,0.8273718228,1190.357704,4301.845343,40544.23137,1,4,4,2,0.2257787747,1,34,92,7.860052116,0.7817156472,0,36,0
59,72553.66058,14,38,665.8886039,13231.82698,60,9.712885696,0.4310441472,2796.474041,23942.62345,37455.43971,3,15,2,1,0.5572769527,1,97,31,6.182283908,0.965689414,1,72,0
18,99613.35033,16,1,677.5934664,16921.40512,36,3.98770999,0.6681676183,3483.25368,29766.06189,3879.829832,3,8,4,3,0.2326414256,3,46,89,8.411871291,0.643417476,1,29,0
52,63569.68182,19,12,651.686809,29655.09494,60,13.34412824,0.3724301086,2194.796094,4843.13205,8734.043311,2,24,4,1,0.02293571418,5,29,38,2.336162328,0.9955562094,0,4,0
47,48924.31516,14,20,646.8761291,22960.01557,12,7.78998994,0.6101137976,3101.362965,37516.18705,28178.20325,1,1,3,2,0.9840125949,1,20,82,8.635677251,0.5309243293,1,56,0
43,55404.02318,18,22,606.0541914,10234.67731,24,14.95248975,0.05014537884,2041.698753,27338.65849,21185.08559,4,25,3,2,0.770584774,4,61,61,1.138485793,0.9219908703,2,29,0
22,56826.7945,11,8,667.0549123,28699.87633,60,11.20649678,0.5794729861,3223.703805,4182.299298,25522.04077,3,27,2,1,0.9420157802,4,17,60,5.212288121,0.3140111027,1,85,0
30,68519.54811,12,24,677.0282762,27203.41797,12,17.44301703,0.5062924404,2520.549507,22286.58452,28001.92531,5,14,4,1,0.4270842124,3,45,52,9.988002337,0.9959244844,0,9,0
46,62350.93909,11,18,670.8054251,15945.87473,36,15.69366959,0.8269458014,2290.077541,11331.3275,34471.35202,3,9,3,3,0.2354539312,3,40,45,8.088456745,0.07182584749,0,93,0
34,62750.68167,8,16,651.935944,5823.552532,24,17.13232999,0.209858643,2908.022434,16447.52807,27994.941,1,12,3,2,0.631578387,1,70,48,8.950753955,0.3841005963,1,65,0
40,41057.73117,17,19,605.623378,27384.53926,12,10.42290483,0.3780404666,2838.508337,22138.33348,29377.00365,5,20,2,1,0.5629883884,3,25,19,8.899409606,0.6836589292,0,77,0
21,60812.51547,8,7,717.0559735,33159.28508,36,15.90661877,0.1991927268,901.9132432,11613.17007,32624.96058,3,27,5,3,0.5130771506,3,64,69,0.5104042538,0.8136312211,1,51,0
64,76559.40633,12,31,721.0322045,35037.26194,48,5.173073009,0.5920597876,1365.276404,0,31645.90191,0,19,3,3,0.6555174428,3,88,95,8.568960593,0.8449323085,0,65,0
38,64289.38194,11,25,693.7012378,32793.40146,12,17.4929238,0.4716183773,3142.217274,22325.26905,33476.08299,3,23,5,3,0.9967916143,3,15,70,11.1529719,0.4868227315,0,97,0
48,57418.47155,17,31,727.42389,40010.27592,36,15.96571192,0.532626124,1621.215354,26952.01275,35481.0189,5,19,4,1,0.78240424,3,79,35,3.864742737,0.2558450852,0,8,0
45,77402.84635,8,15,719.4818301,27078.40596,36,7.601179942,0.1145459632,980.0101503,15695.18631,51566.30071,3,0,5,2,0.8532303958,4,11,95,8.860479089,0.584244546,0,77,0
61,58345.98276,9,35,638.1486181,22815.04026,24,9.480988972,0.7685574357,3668.018131,7091.7702,22573.31681,3,18,1,3,0.2641727218,3,5,50,7.155012651,0.756665904,1,12,0
55,44806.63797,15,9,608.4262464,19947.16705,48,11.30498992,0.8382451385,1467.89637,11355.0144,48778.21607,0,5,5,3,0.8090311201,2,93,38,5.623014875,0.4175561734,1,84,0
44,81973.02544,12,12,645.6070716,14387.21093,48,14.09788394,0.3757446403,3585.01536,30358.20252,27958.1889,5,0,2,2,0.8254916415,4,58,21,5.450335143,0.08713087193,1,64,0
29,61943.24374,18,15,722.1749504,19842.2191,36,3.703254831,0.7548086771,1945.719675,9588.868792,29049.42438,0,2,2,3,0.2544220721,5,79,84,9.384222977,0.3647288366,1,80,0
40,50285.0114,8,30,618.9640365,42466.60246,12,10.80351452,0.2112765401,2137.323164,4868.927279,12085.8506,0,17,1,3,0.6830436069,3,94,52,3.998914338,0.4704722745,1,21,0
23,62702.4807,10,22,612.621934,8007.592148,48,9.337060124,0.1039626673,2554.748884,8068.446279,55177.45033,4,13,2,1,0.3272844041,2,84,6,7.238711085,0.6194684599,1,64,0
45,48079.18698,13,9,598.5599398,15301.52798,36,12.40174286,0.8704649954,2907.843911,45433.43626,20663.5048,1,10,5,3,0.1928073685,5,28,35,10.18952669,0.9725805526,0,15,0
18,55902.88635,14,11,666.6517021,23339.77041,36,17.76945909,0.3803516602,1831.983846,6164.938598,17414.88261,4,24,3,3,0.7541387583,2,67,12,10.79138243,0.4435473215,2,73,0
28,43710.50415,13,32,657.1934213,20537.40838,12,4.24112594,0.3531761767,2154.974219,15130.99614,38338.78323,4,29,3,1,0.9936244703,5,48,59,10.21929362,0.9486102808,0,49,0
62,52817.54384,17,16,719.7463916,21474.31294,60,13.7190001,0.120980894,3132.388351,22300.07706,15837.83912,4,5,4,3,0.1324824313,1,24,32,1.721989859,0.590216275,0,46,0
29,42427.17308,10,15,735.9753139,21507.95204,24,17.19013836,0.3518657394,3255.976005,5684.455638,17372.17966,3,20,4,2,0.9078440263,1,90,75,7.859188718,0.2867437918,1,49,0
43,69533.52438,10,19,741.4928774,31448.8806,12,9.601808928,0.3121089941,2010.66516,15779.47119,9581.673105,0,26,3,2,0.3642854828,4,95,14,4.997824424,0.7668350047,0,4,0
62,40178.42864,13,20,696.700428,34124.25431,36,6.013013618,0.06158753746,2705.000481,5302.30187,23352.92696,0,2,1,2,0.2980510689,5,72,4,3.568029629,0.1331512575,1,68,0
49,62118.40821,15,13,597.090926,20683.68572,60,15.99294663,0.1261934484,3115.113608,23009.32212,1887.245584,2,8,3,2,0.1270780041,1,61,88,5.957989709,0.8010627518,1,78,0
46,15000,9,4,654.7884552,23767.25973,60,15.93964386,0.5606139834,4285.051394,21743.31991,8260.600676,1,0,2,1,0.03299886749,3,78,25,10.42338906,0.05898921417,0,88,0
49,72124.29866,10,35,669.8618715,23259.29305,48,6.261425455,0.8560809927,1879.016858,17084.05361,25511.32381,4,26,3,3,0.4933227597,1,59,69,6.944457877,0.8215210433,1,32,0
48,55448.01171,17,22,667.3619681,12592.76904,12,12.25915021,0.3062305512,2127.150371,22062.14461,798.5126462,4,29,4,1,0.7379346431,5,93,95,4.779516854,0.5909708406,0,74,0
60,56154.31508,10,36,613.5881974,46531.75196,60,15.11556159,0.4287906081,992.7422426,19295.1538,35209.52332,3,27,4,1,0.9132978812,2,26,39,11.55668967,0.7565357703,1,8,0
19,63288.02512,10,9,526.6899383,31725.79168,24,10.33978159,0.8760090248,2165.687804,23601.95092,9820.940406,4,2,3,1,0.6168830692,4,20,25,10.78427152,0.7145135797,0,1,0
22,37010.55282,9,20,601.7239834,17057.48354,60,9.560346055,0.2505861402,3065.26245,10673.78884,38609.83529,3,13,2,3,0.7167915801,2,12,38,3.91108661,0.5962192811,2,72,0
40,41626.23682,8,18,760.3147918,19928.40697,48,12.05209356,0.3189609812,3392.748145,3904.038923,34520.43292,1,24,2,3,0.2789956345,2,4,42,2.480034621,0.04323763486,1,54,0
58,64624.97612,16,3,783.7218947,18794.87371,48,4.893027328,0.7815219941,2009.677347,7605.923152,25725.64641,1,2,3,3,0.01282486742,3,60,56,5.353327959,0.4836913804,0,83,0
37,62285.92819,15,26,559.9107467,34896.72211,12,9.443056946,0.6758945273,2006.094805,0,19857.7463,3,2,1,2,0.5467809595,3,73,97,9.047429048,0.02789789533,0,76,0
32,63316.61434,9,3,664.6645881,1399.233504,36,4.454132766,0.4070851333,2911.333741,14105.33323,18330.63987,5,20,1,2,0.2251667936,4,71,56,1.65437241,0.4766772747,0,26,0
40,62543.36639,8,6,695.7459751,24111.88047,12,11.4853769,0.5647730647,1252.046789,21853.78776,29802.91102,3,10,4,3,0.9066765963,5,30,60,9.140252291,0.003281921443,0,32,0
57,74812.62837,12,25,777.820536,49754.73176,12,7.002441326,0.6396072879,2469.87538,11105.39403,32390.76616,3,13,5,1,0.3947847092,2,4,20,8.959077387,0.1449293289,1,76,0
39,54103.01843,11,14,699.0082101,43570.64625,60,16.49650289,0.8588291866,2724.707711,4871.039219,11440.8714,2,4,3,3,0.7745122456,2,73,47,1.335489835,0.8277312445,0,62,0
54,43155.01878,13,39,715.5550538,21020.99621,24,5.388549181,0.1208806423,2541.461841,26323.42074,0,4,22,5,2,0.8245633249,2,90,96,1.322725488,0.01715315917,0,91,0
46,46979.80314,9,25,698.8659254,16767.53924,36,8.925036078,0.6469393545,1800.983643,17314.32807,11384.41252,5,5,4,1,0.8810434501,3,48,79,7.199171025,0.07244220013,1,53,0
64,51421.61351,8,7,718.9852722,18314.73785,36,16.75993434,0.6104208525,343.555142,18661.03462,8207.111193,0,25,5,1,0.357738881,3,54,59,1.827440779,0.3788810179,0,37,0
49,62369.9883,8,36,660.3879046,24952.8843,60,3.873751178,0.6993197502,2006.287107,8313.522319,18126.54844,4,1,5,2,0.183800341,3,28,50,11.27137082,0.4465265031,0,16,0
23,53394.42418,9,8,729.2424176,26101.09442,12,7.125742872,0.6620149062,2377.056866,21400.2447,19307.84707,1,26,2,1,0.9251741956,3,65,62,8.857791851,0.9718513981,1,83,0
31,67349.90028,11,34,605.3163756,17829.77722,60,16.51900618,0.3488462361,2356.703636,16014.88163,8662.291046,2,0,3,1,0.1793655975,3,68,62,6.890546809,0.9437595889,1,40,0
20,79701.71073,16,4,688.2076418,27475.75023,36,15.81815085,0.07570149919,2312.939009,22555.47955,9022.14775,2,10,4,3,0.4075899968,2,27,89,4.966919505,0.24509432,0,64,0
48,53848.58178,15,14,651.9337811,24112.03341,36,14.95593382,0.5516231742,2242.738958,14724.94783,10474.90958,3,21,3,3,0.07532142101,5,49,30,4.806374863,0.6079132086,0,97,0
34,66135.22791,16,7,651.399088,5995.874266,60,10.86958894,0.5174406303,1386.749406,10330.65456,22265.40417,2,8,4,2,0.7384791992,2,58,63,7.523513088,0.9685988255,0,14,0
57,66590.78557,18,21,633.7080908,23819.25591,36,17.56816568,0.8905523421,1606.4217,4244.670456,34246.69127,2,27,5,2,0.9281308834,2,29,50,2.359637294,0.07589228665,0,38,0
60,56313.37192,12,38,607.3397419,27143.92079,60,5.93785832,0.4137203708,3395.03104,16723.68741,4341.293632,3,3,4,2,0.755458898,5,9,93,4.612051403,0.7485523184,0,17,0
52,46984.54469,14,2,609.4267525,24913.64867,60,15.46502343,0.378210455,2698.97789,12982.66733,13296.02725,0,26,1,2,0.9467570752,4,95,97,11.47463133,0.5689486009,0,57,0
37,64528.15956,14,8,691.4622399,24619.98589,60,6.444249563,0.1094076476,2332.422577,18679.22769,16457.82752,5,1,1,2,0.2003159183,5,11,10,1.19698869,0.2759691653,0,83,0
21,41022.5873,19,18,674.7608465,26806.04732,24,16.67952917,0.8375487436,3317.29142,18594.78086,18545.07079,2,1,1,2,0.8932280372,4,93,52,6.815477006,0.947941865,1,90,0
19,57638.04924,16,29,638.4753187,35346.80793,24,8.866656399,0.8284140238,2332.825749,10175.37536,6879.940761,0,28,1,1,0.04384537562,2,6,58,1.210938436,0.43642782,0,27,0
36,36462.13491,18,13,802.5442545,28875.15254,60,16.24418238,0.8949552792,2182.599971,19663.26838,16583.16032,3,9,3,3,0.4133281651,4,50,54,0.9388107163,0.8562814541,1,4,0
35,102157.3639,11,13,721.14618,37842.96681,36,9.523233199,0.3108972081,2481.169065,21715.90929,38069.15143,5,0,3,2,0.952356228,4,88,28,8.601275672,0.2747782428,0,36,0
48,44195.56908,17,32,726.8461571,27704.06211,48,4.435883162,0.2446631231,3303.936861,16044.14944,12540.98956,0,15,2,2,0.5781336399,5,42,100,4.242230283,0.938332534,2,11,0
37,55221.92728,13,30,614.1623836,21342.48856,60,7.968168369,0.6286788516,2702.643134,6974.174991,20082.89795,4,20,4,1,0.09251472352,2,2,76,4.49988219,0.5541114813,1,3,0
55,80682.34165,19,30,754.3486573,17478.27514,24,7.045555472,0.4506287225,1563.970248,16808.43783,25518.08587,1,15,4,3,0.6823131344,3,18,56,6.428383502,0.1527973247,1,12,0
63,22146.77915,18,12,761.2359832,30268.7526,36,15.22561314,0.1591522658,1985.115543,5302.423851,53005.90357,1,11,3,3,0.4254540849,5,80,18,0.70844054,0.2472053078,0,15,1
40,71231.26925,15,34,612.2265202,23140.01354,12,8.230730091,0.2000511956,1838.049679,28025.63434,11314.38628,1,8,5,3,0.05743482566,2,69,85,8.294683743,0.7017854617,1,13,0
57,61727.80881,19,39,634.444653,35818.90546,24,8.005796747,0.362515894,2377.794671,11713.08494,28890.49266,5,9,3,1,0.1106512987,3,59,33,8.193694757,0.3203566937,0,27,0
60,58051.24761,13,27,655.5652422,23703.23827,36,7.331780479,0.1290953282,1499.408027,13655.76118,9055.177906,1,15,1,3,0.9094650357,4,4,54,3.733507045,0.1394859749,0,65,0
53,89172.74574,8,7,734.127195,29609.07173,48,8.022898694,0.1944073522,2570.153272,17814.95044,13849.54462,0,14,5,2,0.7477459601,4,84,52,9.810514999,0.4158910083,2,2,0
25,47693.75675,9,17,717.8049065,25246.99971,48,7.921959202,0.3603485658,3012.772263,12342.73118,10280.91523,2,12,1,3,0.5146897625,2,24,7,4.862561613,0.8582289759,0,92,0
56,56132.97178,14,34,647.2610565,11978.41087,60,11.22961788,0.687239468,2806.666352,10051.6727,33449.7207,2,20,2,3,0.4348332825,2,84,9,9.607406446,0.7762249725,0,96,0
41,63912.25646,12,7,627.179821,33656.31252,36,8.254281741,0.5634731835,2762.522068,22690.61547,20756.76264,0,25,1,2,0.8595778773,4,96,9,2.054374666,0.5994379253,0,100,0
44,94087.05059,9,36,686.9279911,18019.94523,36,4.833555148,0.586808697,2335.622496,30171.11682,32508.56714,0,12,3,1,0.01652421245,2,6,51,6.137535502,0.0283668941,1,58,0
46,61621.74496,13,3,734.8685257,25572.21965,12,9.515086117,0.4163079357,4180.154936,24983.3307,33579.02221,0,11,1,1,0.5884059386,5,35,11,11.94268373,0.7494551091,0,30,0
36,74028.27391,12,34,652.578006,30303.37942,36,14.0729406,0.5587535118,2163.502429,9122.288186,29942.13473,5,3,5,3,0.03016901749,2,25,77,10.74569448,0.9906358941,0,16,0
43,61627.67367,19,12,820.3396916,31533.82241,24,5.866559186,0.2453954387,3728.035085,507.1520641,17659.52318,1,4,3,1,0.71177878,5,19,91,10.05617865,0.8610769976,0,74,0
27,80780.00724,17,33,628.8395949,17670.78124,36,12.30666329,0.5051012645,2793.010013,11833.75378,27090.2075,3,18,3,1,0.04788832526,4,52,64,9.298599693,0.3302591016,1,10,0
51,60032.19396,19,30,664.0459891,38345.39569,12,13.52227845,0.2652235365,4607.855174,5889.616872,32438.5757,2,14,3,1,0.06209291025,1,100,63,5.030351004,0.8057450989,0,89,0
49,61717.7925,13,11,762.1156796,55313.00397,48,6.504619605,0.2552448648,1816.838888,17247.55237,13772.76606,2,24,5,1,0.7850335618,5,37,85,11.59456309,0.6020229039,1,18,0
19,51639.09501,19,28,689.4392702,15984.79731,48,9.480070592,0.8825527513,2381.473988,43502.52608,7510.775601,4,12,3,2,0.4096645488,4,32,75,7.698749419,0.9117432541,1,29,0
31,61055.68359,12,23,656.4368741,22695.38764,24,9.40296669,0.6245453784,4621.069431,27880.62257,24481.96672,2,29,5,3,0.4164058922,3,39,27,2.884811102,0.3971000434,0,48,0
63,54430.2395,8,27,617.1460339,35363.61121,12,5.080636851,0.109008506,4338.99232,11164.35496,9376.020483,3,15,2,1,0.7471755513,3,44,19,3.695424879,0.7488073806,0,77,0
60,49999.34549,18,22,699.7288789,29818.40053,48,11.12448166,0.7638900009,2708.871868,25309.07154,37780.27486,4,0,1,3,0.8400212566,3,65,33,5.967887622,0.8996825682,1,72,0
62,92684.55641,13,13,761.4164157,11815.88168,24,7.582481548,0.0973276188,2173.112927,7541.252713,32118.54036,2,28,3,3,0.5865780961,1,55,65,0.5984328479,0.2299310838,0,59,0
33,55318.04279,18,16,723.7310222,38937.87639,60,17.58654768,0.09980087487,2272.911348,19134.84023,24652.22915,4,5,2,2,0.9242235323,3,14,66,9.460582601,0.898770187,1,68,0
52,69158.55412,11,11,797.2950046,51227.62287,12,3.74756642,0.1678042199,2776.575016,0,1779.151422,2,20,4,3,0.6957233731,5,49,34,8.267768839,0.9727789457,2,16,0
27,67713.89821,14,19,823.8732519,3647.123434,24,12.65550957,0.4534665448,3196.382329,5161.358453,36091.04328,5,1,5,3,0.6748866136,5,56,47,7.957065377,0.9872445874,1,15,0
62,62689.88533,13,7,692.7847644,20493.78293,60,15.54027965,0.07158579296,1599.198823,28411.31642,23071.09343,1,3,2,3,0.4484480841,1,96,12,7.671879975,0.04046770012,0,7,0
56,40805.47384,10,33,640.1428382,24881.67082,48,8.973604759,0.5063994166,2705.348618,9261.019469,49569.92929,2,29,3,1,0.8144381332,3,62,93,1.916138581,0.564086461,0,4,0
37,47271.58354,10,19,726.1304806,24891.19761,24,7.321024172,0.1383192872,2536.727496,23729.45209,4844.268554,0,6,3,2,0.2275478286,5,78,54,7.951429422,0.8149405706,0,44,0
32,73142.29068,13,0,754.2202503,12240.59511,24,12.93566438,0.7185926591,2594.754548,337.1637344,11807.16908,3,19,5,3,0.7171155618,4,81,93,7.348220326,0.3368705205,2,76,0
50,48720.56646,11,3,686.4897701,38747.53291,60,16.58958301,0.5070402733,2707.163668,8252.046671,0,2,13,5,2,0.08545234789,1,3,71,2.645660479,0.8996582116,1,21,0
49,33137.94301,8,6,727.6901285,5683.714689,12,14.62759744,0.7077248813,2969.551466,11590.87299,20274.43827,2,20,2,1,0.9424494249,2,20,80,6.307987295,0.04345814689,0,18,0
42,79253.86351,17,12,643.8020982,27112.52821,60,3.823737737,0.483146604,2013.915896,12948.23394,0,0,1,5,1,0.6356977777,4,35,37,3.478871416,0.04936112765,2,45,0
28,42508.56095,10,3,605.4622598,11040.95933,48,5.038259259,0.3471573501,3485.727157,0,4989.022522,4,9,4,3,0.9547761405,4,11,100,9.303488147,0.796706915,0,46,0
27,56241.59808,16,13,620.076366,13900.99099,48,15.94239173,0.2719671174,842.9986096,22411.64245,32629.86059,4,8,3,2,0.1396669665,4,90,7,2.281756602,0.08053549946,0,27,0
60,55341.71033,17,37,604.0266946,51081.13789,24,9.376328028,0.8289027333,1543.361062,33844.70392,3321.595995,0,23,1,3,0.1779045341,2,1,8,5.641102073,0.4973909843,0,31,0
22,42843.85806,18,21,772.474413,39150.97941,12,15.00693263,0.5635133115,2548.9177,21776.08786,28999.35696,1,13,1,3,0.7298181474,2,62,76,3.606243694,0.2077851962,1,18,0
42,68494.01942,11,32,735.5801346,49610.4916,60,9.309404764,0.7248830954,1361.796847,16995.5841,8711.785122,3,23,2,3,0.3944360907,3,14,49,5.327098959,0.6729873545,0,34,0
59,51514.22565,15,32,660.5563739,14460.76405,12,7.822844067,0.4880155307,1262.890827,21837.17995,14548.5665,2,4,5,1,0.4052405718,5,39,86,3.215778275,0.02223579001,0,13,0
45,79473.69425,15,1,696.6872173,13973.04196,24,9.338468382,0.460766289,2687.561902,0,46365.39752,1,11,1,3,0.5760723478,5,23,22,0.8886256485,0.7371287064,2,3,0
57,49106.38153,19,10,623.9253497,24136.06175,60,15.44050418,0.3091273421,3001.855676,15918.27511,18643.12607,3,0,4,3,0.2930760268,3,8,6,8.101239625,0.9389669716,0,65,0
30,53439.85119,10,6,579.7552291,43258.15398,48,11.93512334,0.7552082475,2602.154892,15203.04842,21995.87989,3,17,3,1,0.05276809173,1,14,87,5.583119077,0.1159178457,0,19,0
51,45331.04525,16,23,565.2227263,28724.78184,60,15.61341621,0.7530769368,2798.568268,2793.564213,15295.63687,0,3,4,3,0.6853453112,4,66,18,5.389365275,0.115523668,1,78,0
38,42855.28889,17,18,657.3462119,52466.58706,12,11.345719,0.7572858642,3317.103649,13550.51912,0,5,12,2,3,0.02085204693,5,28,77,6.245782399,0.8246118066,0,41,0
48,60135.31253,18,8,601.8627661,18199.2297,48,17.51581622,0.4092969521,2736.47135,19370.66697,21330.64593,1,8,5,3,0.1608040291,4,21,69,6.838585674,0.5906637991,1,86,0
52,53463.86358,11,2,618.4010781,27343.153,36,15.21391278,0.2700212393,1496.485065,22492.11523,40294.58741,5,27,2,1,0.8300532439,4,9,17,10.48508404,0.3168345111,1,66,0
24,75971.13731,10,5,697.4875245,33738.58107,12,17.13269958,0.7805009179,1277.58014,30315.96089,16714.39468,4,25,5,1,0.5345836254,1,77,25,11.38755555,0.4080089652,0,6,0
18,37443.27042,12,31,658.6942467,25827.17287,48,15.6123823,0.6212486178,1360.654741,10998.19965,6018.07102,3,6,1,1,0.7427758255,3,36,100,8.527933857,0.6083669383,1,92,0
28,52962.09153,17,22,731.793738,38992.93353,12,4.9638415,0.6251429417,2300.982404,0,20041.47032,4,25,5,3,0.320649606,5,67,59,5.717239527,0.8661085936,0,51,0
35,49038.66217,13,17,760.6929506,11626.86753,24,10.06605359,0.5130442182,1402.634977,14018.8789,42479.45908,3,17,1,3,0.3175682376,1,51,49,5.340535132,0.3499964388,0,56,0
22,68983.65234,11,35,570.0196232,22123.09038,24,7.331113521,0.7645355403,1464.945005,16487.73716,19304.68915,2,11,1,3,0.3460022422,1,1,14,4.079326887,0.4844658523,0,20,0
63,46204.90496,17,25,643.8968356,36539.92477,24,17.34390298,0.159543045,2295.247676,22643.43339,0,4,16,2,1,0.2136581126,1,63,67,9.84281005,0.6943607416,0,87,0
34,69946.16994,9,38,645.2267848,29163.60041,60,16.7168775,0.1483736955,2003.251929,12780.15542,11963.47876,5,9,3,3,0.6335409832,4,70,35,3.795482373,0.2436095764,0,84,0
55,70694.62778,9,26,729.2874722,17533.32521,60,8.31400725,0.8550489114,2163.14008,11697.55438,16170.41539,4,20,1,1,0.2944795077,3,74,65,5.062245607,0.5257102497,0,36,0
57,57205.64962,9,2,691.1519691,30173.96863,24,3.67952611,0.8548328539,1941.780326,8309.989729,29955.29988,2,11,5,1,0.1347012699,3,5,66,3.510816214,0.4120215358,1,42,0
18,64663.04859,17,31,715.337176,19849.19774,12,7.974938723,0.7810285774,2763.055799,3106.441042,27190.03988,5,3,3,2,0.2393994417,1,61,52,10.14335473,0.8724623452,1,92,0
41,83489.62008,8,27,757.9272256,20571.49284,60,4.558180418,0.4534080549,1750.427401,0,49457.99085,5,7,1,2,0.3505936993,2,74,54,11.48317836,0.9272626214,0,33,0
22,68956.40242,8,12,709.3017678,6279.365782,60,7.139824015,0.07719556704,1077.516104,25375.4057,26226.13717,2,5,3,2,0.6637969125,1,97,100,7.72876537,0.3432570783,1,43,0
61,42771.42838,13,35,693.8760169,22973.51647,36,16.53873352,0.5678913443,2906.369647,14522.05253,44191.19304,0,2,2,3,0.3942097284,3,12,35,7.895206953,0.6595351395,1,19,0
47,58189.28605,17,1,680.3367438,30763.76804,12,6.760273528,0.8006091582,823.876718,8544.749887,14415.12691,5,7,1,2,0.7809091569,2,75,5,5.150486214,0.9993609193,0,96,0
51,69308.57442,11,15,708.5704071,36233.1975,12,13.82241323,0.6144527176,2711.188389,26664.94202,0,2,28,2,3,0.210221137,3,56,46,2.089230671,0.6093413424,1,12,0
29,55495.39707,13,21,740.0963054,21842.13837,24,10.91907975,0.4915706102,4127.862422,11767.1205,27055.2683,4,9,5,3,0.2420171469,3,7,69,4.98698788,0.5236173314,0,45,0
49,85305.06677,11,5,571.118781,49934.82732,12,12.15128131,0.4524954251,2333.719732,9551.79053,34873.56844,2,5,2,3,0.9905708963,2,30,70,6.991448157,0.07154937784,0,37,0
55,61924.11913,19,1,730.431952,15376.59357,36,17.12954731,0.889443313,3473.157335,23275.17974,17857.49365,2,4,2,3,0.06456781868,3,66,4,10.69533185,0.7992309474,3,28,0
35,60153.67497,19,39,535.6480174,22045.4219,48,10.50544305,0.8540343497,3172.120086,13688.7333,0,1,25,1,1,0.2147827371,5,74,30,1.015600881,0.4215313013,0,30,0
45,23237.88505,13,19,664.9720121,21235.7922,24,14.57944028,0.3343827102,3283.765814,19166.36702,15858.91285,2,26,5,3,0.9711737059,3,92,85,10.51282725,0.5523714413,0,31,0
60,61893.71573,18,15,670.5627626,35031.38665,24,4.925936176,0.8197103984,2449.381274,15459.40856,6494.870569,0,20,3,2,0.3549639251,1,31,54,10.17675007,0.8401384967,1,77,0
56,47607.6341,16,22,694.8324472,15537.53488,60,6.037603232,0.336577198,1932.607595,0,21834.37158,4,24,5,1,0.9546171203,5,5,23,0.6961766599,0.51117337,0,47,0
55,53437.67937,10,22,689.7985777,27087.28688,12,7.275556152,0.6497102761,2558.370679,18008.14889,26665.23856,3,18,3,3,0.7530338876,5,74,7,10.74639136,0.04723036765,0,57,0
19,65111.74012,15,0,763.5268967,27286.3912,60,11.36769669,0.3586562358,3725.380173,16185.83833,30477.17328,5,7,2,3,0.6298911391,3,22,46,8.731881857,0.2692325757,1,59,0
51,55221.65334,10,3,629.1917502,12380.88589,60,7.313116404,0.8445306662,3252.116686,0,3106.450004,4,12,1,1,0.09094999687,1,72,76,7.129456667,0.03376661262,0,96,0
33,30574.62394,16,29,656.9173633,41542.53501,12,14.3861893,0.3906112895,2114.138269,26301.90592,31303.14969,1,24,2,1,0.208031653,2,40,6,3.532915597,0.3997792937,0,45,0
51,42266.39085,15,5,655.1411127,26466.41672,36,6.405735406,0.6638608008,3230.567596,15123.64935,34177.45018,5,27,3,3,0.8541365593,2,24,94,5.363939684,0.961549688,0,82,0
61,76555.23785,16,0,697.5295319,35299.88163,12,8.577958948,0.7322826293,3834.042623,0,43050.33478,3,17,5,3,0.1643502456,4,36,69,10.3716358,0.6779042985,1,28,0
18,51243.61184,16,17,810.6050423,24282.88134,24,5.048446913,0.6302759446,2386.942569,0,25428.7102,2,16,1,3,0.4385887428,2,52,99,4.477428528,0.7136837608,0,47,0
52,69535.37065,13,16,672.4797983,53308.93012,60,13.94060534,0.1568203222,2888.935794,6723.215675,14866.53156,2,29,5,1,0.06406647283,3,73,63,6.248501692,0.3081962056,0,83,0
62,72870.97637,15,33,719.0083524,25506.01777,24,9.200108906,0.09650619825,3453.67491,15219.81424,21585.03952,0,17,3,2,0.5896771112,3,99,13,10.66963953,0.1618858579,0,100,0
37,74647.78869,15,18,641.7437587,33025.78775,60,5.003590623,0.6583937512,2910.705585,1347.757383,27972.6148,3,16,3,2,0.8707575891,4,37,63,4.568026707,0.512161297,1,9,0
22,90620.53302,11,24,640.7888241,17037.95849,60,8.423227228,0.3067558489,2724.680037,13207.46829,745.4528371,2,8,4,1,0.8667286548,2,11,21,5.736095311,0.2995165854,2,96,0
33,57921.15321,11,3,627.1769617,17242.60535,48,7.485413439,0.1223103692,2653.524112,27610.96244,36985.516,2,0,1,1,0.5460800299,5,25,65,9.407654901,0.131430327,0,3,0
33,49761.75246,12,4,674.7682732,35657.87704,12,11.26538175,0.5421610318,2325.667403,1026.71682,5267.852551,2,19,3,2,0.4790983915,5,73,58,10.32918148,0.5925249607,0,33,0
20,64704.73212,9,5,637.8860494,18208.44686,12,10.66529305,0.7440210252,3843.242172,24348.54281,7882.317503,1,3,1,3,0.4458833242,4,66,16,10.49982771,0.608628303,0,72,0
31,70942.06531,16,12,701.2129041,18988.45619,12,13.36808525,0.3850955606,2441.953845,34970.85229,26778.27035,0,16,5,1,0.8982186212,5,66,90,2.405027786,0.8189283755,0,35,0
51,81890.79188,13,39,678.6331388,40997.86651,12,4.771842814,0.415394807,2575.791848,21796.58155,26294.212,1,3,4,2,0.4391653139,2,38,88,4.185601502,0.1718423302,1,22,0
61,63313.77499,15,16,763.8477719,17835.88094,48,17.2138638,0.2849489589,3475.281065,1193.785855,24005.37325,2,15,5,2,0.9268316615,5,17,24,9.98921419,0.7840272677,2,50,0
46,66448.76353,18,8,686.446149,17888.51138,36,16.54293159,0.1052603951,2454.713889,0,19789.90984,4,2,4,2,0.4869779864,2,46,23,8.986515953,0.6201909376,0,91,0
19,65284.68039,10,8,759.9034313,8789.229745,36,12.80708637,0.5692563093,2240.67079,7728.239899,25458.41913,2,4,2,3,0.4976874215,1,74,42,1.595811803,0.3034046826,0,18,0
36,44668.34132,10,34,579.4591094,26042.05118,12,6.363971077,0.8368470545,2596.175874,16218.98547,9891.392957,2,24,5,1,0.2444064824,4,83,98,0.5183970594,0.2119816426,0,75,0
37,45176.94837,14,17,668.7266879,32901.32126,60,7.485391522,0.663810419,4187.242578,20079.44692,25704.32484,0,11,1,2,0.631472113,3,15,25,7.578454123,0.619066465,0,44,0
30,45343.56468,11,30,599.1062024,28456.51136,24,14.89504182,0.2167426876,2540.456183,36036.18349,38961.5959,0,19,3,1,0.4396352981,1,53,83,7.092236,0.2031852342,0,47,0
63,38793.74915,13,15,585.5971336,38725.60964,36,13.0832324,0.1613164287,3106.901713,10159.36267,23553.53997,1,29,2,1,0.480970848,3,10,4,4.672877536,0.7433395928,0,99,0
31,81960.47726,19,12,674.6623082,21582.54436,24,7.206759314,0.1186107398,2001.309966,0,42580.04867,4,18,4,1,0.7957970653,1,32,78,2.928109812,0.6377083303,1,48,0
54,64077.36108,8,36,605.2256934,22786.0633,60,4.743419729,0.3724085107,1670.239683,15317.07808,19912.06799,4,12,3,2,0.7212984406,2,32,72,5.731680025,0.9490880453,1,79,0
38,62628.78343,18,8,639.968858,1000,60,17.08432749,0.638508668,4493.540479,0,8006.948474,4,19,4,1,0.6042976264,5,13,19,4.597305375,0.7507385157,0,42,0
61,60348.6409,12,12,559.5274993,44234.93429,60,14.11173566,0.8547538054,1951.376333,7207.321541,0,4,7,1,1,0.4568157458,1,1,16,8.148977418,0.1395636488,2,97,0
59,62423.75948,9,39,698.2639084,29607.30781,60,6.895292469,0.2256640385,3174.125407,15111.5089,6860.556763,4,18,1,3,0.9180425416,4,32,43,5.00069522,0.8458662741,0,42,0
48,55363.95845,12,15,678.0387703,35747.94436,36,10.66396675,0.7144120343,3675.056594,15641.64392,7714.221272,1,28,1,1,0.1348634231,5,2,74,7.599521045,0.4585555785,0,97,0
22,92582.87858,14,0,761.1195194,30731.7546,24,4.072189631,0.2395342449,2339.666462,23205.35714,7453.936243,0,1,4,3,0.3622375057,5,43,7,3.012409793,0.001393495227,0,35,0
57,79052.59835,16,3,638.4943569,33644.87385,12,16.76442136,0.8884870287,3094.540884,0,23734.39657,4,18,5,3,0.2385376583,5,48,60,8.112891666,0.2365219321,0,57,0
46,57444.08383,19,30,745.7593552,12943.18779,60,12.0946532,0.5036531395,2477.446594,12095.23032,16365.28633,1,13,1,3,0.6532510852,2,87,90,10.22477459,0.5644223198,0,59,0
25,83164.76865,16,10,811.3206077,41056.12247,24,12.03298326,0.2300873613,1393.847376,26987.00261,36027.12326,0,10,1,2,0.3296206819,1,59,77,3.471428122,0.3584725508,2,2,0
36,40970.63801,10,5,739.9670322,11414.80158,12,5.173387048,0.6446232918,3476.329715,18624.97852,18513.81191,3,25,1,3,0.3863482386,3,31,31,11.72979077,0.5237172156,0,48,0
62,47462.04556,18,36,718.1241529,18391.6816,60,7.43312178,0.6797659056,2283.941293,24521.95033,24769.28741,5,27,5,3,0.785315742,5,41,39,8.397204333,0.7750061561,0,78,0
53,55500.29919,8,9,724.9015687,19444.70858,60,13.06738204,0.3833826514,2521.296258,7239.642418,35639.01324,0,10,1,3,0.2975215404,3,15,27,3.332118912,0.2241112618,1,37,0
34,59114.11407,12,36,651.0721912,20241.62973,48,8.659198806,0.2399392524,2280.272431,11255.02926,50213.08247,1,3,5,3,0.7463197859,2,61,49,1.764099713,0.03632713659,0,46,0
60,61383.84192,13,23,564.6463534,24145.80676,60,8.794182043,0.7030243306,1699.57051,14588.88539,39155.5923,0,9,1,3,0.8329701194,4,10,44,9.547663168,0.6985771361,0,86,0
45,52297.66516,10,12,688.2444238,9331.672185,36,16.91254559,0.1662719099,2526.858022,20140.53743,51111.38257,4,5,4,1,0.215342928,4,37,72,4.165943607,0.540104541,0,78,0
61,48890.48103,12,11,757.18719,39198.91157,12,6.891466185,0.5508530138,2892.87447,9770.482525,0,4,5,4,2,0.154439365,1,95,38,5.157368858,0.1948851592,0,49,0
38,34324.22031,15,37,649.977882,22531.19445,12,14.66472823,0.1891059461,2599.332391,16789.11885,45254.88275,0,20,2,1,0.7815557364,2,29,44,5.729571031,0.6648641431,0,91,0
58,51761.78461,18,22,706.8607431,32306.94416,36,16.02903909,0.296191529,3003.223377,15153.6977,53542.83668,2,19,1,1,0.6103075512,2,71,72,5.995588197,0.04867242644,0,42,0
62,83948.98394,18,2,693.3252481,19148.9435,48,5.435132661,0.08749101225,1668.42229,15968.361,0,4,27,4,1,0.02309161271,1,20,71,2.489252696,0.3796194111,0,26,0
49,73423.13101,8,14,684.8752828,31252.72693,60,4.645657468,0.6092578457,4270.763601,12590.12277,0,4,2,3,1,0.4845152816,1,87,31,11.50148521,0.9375290326,1,2,0
27,30456.85525,16,1,754.6101541,14123.72641,12,9.297617059,0.414543951,3938.016667,0,30879.92052,1,10,4,3,0.9902046856,1,47,10,5.955390943,0.9499039609,1,43,0
30,53778.01962,14,3,720.8878054,34609.56813,48,15.94226166,0.3522564177,2900.241622,27977.18059,37247.09239,0,27,5,3,0.9557361916,1,43,96,2.930914081,0.1713876242,0,69,0
60,85987.71972,13,39,573.7713553,1000,60,17.62543365,0.7001920225,4256.340235,22959.99662,22839.08336,0,7,5,1,0.665760123,4,72,61,3.705218446,0.4954374756,0,7,0
64,30616.90448,18,16,765.521928,16023.60374,12,13.64216614,0.1715256146,2462.373887,13255.82543,17514.21065,2,12,2,3,0.6915602778,1,34,88,5.943407693,0.6111940886,2,86,0
47,54361.80425,19,19,658.2221715,36816.76866,12,4.085061946,0.3968795598,2344.816361,19536.45842,35833.52718,2,20,1,3,0.02186511651,1,14,36,8.729553457,0.268409754,0,31,0
33,32300.54834,19,37,673.4487121,17116.82348,60,11.53044751,0.7547228339,3229.931287,7304.199378,13032.31598,1,17,3,1,0.7132354429,5,99,18,11.22698148,0.2321339183,1,78,0
31,44791.45097,16,6,692.0953697,44739.56237,60,10.99372622,0.8650091433,1510.384755,9238.520683,27236.42285,1,25,4,3,0.768345961,2,31,18,4.883379784,0.1795518311,1,3,0
28,49022.18832,11,33,705.9597191,30991.2683,12,12.52169074,0.7394709529,1240.302603,15832.68009,18849.92348,2,22,3,1,0.00242857014,4,34,63,5.292128244,0.5834417826,0,28,0
63,70130.57359,11,27,738.6465094,46084.89437,24,15.06017738,0.8962507338,2707.578771,6603.667655,40134.44389,0,15,4,1,0.2033753896,2,87,81,3.761024037,0.05387618003,2,52,0
42,51021.67399,13,24,689.5096725,36217.9252,36,5.716449364,0.2408181591,2584.066898,5312.102278,0,0,1,5,3,0.6375593848,3,73,49,10.34536487,0.4899153749,0,65,0
43,61518.75255,12,3,790.5618507,13245.71275,36,13.67253391,0.8278289055,2934.090721,0,6357.327049,2,19,1,2,0.06858169673,3,4,53,8.292037419,0.4448799527,1,58,0
51,72688.54577,18,4,664.0516432,1500.641984,36,17.91010644,0.4513409207,2454.912228,19076.87016,23074.10999,4,24,3,3,0.6567436174,2,21,63,0.7292435084,0.5824477047,0,34,0
39,65433.61336,18,30,721.1502957,22291.13315,36,5.279186664,0.6870892563,1880.664288,21714.06038,32220.30312,4,5,2,1,0.09191657662,1,84,88,4.482604937,0.9941191254,0,21,0
39,73221.6648,19,15,680.9500225,30058.60647,36,3.01418151,0.3260717782,2978.385748,14747.90385,16591.02356,0,4,2,2,0.1645513104,3,57,46,10.84751062,0.940701734,1,15,0
23,58826.2911,10,30,624.2149378,23536.7484,36,13.91322383,0.6714407344,2284.741184,5056.445868,37411.71353,0,13,5,3,0.6819106614,2,67,54,1.412313968,0.9555453395,0,81,0
52,72011.38323,15,6,663.3922146,13800.87557,48,14.19117541,0.8746304088,3669.307047,24734.45443,25365.07587,4,26,1,2,0.05311165316,1,56,43,6.689621268,0.1568547038,1,64,0
40,55257.3564,10,16,664.7181666,31484.37847,24,16.80148321,0.6487074778,2932.850948,0,26134.52764,0,5,2,1,0.05608478361,3,77,83,0.5419186302,0.5256627942,2,32,0
32,64876.54661,15,4,637.8765006,23046.73366,36,15.92227402,0.2305975154,2993.571844,13520.44768,10460.97026,1,19,5,1,0.0785471414,4,3,84,1.746513489,0.8909125037,1,83,0
28,40491.46312,11,9,654.1150763,17712.46583,60,12.7220128,0.2897684236,2854.766759,2306.407482,22887.93786,3,5,5,3,0.1357722223,4,96,37,6.20763108,0.306139255,0,47,0
57,60281.09243,14,7,606.9766476,1718.053711,48,8.818218455,0.2626204458,1904.18945,28811.56813,26184.81935,5,8,3,3,0.6908949287,2,40,42,11.37098694,0.4520928556,0,41,0
21,35034.03857,17,5,703.9916395,17626.4446,24,15.12869853,0.1312929675,2104.581632,27689.67314,35804.83085,2,8,5,2,0.7886831231,5,89,72,2.192539023,0.6468802731,0,30,0
18,76593.68746,15,26,782.3272372,7977.631009,36,10.30051381,0.8937048175,1152.699487,34439.17838,29713.59666,1,21,2,2,0.5533714075,5,80,87,8.748941819,0.07806442158,1,12,0
44,27444.7635,14,27,645.4480666,37442.55044,48,12.06321592,0.8907912628,2413.082119,0,8913.519615,0,14,5,3,0.7939222601,3,53,13,9.535848094,0.5089680235,0,69,0
18,69562.79657,18,34,772.2345403,4583.340265,12,11.24058955,0.1775181086,3222.90465,10056.20627,4095.342966,5,25,4,3,0.8053368584,3,52,95,8.985423104,0.7199625756,0,20,0
47,58917.68916,12,14,689.1343156,18462.79584,60,13.76128407,0.1615929888,3643.902273,7937.71068,17469.46652,5,13,3,1,0.5726823674,2,3,64,3.436403897,0.1655109782,1,9,0
22,66645.47604,12,26,620.6474206,11372.85518,48,5.877613358,0.2020800884,2675.248892,3641.024806,30448.9474,2,29,4,2,0.04000156774,1,65,43,0.997892363,0.7119116266,2,25,0
56,36801.6556,15,24,707.4485158,9733.482388,60,13.05318661,0.656166215,3312.541073,11658.30524,21318.28815,4,21,2,2,0.5454195457,1,39,26,3.725120041,0.4973985629,0,76,0
40,64570.02177,16,1,723.9461952,35350.61152,48,12.96302512,0.4724727489,1703.979553,17042.69109,23162.37001,5,18,3,3,0.5287162371,2,29,2,9.05642643,0.3033631076,0,99,0
33,59857.6695,10,32,605.6536993,47539.40433,60,12.66974502,0.3725496958,1212.508362,2209.670137,20023.2824,0,12,2,3,0.9930701367,4,77,15,3.903684973,0.7567859597,0,24,0
42,96918.65423,14,31,651.8283004,41232.12339,24,17.56874383,0.840955538,1749.922416,21606.74512,26285.3461,4,25,1,1,0.03728247329,3,90,34,7.444358514,0.03397389182,0,67,0
54,55076.12984,8,27,717.2613293,17585.11997,60,14.3837429,0.7295006764,1054.326332,21576.59272,30779.07858,5,7,3,2,0.7386841659,5,24,13,8.957848442,0.8270698958,0,22,0
64,60109.56023,19,28,648.006464,21238.79043,48,4.602454893,0.5744485188,2626.423089,30956.18106,36104.64317,5,24,2,2,0.08611232391,4,32,38,9.227512898,0.8787048079,0,67,0
50,37259.15282,17,31,692.9721401,19171.04479,48,10.28609802,0.1389738244,2226.647204,10925.03612,34674.03637,1,29,3,2,0.5877655839,2,54,62,5.616442076,0.5682975826,1,81,0
50,63052.44625,16,24,742.4738645,37007.93296,24,15.41037347,0.8793876275,2590.713156,3330.242186,31199.88921,0,20,4,2,0.5846444631,1,12,55,10.61467058,0.2809723538,0,85,0
43,70315.90515,9,20,629.5872029,6864.776741,12,4.813629974,0.3230372607,2766.807277,19834.2048,11161.8674,1,28,1,2,0.7796741561,2,97,45,6.496409951,0.6436177254,0,15,0
31,66322.92384,18,19,767.2347771,31672.22319,60,12.42719608,0.1072130642,1908.814233,21446.94023,26689.30214,0,1,1,1,0.3944257775,2,27,93,6.232039501,0.6332788496,0,9,0
45,59791.66061,15,20,695.9426431,25517.4219,36,3.584769647,0.7805237919,1676.024863,22734.22927,32018.72446,0,9,2,1,0.9938912507,4,6,59,4.790068949,0.03113144332,0,29,0
62,38582.15907,11,18,674.2345385,40092.37697,36,13.02006136,0.2236172476,4060.335341,4272.826662,38506.27992,0,0,5,1,0.1944377522,2,52,70,1.217381313,0.2503608739,1,9,0
53,64081.12232,13,19,722.3011382,35093.97354,60,17.27203188,0.2975222322,2342.326609,15726.72495,28307.5083,0,12,2,3,0.7473146225,1,37,80,5.238305444,0.7272283485,0,51,0
47,31944.34206,9,9,796.5301696,32955.69353,12,5.536524983,0.7846041506,1437.194119,23366.17764,40063.40545,4,2,4,3,0.6734711595,3,85,27,11.23457633,0.7417425348,0,56,0
19,32798.34715,16,21,698.4347721,14949.25374,12,3.373233263,0.5086639901,2556.93545,22460.2606,12666.19583,0,18,4,3,0.05518466376,1,62,34,4.781397457,0.5344107389,1,14,0
46,43826.2202,18,34,676.8594422,48061.86218,48,5.674143204,0.6018582641,2153.433391,0,38833.09487,4,19,2,2,0.06746781804,5,66,38,11.39739786,0.6113726125,0,3,0
59,73887.52027,8,11,574.7425016,41365.90841,24,10.19626716,0.3201124153,3566.394966,16265.96747,26505.65333,3,4,2,3,0.1752803602,4,87,47,0.7651398112,0.132566752,0,54,0
41,53685.7439,15,30,668.3665408,21641.69402,60,4.495507162,0.08705482447,2126.997291,6193.51411,42267.20843,0,5,4,3,0.1382145165,5,61,52,9.699217866,0.02851604886,0,16,0
38,59148.51353,11,21,762.1117031,9548.082042,24,8.327764731,0.3219114045,1778.032819,4607.688868,58320.45816,0,29,1,3,0.7147369564,1,38,42,9.468970478,0.6439612576,0,65,0
28,36417.34621,13,17,576.2145994,30610.28156,36,12.27692453,0.2443508734,2247.881098,20812.34861,271.4421035,2,10,5,2,0.962458148,3,19,88,7.358881985,0.5670348429,2,45,0
42,64607.34154,17,27,620.9047535,45703.89215,24,10.52190759,0.5683472996,2821.877272,0,36407.42486,5,7,5,3,0.9861350828,3,5,82,0.5666452356,0.9155315989,0,23,0
24,50217.08814,17,10,778.7638187,2660.659456,24,16.24231979,0.8171166454,3184.653881,9126.641766,12140.9647,3,10,1,2,0.3950644525,1,88,5,4.085139558,0.6391210418,0,62,0
36,72406.02338,17,9,705.1879925,16622.57814,12,11.71890733,0.1924064657,2430.198576,38868.311,30636.04136,4,27,4,1,0.6709539803,2,14,42,7.152266931,0.3578115786,0,46,0
58,38015.82572,12,30,665.2638351,3012.732684,24,11.40364396,0.1792813688,2785.11231,9009.843193,0,5,16,3,2,0.6193409395,4,42,65,1.442167062,0.7068458993,0,12,0
63,60774.21459,8,17,652.2085462,16561.4346,48,17.3382252,0.2846647378,2996.456914,8841.668405,28715.51622,4,1,5,3,0.492239929,1,78,38,7.501142443,0.2980765369,1,67,0
58,47475.32607,10,9,596.7889929,29756.78571,12,11.66033929,0.5239604122,1113.505836,19293.04465,27298.79326,3,2,3,3,0.8898298953,5,17,1,8.12056702,0.5012727596,0,71,0
63,58832.17771,12,33,657.9336588,31204.46904,60,5.987411976,0.1658316969,3188.641478,20591.96891,11660.11254,4,4,5,3,0.6480568126,5,26,55,2.268850852,0.5575669779,0,1,0
52,94372.50849,11,36,613.6500277,12186.82523,48,10.11478833,0.5664768064,1984.595645,4052.697317,14084.71815,0,26,3,3,0.5306728843,4,10,24,8.2789543,0.5081155,0,10,0
59,40884.60452,14,34,661.7362125,40540.85366,12,14.03406213,0.6320370594,1624.270131,11465.95433,36899.49278,2,25,1,1,0.5714185276,4,77,13,5.92775332,0.9545004334,0,66,0
34,58221.35141,12,9,650.6163833,23801.01442,48,3.288455089,0.5321536124,3239.583546,10436.81012,26917.50479,4,2,3,1,0.5102140737,3,93,20,11.62945051,0.07759251791,0,19,0
63,63987.41247,18,18,770.1033123,26429.90921,12,7.737584434,0.3553447232,2368.341721,15918.61578,0,4,1,2,1,0.7158120008,3,81,89,4.704004232,0.1715087443,0,16,0
20,48550.46633,10,34,719.9515693,44454.81827,24,6.225286557,0.5869709128,2526.523862,25428.86775,11392.77046,5,16,1,3,0.4411424331,2,6,57,0.8675617574,0.9956302717,0,43,0
48,80146.885,17,4,661.4976796,1000,36,3.809722889,0.7796603222,2485.018425,1232.775446,0,0,5,3,2,0.3494508964,1,95,34,2.651167254,0.3078074764,2,69,0
57,80463.16794,16,12,628.6377149,47253.1208,12,12.64345963,0.3294346779,2081.027032,15422.6998,48249.74248,0,6,4,3,0.6713784474,4,5,34,6.968923959,0.2251873583,1,22,0
26,84708.45719,18,14,716.4973074,36505.85879,36,4.930739622,0.8099961053,2092.813025,21495.11718,0,5,1,2,1,0.05164066864,3,92,62,11.38708875,0.8788838885,1,80,0
63,36972.46294,12,7,692.1556104,20986.53994,60,12.09252526,0.6261999129,3640.794698,0,14077.16652,2,27,5,3,0.7000241702,1,32,47,7.485325539,0.2413475299,0,33,0
28,49308.80998,11,20,630.8269169,20234.29989,36,9.562228963,0.5634500904,2420.110665,17452.02772,50170.54638,4,27,1,1,0.7288853815,1,79,36,8.649465811,0.9699185362,0,80,0
37,84524.55011,17,24,716.9004782,21583.96058,36,9.191727272,0.8159545592,2204.512227,16294.74118,20065.92836,0,22,4,2,0.2948076339,3,36,12,8.430781587,0.310940685,2,25,0
45,73399.87867,16,14,622.5375415,6675.398378,24,5.588624264,0.6144273138,1109.634728,0,10030.51248,1,1,5,3,0.4107328055,5,52,22,1.539172783,0.3253954001,0,87,0
18,42854.46531,14,22,650.2394557,36885.71915,12,16.09119222,0.577340884,2454.137743,20314.59472,8257.710632,1,11,5,2,0.4467084056,1,30,46,8.013171997,0.1381844221,0,42,0
21,79511.22983,9,3,630.9123677,24667.99483,48,3.791446095,0.7536479144,3226.359721,11157.14621,5656.448301,4,26,3,3,0.6483300277,2,24,73,2.23699825,0.4055395217,1,5,0
60,76267.79546,11,14,766.1089491,23945.38217,12,12.44394037,0.08357736159,1550.342418,0,46908.27718,3,21,3,2,0.7946665794,4,63,20,2.745366365,0.1295115209,0,80,0
44,69110.94105,11,27,789.504471,1000,60,7.698778708,0.6145064799,2859.098844,7915.485762,15653.8684,2,17,4,3,0.1565059508,3,35,31,2.722283887,0.8454539896,0,37,0
59,45668.52187,15,0,652.6801865,30817.34249,48,8.018394846,0.3364548468,3082.37093,0,37399.74875,5,17,4,1,0.06399740321,5,65,33,10.84362146,0.1432256508,0,41,0
34,114315.4306,12,28,621.01059,36441.47792,24,16.55963707,0.6691865012,2788.325313,9779.225972,18492.20328,0,9,4,1,0.5787612247,1,78,32,10.29537677,0.8084956147,0,12,0
29,63303.60956,12,6,729.5148745,22541.38421,24,9.437859925,0.5207530113,3114.974,14416.12819,46753.2058,0,3,5,2,0.6094856182,4,39,31,8.688906534,0.4863488776,1,95,0
45,76896.91511,10,26,611.7722219,32757.77222,60,4.902067382,0.6476059207,2599.4903,16074.09974,52664.84561,0,22,2,2,0.640837805,4,62,75,3.757534585,0.9440432059,0,32,0
41,60166.19673,9,14,646.6734515,9200.653538,60,17.12328427,0.3626990121,2291.807369,18358.0597,13800.01819,0,10,3,1,0.1203651736,2,95,25,1.459617866,0.8483753105,0,100,0
42,45564.44541,12,37,598.1891619,31230.56437,24,3.499718133,0.7734110339,1820.855193,11870.47913,21174.3538,3,12,2,2,0.8556308782,1,57,74,3.176929558,0.5034659337,0,68,0
61,72294.60574,16,23,763.8912254,27657.44389,60,12.69997538,0.5442848092,3353.317487,16155.47276,28849.26208,4,26,2,2,0.2252081267,5,35,95,1.211299551,0.5530165664,1,69,0
35,54039.29981,8,26,646.9225493,41308.6275,60,13.07605934,0.8169548493,3742.411869,5847.539744,355.991432,5,14,3,3,0.01633323692,4,53,84,0.50223222,0.3554202207,0,21,0
59,94246.31205,16,16,664.7704044,30006.21115,60,8.524858052,0.6593256739,3545.092558,3265.047939,3117.201247,3,16,5,3,0.5119132671,3,62,42,11.98327077,0.1518285274,0,41,0
19,72485.48951,16,35,670.8556534,24606.18049,48,14.1027788,0.5715136976,2139.967591,25490.4584,40980.44993,0,22,5,2,0.8526242214,5,50,88,11.93422935,0.8867315033,0,72,0
37,42709.65016,17,35,629.1686702,21634.17267,48,14.69293154,0.8966831428,2062.00692,23662.90723,39440.35497,4,9,4,1,0.7363828829,4,36,17,0.8544917078,0.0217780155,0,82,0
52,70629.16691,12,27,598.6264666,40236.30132,36,4.012907489,0.8929575856,2293.934077,24489.0447,28647.06611,2,7,3,3,0.1282231955,3,26,24,6.704056674,0.1517917364,1,55,0
27,71591.23691,17,6,706.2469363,44280.08827,36,15.10407641,0.754426451,1413.42691,31797.26719,36685.79874,4,12,5,3,0.4058520401,5,49,15,5.943011242,0.4304477144,0,100,0
41,72757.78255,14,23,684.9214773,45620.75211,48,6.699157882,0.1612337998,354.7238437,14970.45858,41613.61396,3,13,1,3,0.5183091495,3,47,45,6.109887625,0.7867524258,1,87,0
41,76812.36403,10,34,688.8245217,34043.95918,36,17.00858982,0.8850264659,2546.891511,3239.516394,20326.48134,3,25,4,1,0.4977180397,2,61,44,4.050147005,0.4364433147,1,38,0
50,63685.02835,19,35,697.0976069,32353.9729,60,10.09346997,0.5972603885,3002.061201,2460.633442,0,2,11,1,1,0.9732173223,3,62,85,3.700432776,0.4172921581,1,80,0
59,68246.29011,9,6,694.059409,8576.270349,60,5.271568026,0.2691023946,1974.596617,2372.362962,32124.55506,4,26,2,3,0.6523296985,4,11,60,3.983279454,0.1425594702,1,24,0
40,55323.149,15,10,559.6542065,25456.14877,60,11.90241912,0.2662347546,3671.420484,7597.1429,14680.15512,2,11,2,2,0.8823897481,2,78,90,3.659752973,0.0818896179,1,64,0
37,45913.42173,9,11,684.954591,31887.23217,36,9.494506509,0.1517396484,1137.42579,15892.65003,36450.75502,3,21,2,1,0.6087700444,3,35,45,5.37298651,0.7406793783,0,71,0
62,47344.30485,19,13,606.3186175,33910.68881,36,3.185245559,0.2433118801,2638.987971,17571.79501,7026.446474,3,14,1,2,0.534634079,2,44,5,10.09303292,0.9158852218,1,23,0
41,53303.42409,9,26,668.8052731,21124.69116,24,12.44798028,0.6255996967,2847.312036,13358.05141,8732.156905,4,23,3,1,0.6934716862,4,46,80,6.993054066,0.7599254332,0,25,0
28,54891.45831,17,18,636.8465858,24392.533,12,11.16682528,0.2207155747,1674.558545,2538.870683,27215.04156,3,24,2,1,0.7297286332,4,62,80,4.57396856,0.9313451655,0,11,0
21,59640.04121,12,5,665.9749039,12761.00892,24,13.59446019,0.7601441024,2327.546708,17936.20681,4671.369543,1,13,2,3,0.3630550112,5,95,77,11.54226036,0.4938992893,0,98,0
18,76302.17314,9,2,644.1712029,16998.01227,24,5.62118098,0.4823724753,2806.105497,50.32217237,33948.32216,2,14,4,2,0.03577407685,3,77,78,0.8654116989,0.2483359258,0,54,0
35,58113.60542,8,9,673.2906725,25103.60415,12,7.275858292,0.785050813,1997.69397,20394.18179,30472.82662,5,18,3,2,0.7872878649,1,88,31,8.883422906,0.3241991791,1,98,0
27,57506.00572,13,14,774.5456233,9320.887471,60,5.686312957,0.1328043795,2062.23219,1888.527923,48736.35328,3,1,4,1,0.8112624798,2,43,87,6.839897214,0.4523551871,0,66,0
52,56070.04021,18,1,667.2358849,9910.044599,36,6.663873185,0.8230117012,1846.772928,16824.50175,24194.9546,1,23,3,2,0.1119100298,3,53,70,11.65481864,0.7706955107,0,60,0
64,56713.71035,11,7,822.4448389,30127.02968,12,5.622844898,0.3063974982,2291.138725,2073.888393,23526.31099,3,23,5,2,0.639557575,2,57,93,10.61428341,0.8616006731,1,40,0
46,85082.63265,14,24,676.1102691,31786.57963,12,16.32692073,0.7230633697,2880.556054,22565.32713,3301.599154,0,29,1,1,0.04331905456,4,23,88,3.615023191,0.0853685839,0,86,0
30,80097.88074,18,17,576.5957079,13805.42594,24,15.83720237,0.7441709242,2449.583566,18595.75544,25864.1756,0,11,4,1,0.2401799755,5,55,68,3.054196566,0.9323457551,0,71,0
41,58914.34754,16,1,597.1833244,25500.63783,12,11.61194716,0.1175460336,2127.184696,15785.68016,28257.23628,3,13,3,1,0.4047120579,4,29,48,0.8690319186,0.09684269493,0,48,0
57,42578.31378,14,35,718.5629463,27743.1703,48,17.22099428,0.5480895068,3762.21534,25431.78327,23415.918,3,15,5,3,0.2253391556,2,47,98,8.688993871,0.1893044351,0,30,0
32,67600.51419,12,1,649.6256588,21632.29569,12,15.95375953,0.2015327093,4107.005893,5083.76038,18031.03903,1,3,4,3,0.3092234402,3,84,86,6.989666821,0.8503607332,0,73,0
55,55718.59425,12,21,695.004434,17898.45107,36,6.692514886,0.8404020376,1142.753451,24771.38254,30026.93128,0,1,4,3,0.394621107,3,90,84,3.641799621,0.7751481601,0,43,0
53,53488.70386,14,6,717.9363055,24975.05034,12,12.48930578,0.8774193442,2012.693819,15347.24806,0,0,28,4,1,0.9336419322,1,61,34,0.7977221773,0.9052939489,0,88,0
22,73570.53146,12,12,642.7563493,40626.95406,48,5.730106151,0.3789413218,2210.026709,4086.504831,29762.05968,1,11,5,1,0.4206745619,3,11,83,11.85073392,0.8599097143,0,65,0
61,78641.98663,17,30,651.0118946,11157.03451,60,14.17690198,0.1291116964,1833.405272,23086.68136,43201.18628,3,27,1,1,0.4600961162,4,78,70,4.751442199,0.5638592734,0,48,0
52,36204.2417,9,10,586.6561597,30277.73117,48,12.0843641,0.7178292749,2504.535736,7453.938755,13167.83005,4,0,5,1,0.8860094097,4,82,61,0.6977428589,0.6608617743,0,83,0
18,75572.54616,18,18,702.3541189,34820.3735,12,15.86665664,0.08916351345,3090.205733,22875.59958,11922.84982,5,8,1,2,0.8935767273,2,38,27,2.455589284,0.4899663448,0,52,0
39,54950.44129,13,31,686.819959,28495.91708,24,5.94261045,0.303839795,3206.069356,0,29137.2719,2,15,5,3,0.8739313904,4,76,21,7.932789869,0.08932186361,0,99,0
33,57517.04805,11,38,695.9955676,3003.951871,24,17.0956791,0.7069603364,1829.56777,24161.19764,12624.10205,5,14,4,2,0.1476512157,1,23,73,5.45973864,0.9517293114,0,98,0
53,46024.03212,14,7,628.3029287,50122.33361,24,17.68307028,0.194036867,1971.596984,12757.0548,12768.74991,5,1,3,3,0.03597821518,3,28,32,2.999129905,0.5440286621,0,22,0
63,36667.84998,15,5,660.5438165,44619.57924,48,9.865341053,0.753127385,2911.077121,14311.89161,35652.10673,1,17,2,1,0.5929575316,4,91,28,4.197540895,0.1180150392,0,94,0
62,73728.12036,11,31,737.2148851,36524.27982,12,7.689218915,0.4502579842,3505.490958,17964.49982,46338.47926,4,8,4,1,0.3040392667,2,85,6,4.932273795,0.9427783915,0,45,0
29,53483.12285,16,24,554.392865,37792.16346,12,14.03463958,0.5345427383,2817.097359,13647.78426,19284.66976,0,5,1,2,0.5372634191,3,64,84,3.180355803,0.336048429,1,79,0
41,64963.77001,17,22,597.9468487,22136.30197,36,9.142470133,0.0710943797,1203.200041,8373.808194,33105.98221,5,4,5,3,0.5822791371,2,87,94,9.634713681,0.1828754502,0,54,0
23,18697.34045,15,18,680.7637744,2713.221637,24,12.00334023,0.6046511951,2422.837069,12043.95648,37814.94453,5,2,4,2,0.1029546048,1,83,73,3.114249224,0.2810535786,1,81,0
25,87975.14202,18,6,698.2021523,21798.2519,12,17.09504502,0.7588507783,2816.093256,21072.29703,14024.84345,3,15,2,3,0.09316812919,5,67,24,9.805864209,0.6461389532,0,56,0
46,39571.31488,10,11,599.904624,23417.71338,24,8.62591224,0.6174482533,2193.703436,20867.95016,14123.06173,3,12,1,3,0.939217365,4,85,56,5.444050109,0.9258175966,0,56,0
23,59756.80818,11,3,646.1677467,38939.14226,48,5.060557843,0.1595353613,3035.057705,30244.29067,23856.87864,2,5,4,2,0.3906397685,3,84,7,7.39565601,0.6370345125,3,48,0
56,77084.07007,19,23,705.7496161,31091.36388,24,8.703620308,0.3480918572,1958.403197,13087.1202,0,5,9,2,1,0.7576338658,3,42,85,6.939522304,0.1946029774,0,26,0
35,60419.83245,13,38,698.9519376,26512.82238,48,14.48732166,0.8283764823,1876.444642,19491.6256,37643.46642,4,24,4,3,0.8420434757,4,73,35,2.079898367,0.1429325311,0,22,0
29,45477.606,10,17,595.1330095,16603.75638,24,8.14046123,0.6905076992,1287.944899,33321.49442,19130.61796,1,3,5,1,0.4334565049,3,60,6,8.251007998,0.2323266156,0,39,0
27,59916.77148,12,29,850,18468.02678,48,15.09211261,0.5406607639,2177.148798,23500.37149,26723.82998,2,23,1,2,0.4183719699,2,88,11,4.651703253,0.2946732624,0,67,0
50,57417.25754,10,2,596.2935876,27251.74644,60,10.71530422,0.1211373651,2091.573942,23469.51604,0,1,26,2,1,0.3560828131,3,24,97,5.744878673,0.523995873,0,1,0
23,84185.27217,18,30,633.9966147,22242.66357,24,7.826408357,0.2054446136,3922.96467,0,43979.60452,5,3,5,1,0.4331728895,5,35,4,8.484830397,0.4616412037,0,71,0
26,67258.50019,18,18,635.8340268,1000,60,11.99558399,0.8253621197,2700.196384,6312.529435,44190.06313,2,7,4,1,0.8824076354,2,17,83,4.144175168,0.9442850187,2,98,0
45,49985.40763,9,0,753.1584484,18440.18518,60,5.27639412,0.7848139147,3769.489026,22246.39824,0,0,5,3,1,0.9786282224,1,43,5,4.640221538,0.7984443738,0,41,0
30,83544.68439,14,19,815.5689847,33989.83849,36,13.01591925,0.7936138346,1587.824033,0,39958.81389,3,9,4,2,0.1862394871,4,66,30,10.17473366,0.4389042895,0,55,0
48,43462.9516,13,28,760.9066257,29630.8661,36,15.25014346,0.2155507393,1955.431895,27031.57528,28564.12886,4,29,5,1,0.03677451971,1,52,89,10.47215558,0.1750125463,2,22,0
54,35675.05538,8,29,751.3672067,38618.89966,60,16.88450065,0.1401062979,2469.534057,21960.19475,31327.78085,4,15,5,1,0.1961167691,4,22,5,1.685022935,0.2571143321,0,96,0
33,47607.73863,13,12,710.5850945,28832.90222,24,3.044687579,0.7223885788,2230.478004,11073.1125,27621.35348,5,25,3,1,0.08976052048,3,7,61,8.34662781,0.5164502139,0,54,0
22,85928.87707,15,28,559.0587765,13752.5084,60,6.681625524,0.1314294152,2419.476405,18224.50454,23310.42869,2,5,5,3,0.01426384869,2,50,31,5.599472995,0.4489190877,2,17,0
34,49988.12297,18,38,645.0020727,16696.30099,36,4.213537883,0.3684349808,3882.251264,17289.81905,23602.85756,4,12,5,1,0.813796887,2,17,80,11.57896043,0.9662098817,1,34,0
31,74677.0482,16,25,627.807593,28835.36069,48,10.87784633,0.8279115324,2577.115594,19944.22981,17978.77546,1,16,2,3,0.2151722273,4,92,16,5.023310606,0.2702680787,0,53,0
38,62140.34641,17,29,621.4836862,32414.03579,60,3.156753152,0.5757047365,3937.007312,14661.18188,34346.03931,0,14,5,3,0.3470548351,4,73,41,6.069333791,0.8629583189,1,36,0
56,95173.87992,15,10,673.6952062,18608.11587,24,8.448580504,0.8870682129,2146.772695,5965.970937,0,1,26,3,2,0.3913927323,4,1,77,3.632383052,0.2238497815,0,35,0
31,66746.7563,14,7,660.4499485,30090.53721,60,6.736699081,0.5025565846,2410.652607,1032.349387,23868.43918,3,18,4,2,0.6835364594,2,62,57,8.049482769,0.6762747738,2,80,0
39,82261.67046,9,4,629.6301663,36829.21057,24,12.80032123,0.8944305612,3286.715503,23891.92322,45407.70029,2,6,2,2,0.9238005568,3,23,98,8.820566478,0.5590184529,0,37,0
23,46131.16673,9,7,605.7443466,30464.91905,48,3.327296162,0.6927542464,2126.048653,21584.92343,66765.43546,1,16,3,1,0.5404062892,1,77,15,8.900032039,0.8490038465,0,32,0
64,48241.23973,19,34,681.945579,23597.79343,60,15.88974012,0.5744025976,1942.945514,3332.77041,19456.86169,5,26,4,3,0.1614019393,2,40,52,2.367961034,0.003109049954,1,40,0
60,49744.64485,14,32,691.2714555,45780.62167,24,7.813121841,0.283351057,3710.387661,16468.70868,43048.51097,3,1,4,2,0.05856338735,5,43,92,0.798719946,0.3359331124,0,97,0
59,76709.36862,10,34,613.2537804,42305.6282,36,3.249184486,0.4906023295,2262.324525,17736.09885,26712.2926,4,22,2,1,0.8122351726,2,78,46,1.480887135,0.7849457713,1,64,0
23,57765.0415,12,11,565.7376265,41933.10001,36,10.41566986,0.3369172804,300,24747.05892,40591.09613,1,12,3,1,0.6110077902,2,29,33,9.180366492,0.1326548049,1,75,0
39,80295.56855,8,9,705.7275279,20708.52195,36,16.39281073,0.4365615392,4438.92774,25743.82697,32599.35458,4,19,3,3,0.5777335616,2,36,38,11.87319496,0.6208382024,0,98,0
58,51083.54741,15,27,661.4163489,39805.03705,24,8.564126946,0.7157603251,2773.784288,2648.0195,37682.55114,1,1,2,1,0.9013655402,2,36,57,8.981765757,0.7039068604,1,6,0
22,76635.78741,12,25,693.3729817,4139.20042,24,10.65843963,0.08888400079,3274.63556,36356.71337,28254.88655,4,3,1,1,0.1038675192,1,12,1,7.370754956,0.2414780563,0,21,0
45,64831.45685,10,13,689.757568,28468.33099,60,17.66119563,0.2767520964,1875.253983,19353.30382,8774.699365,3,28,3,1,0.2695090285,2,46,58,6.995546312,0.7389527748,0,92,0
35,54422.68369,13,13,588.2620573,19013.12435,60,5.620315251,0.7613794307,2932.106584,0,20560.96143,4,8,3,1,0.1500112456,2,61,91,11.11701284,0.3950414237,1,93,0
54,75615.41943,16,27,659.0347218,41120.71876,60,10.00697778,0.1062627599,1603.312054,28557.04792,30584.70501,2,27,5,2,0.07914850626,5,63,14,2.512614224,0.7361006893,0,2,0
48,39953.70692,15,38,715.9060926,24983.19296,48,6.518154729,0.06761583552,3030.344445,27417.83839,7462.144167,3,1,2,1,0.1304028241,1,1,48,4.133956153,0.4962143264,0,71,0
50,43608.34092,16,23,813.1341574,11159.75814,60,13.42686898,0.7024381962,1745.732593,5722.891865,23581.41605,0,16,3,3,0.7355227449,3,13,73,10.19218349,0.8147366841,1,51,0
25,57464.56338,16,24,661.3117223,38768.84126,24,16.71722303,0.7592721681,3438.258986,15292.99224,29896.28961,1,22,5,3,0.3373369601,4,82,41,1.214189091,0.4131799402,2,14,0
39,77852.31809,14,6,700.8884749,35620.03059,36,5.768235681,0.150598805,2481.363178,7097.652558,15287.51001,2,10,3,3,0.67431658,1,85,82,4.925185226,0.548376739,0,36,0
33,63790.622,10,36,613.3673314,30766.88715,24,7.011772057,0.1769000426,2586.631334,8400.442411,52009.37587,3,3,1,1,0.8612052958,4,77,67,2.922038705,0.8105073311,0,13,0
56,48016.17144,14,39,587.6143968,34835.89794,12,7.258321889,0.1913436525,3159.427733,19144.53056,19116.26694,0,9,4,1,0.747032626,4,93,43,11.30670187,0.5104314995,1,29,0
43,69835.52517,17,5,744.2105421,23284.14666,24,13.06815526,0.4433181111,1954.863098,13056.10628,30796.94266,0,15,3,2,0.09646991156,4,36,85,8.550093423,0.440360276,1,39,0
42,59455.55838,19,24,607.8946443,2729.498764,24,14.02593058,0.5222780531,2079.355014,8069.726715,41186.72651,2,11,5,2,0.2429436614,5,54,97,2.651023553,0.306957456,1,69,0
55,61178.81835,13,38,648.8829719,15087.73614,12,13.77867682,0.1790677128,2342.548205,19505.43345,25618.3506,0,20,1,2,0.0227899156,5,72,97,1.273820221,0.05082521822,0,15,0
41,46266.28804,10,15,732.5078121,28559.04949,36,15.1353455,0.5966248068,2072.33675,16155.59918,26967.12546,0,16,2,1,0.1170648259,2,27,46,10.85676209,0.9036233417,1,87,0
26,40421.91035,11,3,659.7137684,21598.29581,36,6.28293177,0.2087476966,2924.969702,18121.14886,24913.01088,5,5,1,2,0.4489584926,4,92,18,6.535795736,0.2452919431,2,78,0
42,47161.80548,9,25,719.7418853,20188.97006,48,12.48245267,0.5133760106,1369.277233,10258.10805,35992.42201,4,6,2,1,0.2265564704,3,4,56,11.24610984,0.6628019526,0,9,0
38,45608.87377,18,15,656.9093388,34170.63857,12,12.33745465,0.2028744809,3067.035617,6116.353914,5741.019982,4,10,2,2,0.5637707273,2,12,44,1.491515414,0.07712431608,1,51,0
51,40278.15711,14,16,726.8982152,31431.96178,36,3.233939507,0.7026658923,1128.37887,21262.99264,51870.71127,0,3,5,1,0.2473292569,1,15,98,9.432964651,0.2775233441,0,12,0
39,61864.80907,15,21,505.2914449,18849.0172,48,6.050179444,0.8264542356,1601.214619,23843.74586,34411.1307,1,22,5,3,0.3633727798,3,97,42,11.24451472,0.8214508857,1,23,0
19,51907.78216,8,8,576.7398978,41692.00154,12,16.48166834,0.1128492068,2023.646458,13672.30898,16369.48612,4,21,5,3,0.9483547624,4,55,37,4.292131909,0.3502051952,0,46,0
35,77536.85047,12,28,473.9323464,13039.82887,60,9.593404359,0.6055483739,2132.790512,7298.444769,28835.15443,5,5,2,3,0.3641083315,4,13,32,7.147785418,0.7063781425,2,78,0
41,60526.29742,8,17,756.1110381,33342.5725,60,13.91730329,0.5331433707,3697.037977,15801.55641,19963.50312,4,16,1,3,0.7250205447,4,35,46,2.264560515,0.06911771846,1,50,0
29,76223.90239,14,6,759.631198,36799.12712,24,10.77892471,0.5775610965,1366.452467,14645.13815,8436.540259,5,17,3,2,0.4478645129,3,82,9,4.751072922,0.6581140379,1,95,0
18,57588.2473,18,0,724.0093404,31424.43329,36,8.660511127,0.7312465453,1945.62452,20545.70193,9795.421676,1,7,3,2,0.230884662,1,47,46,5.286531006,0.3637977925,1,86,0
47,42489.81513,18,7,671.6070004,21885.79223,36,15.86435096,0.3829293805,2661.333014,3349.105361,5872.677168,1,15,5,1,0.2540086249,5,1,34,5.118946615,0.9101270182,0,20,0
28,47890.27248,13,8,699.8183818,21028.95142,48,5.200988514,0.4660936255,2299.562474,18593.34457,31037.62931,1,9,2,3,0.482687095,2,73,95,2.741142423,0.9857701181,0,26,0
55,46229.34873,10,31,754.0662434,14444.18101,24,13.56427531,0.6929055713,1475.708065,10371.52243,33294.47211,4,25,5,2,0.7302593958,4,59,21,7.016330941,0.6590823783,0,23,0
41,23363.46801,10,4,662.1486259,25443.97339,24,12.33478727,0.4412115796,2742.344694,18356.10751,26444.85565,0,21,2,3,0.4612238636,5,9,54,10.67544397,0.9930231325,0,35,0
50,72605.32308,8,30,741.5719745,26439.14861,24,13.56212611,0.5627358277,2312.881582,23984.37026,0,5,21,4,1,0.01083089421,1,18,45,8.079779586,0.1803451994,2,62,0
46,53170.46692,10,16,677.5209764,28350.26282,12,3.871191563,0.8812126004,3474.930729,22141.95184,21498.12862,2,15,2,3,0.542193898,1,95,69,5.489844235,0.9270393838,0,57,0
52,81952.71441,16,4,690.1395285,33988.43031,24,9.033431863,0.2780049151,1492.553798,7302.486752,4015.46122,1,26,4,2,0.5930183242,1,28,86,3.479987558,0.8932948486,0,30,0
42,74558.14486,9,31,692.0595839,23393.0305,60,16.47936319,0.5343142748,2073.423503,18215.93051,17311.56234,0,19,5,2,0.894446204,1,87,75,8.615802485,0.1669404717,1,49,0
48,26632.49104,10,29,642.2684361,27584.47962,12,8.05250395,0.7174766113,1743.819039,19927.34573,26025.40367,5,6,2,2,0.8004967547,5,58,56,7.649527246,0.9996381467,1,7,0
25,53886.05745,14,20,703.8227252,32332.51408,36,3.773466933,0.7920444387,2783.439995,0,18195.19125,1,14,4,2,0.223456937,4,49,75,2.55343545,0.8036169914,1,54,0
31,49657.63306,9,17,693.660766,12283.60652,24,5.764413663,0.2160065812,1161.637106,34399.95443,1513.66211,3,20,2,3,0.7579408203,2,71,12,7.159786737,0.8889511973,0,2,0
32,80660.54066,9,24,655.0399878,30947.68184,60,5.555604702,0.1965293001,1179.006401,0,17200.56138,1,27,2,1,0.8120212488,3,79,19,7.098324528,0.3551524762,1,30,0
29,55898.5453,17,22,685.4932581,7372.198167,48,11.60621216,0.4733281777,3195.085816,20040.46689,23155.03854,2,1,5,2,0.8791758931,5,16,20,9.650700738,0.713941682,0,54,0
47,83021.21118,11,4,627.0757656,43324.68151,48,8.283159142,0.7814080398,2565.42129,20878.25548,19708.65593,4,16,1,2,0.02590061763,3,10,78,1.540567831,0.6373257762,1,73,0
37,67592.24447,8,9,658.8977686,22789.93356,12,15.76110478,0.1547014141,2219.024658,5830.453421,34618.12186,4,19,1,3,0.5713465432,1,51,54,3.669996475,0.7928262921,0,100,0
35,56545.66739,14,3,523.5566196,34048.61804,60,15.90231765,0.8362205733,2457.245808,11652.88068,26357.28451,0,13,1,1,0.7809592414,3,70,52,10.50537215,0.74456557,1,80,0
60,54939.92815,19,35,707.8515056,24200.30798,36,11.4789904,0.46894326,2614.311666,18654.46382,24949.99632,1,11,1,3,0.2220058941,4,14,20,5.583650066,0.98859098,1,49,0
38,88318.19554,19,31,622.5042257,30530.30438,60,8.856897133,0.7773823075,2456.169473,17672.65527,15405.45155,3,15,4,3,0.2984664165,1,83,57,10.61685309,0.3424163855,0,19,0
20,51566.91846,8,10,797.133275,14480.15429,48,15.78015763,0.5198479157,2442.569106,11523.44899,29397.8904,2,12,3,1,0.7559268159,3,92,72,1.380471341,0.4912533033,0,72,0
42,88366.48438,16,31,670.4771388,26729.80455,12,11.00215548,0.1515332047,1828.324793,8317.723427,0,3,0,3,2,0.5618592323,4,38,53,5.476378689,0.42120959,1,14,0
20,91944.7085,11,12,673.3484209,44226.76322,60,10.25395272,0.18033673,1903.82053,17128.00757,20248.62519,2,11,2,2,0.1060312644,3,66,96,6.369574349,0.6523861823,1,4,0
37,58828.30963,8,38,720.1785193,4586.464289,36,8.214859575,0.07247329464,2936.888198,10480.06112,24910.00725,2,27,4,2,0.8963463421,5,75,56,4.983186145,0.7870199173,0,15,0
25,75791.9863,16,32,676.3377696,25346.59634,48,6.257461845,0.775589884,2830.212346,26173.81805,38117.41392,0,20,2,3,0.3085358637,2,57,86,2.118647272,0.03065089871,2,64,0
33,52708.69096,19,38,652.2095542,9452.694939,36,13.51689786,0.8917810704,645.3816354,25418.46768,722.845687,5,26,2,3,0.5285162552,2,33,60,1.677133067,0.8614171924,1,28,0
49,51368.69009,12,1,696.9068548,41239.32464,60,17.93551042,0.4152280697,2342.845264,1104.597133,15288.6889,3,4,2,3,0.001100121817,2,74,2,7.548762627,0.006907840168,0,5,0
56,60412.65749,19,14,738.0420323,6984.421912,60,15.54113245,0.6385418252,1918.313984,8394.217934,38610.44898,3,14,1,3,0.9890283123,1,42,94,9.494973564,0.7391645207,2,80,0
31,38901.83803,19,23,712.3310152,36373.62985,12,3.906574129,0.8148233065,4106.293097,32945.76444,18419.34757,1,25,1,1,0.4253531725,1,87,67,9.149594233,0.240055309,1,28,0
45,48515.66869,19,16,682.3608418,19469.63588,12,13.54884325,0.6913951388,4220.057452,20579.12367,7333.523615,3,23,1,1,0.7955087933,2,93,47,2.025034286,0.2052681694,0,59,0
40,87692.02948,19,11,680.5191727,32561.49925,36,10.89611494,0.08944386079,3904.676146,34505.63079,30922.17453,5,3,4,2,0.2987550963,2,82,99,1.459675209,0.2311606397,1,94,0
22,79553.5661,11,0,698.3786442,26586.52643,24,17.22357481,0.4570965602,3421.523923,14789.02077,14184.57085,2,29,2,2,0.3136701165,4,88,56,11.02201691,0.060024679,0,52,0
49,42050.00296,13,8,682.5380348,27145.43851,60,6.644095076,0.2400227973,2093.061831,35321.84711,17389.72834,5,16,3,1,0.4598344499,2,74,84,8.033351447,0.9946263445,0,40,0
61,68547.31175,16,25,735.4970988,15125.54344,60,8.783706792,0.5044192266,3571.12797,18088.45325,5288.52496,4,13,5,2,0.433680933,2,11,8,2.756096066,0.2748091305,1,16,0
51,46088.63765,10,36,705.0257033,17634.47717,24,16.18407093,0.6716167754,3002.333685,26883.80552,0,5,6,3,2,0.3323262984,1,26,94,1.880689694,0.7700504009,0,97,0
51,64292.42832,17,19,668.8173353,13769.54171,60,7.247664956,0.1653269112,1704.159307,25996.53007,15249.19179,3,17,5,1,0.2856575579,1,38,27,3.059458242,0.9542103002,0,59,0
33,59162.10079,17,9,581.4794781,26526.84251,24,3.035771678,0.102445272,1200.249625,15386.84261,12754.69772,2,8,3,3,0.6659624369,1,42,56,7.502831114,0.5347946816,0,19,0
26,65548.66418,14,31,691.727275,29673.31074,24,10.75721238,0.3766119783,1340.813731,15576.01471,37538.18383,3,16,2,3,0.9066926615,4,98,62,8.60357592,0.9073700528,2,3,0
46,72954.0205,18,13,679.0180996,39084.01529,12,14.34985771,0.6114012922,3470.013796,2194.942435,29980.11331,5,5,5,3,0.09459768617,4,18,41,5.496633527,0.9811156099,1,92,0
53,49596.98423,15,9,678.9510573,40384.80071,36,11.4265051,0.6800240619,2246.851496,9949.113727,12311.73529,1,14,3,1,0.2942283839,4,47,48,0.7688160883,0.882131052,0,79,0
49,63791.61942,8,18,780.618941,21692.38035,60,5.136482525,0.6178336337,2997.080138,3218.951087,12266.05741,4,12,1,3,0.2451875738,3,89,41,5.371956673,0.3239026997,2,52,0
20,52162.67688,10,9,678.1772209,23088.43527,12,4.393977297,0.292074584,1408.485234,5295.421998,28237.72259,4,1,5,1,0.7236271311,1,20,57,10.50026629,0.9866635458,1,51,0
25,46630.46697,10,33,593.1100711,38625.97321,12,5.522788845,0.72684049,4092.384414,12025.32202,28818.76882,5,4,4,1,0.5516872184,5,10,25,10.11723535,0.7912385939,1,83,0
48,46177.72492,8,4,677.8549872,24390.38074,36,9.071492188,0.5539442867,3334.052128,15642.7913,29821.74148,3,1,2,1,0.2621577735,5,23,33,3.035641598,0.2275839898,0,31,0
43,77570.10157,17,32,728.3017914,15629.5254,12,14.55608082,0.5891085235,1819.842795,19669.47359,12533.60681,3,9,1,2,0.5965542116,3,30,32,1.419242433,0.7750468123,0,27,0
29,84788.84444,13,25,699.9400877,32661.71995,60,16.23101737,0.7579638127,2462.132936,9265.062506,0,1,24,3,1,0.0513975241,5,79,86,9.108675307,0.2727167187,1,95,0
28,70684.82019,16,2,654.2385344,23281.28552,24,17.00532413,0.823177149,2668.265816,30321.58079,14066.60003,5,27,4,2,0.026751195,4,25,80,7.297684249,0.6379770806,0,1,0
34,62994.88266,18,25,657.9983763,41669.83595,12,3.020914502,0.7373168277,3189.954391,27634.54082,39395.03761,1,21,2,2,0.9134942554,2,10,2,1.978382823,0.8436932046,1,22,0
33,83375.04858,15,17,666.7272951,25654.02892,48,3.888223872,0.3234451317,1612.234191,18295.22433,14967.3819,5,23,4,2,0.4169588992,4,76,18,0.7971021627,0.4821857451,0,49,0
33,53570.46621,12,37,666.58075,28737.06847,24,12.87439153,0.7031482237,2894.441958,26414.80378,4331.727986,5,16,5,2,0.7696435413,1,67,66,3.902795913,0.2102387358,0,94,0
22,74806.87605,12,25,737.5120553,40231.1122,36,15.39961406,0.3708115149,2226.860846,8780.865359,24731.92767,3,28,3,2,0.8668782727,4,57,2,7.278011138,0.9737427667,1,50,0
63,63033.23469,8,23,753.8412091,28405.49974,24,8.714233941,0.8727879351,4044.161876,7032.005408,0,1,12,5,2,0.7470710959,2,32,52,3.238039557,0.04578129935,0,69,0
54,62852.55983,19,21,730.5417794,38834.50908,36,9.55367948,0.502241113,2306.609668,27589.18619,26248.31434,3,15,3,3,0.3885391983,2,63,18,11.38968484,0.757208578,1,43,0
24,71645.53819,15,22,740.2056763,4402.707991,36,8.639609465,0.226571823,1598.775335,20498.99526,17921.73355,4,19,1,2,0.104170997,3,21,98,7.832949486,0.6377723833,1,42,0
21,52222.34766,12,28,709.296495,27494.69342,12,7.907721063,0.5618138113,2455.362567,0,21240.02678,5,13,3,2,0.6239791502,5,33,43,11.20602916,0.2628049904,2,95,0
18,72738.85461,13,39,595.4856153,41976.35956,12,5.818582972,0.5892025631,2691.002422,18452.28294,31666.70812,2,16,1,1,0.6904572463,4,25,65,8.163774838,0.4118063384,0,40,0
36,59142.3623,17,28,756.4218362,24575.01826,24,9.167928883,0.4610375567,2851.12571,21931.74329,13796.13279,1,2,1,3,0.7906408551,1,95,6,6.579316227,0.06195965216,0,30,0
59,50245.54067,15,22,662.275668,21652.5609,36,8.329492225,0.7058577726,1701.168621,9298.22615,22918.87461,3,4,3,2,0.06595769995,5,45,39,7.778763683,0.4084540008,1,5,0
44,59530.83831,19,10,809.6377605,21684.77057,36,17.40158713,0.7607558027,2984.404078,20494.47608,25753.40362,4,16,4,1,0.07338870598,1,18,73,2.763681498,0.4765395066,0,67,0
26,67555.02034,16,27,561.6090216,27412.12824,60,8.119782271,0.6806604037,3508.920344,8196.983169,9549.412586,2,0,2,1,0.7573104598,2,95,62,1.259865369,0.2276142338,0,57,0
28,87900.23641,9,13,620.687442,31752.54711,24,10.15333492,0.5256676225,1413.561204,5417.65693,33907.06429,5,0,1,1,0.6468572642,2,42,19,7.786121251,0.8895926817,2,40,0
24,61012.92444,11,7,722.7519678,4567.537884,36,4.111723865,0.1966150426,2705.038592,20569.69226,0,1,12,2,1,0.6327249483,3,63,35,3.155290992,0.3337252979,1,33,0
48,59083.93638,10,38,719.0765972,29773.98284,12,8.021413468,0.6891897159,2655.318394,28992.72346,16088.50868,2,20,3,3,0.2059175884,2,67,28,10.39568575,0.5426758284,0,83,0
55,63307.50391,10,29,638.9297939,10070.61917,48,15.78639093,0.1098522179,3498.296925,23925.05785,0,4,18,3,1,0.2767270597,2,71,67,3.601572944,0.7714900516,0,28,0
26,79867.69122,15,9,685.6670192,17485.77234,12,10.40827199,0.1164146853,3058.881818,8574.808849,11938.62305,1,6,5,1,0.5911090611,2,75,15,3.42429884,0.8427700786,0,58,0
47,30051.94014,9,9,694.4472593,32383.83967,24,3.59446805,0.5780816978,2564.831173,7678.689925,48507.86443,3,3,2,3,0.7741591444,1,59,26,7.350651449,0.9146922774,0,92,0
55,37149.6595,12,31,736.3319958,15535.66073,12,9.480904447,0.807135914,2665.30906,25914.6675,13266.76858,0,19,2,2,0.02430060042,3,80,11,4.688649095,0.1876176186,1,4,0
61,64651.32948,19,36,604.1336486,15024.00852,24,7.78783815,0.3907173789,2662.807609,20690.6476,16311.61622,4,8,5,3,0.4204566759,5,81,83,8.672119715,0.5567215043,0,53,0
54,65692.35047,10,21,699.6809415,46932.74669,48,9.364582233,0.2398213411,2162.513209,10362.46296,6359.524912,1,13,1,2,0.9951440895,1,38,15,2.343794857,0.7627722489,1,5,0
51,43040.45459,18,24,639.0130901,22229.84595,12,12.70606778,0.5592758006,3188.700124,23581.82026,23931.32278,2,1,4,3,0.6935714419,2,6,70,11.49411297,0.8920239586,0,8,0
29,49123.3239,8,6,822.5530186,16024.01619,24,15.36500917,0.5675793309,3676.694632,16599.66605,35168.23356,2,6,5,2,0.6949871658,4,34,16,4.984100111,0.627446685,0,94,0
28,43325.23937,12,32,697.7146397,8983.168491,36,16.51567845,0.7077259886,1082.888346,25446.93432,6693.051154,4,19,2,2,0.3446112793,3,100,71,11.6117162,0.369445874,0,16,0
32,80137.26698,16,38,749.5200081,14920.65763,12,6.406018807,0.67794818,1949.298948,21916.99565,30282.79299,3,2,4,3,0.3155859597,2,90,73,5.58494346,0.2786435795,0,57,0
34,74977.44595,18,0,732.8138146,34550.70872,12,14.14705201,0.5145772907,2673.373468,5164.583527,23151.43786,3,26,5,2,0.5598719269,3,77,28,5.425102912,0.5690083231,2,13,0
34,62583.72503,16,38,618.7224384,16977.22324,36,14.70300037,0.1025322334,3011.127771,11595.09087,49685.51683,0,18,4,2,0.02595773603,4,22,6,3.07188738,0.1692276475,0,81,0
48,74209.10004,8,22,598.5964278,1793.890044,60,10.88474905,0.2290779839,2407.9408,22436.25894,44945.34938,3,18,5,3,0.2903760868,4,53,53,9.62726967,0.3654512436,0,41,0
55,88668.78915,10,9,742.6648902,19146.2176,60,4.276885804,0.3364427855,1118.498636,24975.29089,30752.20948,0,3,1,3,0.1933062715,2,24,54,7.959158074,0.6058161126,2,47,0
64,83555.23674,19,0,649.5139675,1942.721507,24,8.221909491,0.1084277108,1894.331365,17320.9359,5272.258211,4,29,4,1,0.6151801149,2,79,2,10.73929709,0.4483624173,1,67,0
57,59729.06159,9,23,650.4059202,36280.15007,36,14.30910164,0.517174278,1996.338507,15673.77316,29124.57422,5,5,5,1,0.244607313,1,49,88,7.087662573,0.5558035789,2,78,0
46,38046.66255,11,10,580.8322474,25409.32008,12,10.78172105,0.3194554267,2534.785333,15035.19753,30869.35441,5,16,1,1,0.8443172451,2,7,18,5.108344016,0.2576865371,0,91,0
51,68689.37213,11,13,626.4188911,32126.3531,60,15.3707972,0.249968048,1934.081957,18932.10282,11387.54867,0,0,1,1,0.2263220207,3,26,15,7.378765056,0.1367801845,1,84,0
60,58628.54655,9,17,619.3762145,25296.23814,36,12.89268565,0.679311245,3017.645777,20252.71536,13950.857,2,22,5,1,0.7274475972,3,100,45,1.755259035,0.4561758343,2,17,0
59,34677.62123,17,34,642.8122566,59285.33305,12,4.963988534,0.3620529744,1957.623619,22010.89934,40027.75023,5,9,1,3,0.1307342758,3,76,84,3.450532055,0.3827503012,1,13,0
18,45051.2615,15,9,709.2004155,27916.44047,48,3.384937675,0.3142756269,1711.852917,27462.49073,0,0,28,4,2,0.01499435402,5,65,8,2.953012013,0.8649901266,0,35,0
56,66298.12433,10,17,698.69764,11307.20905,36,12.13001543,0.5806100979,1753.535678,8920.464512,14662.34631,4,15,4,1,0.3886697325,5,37,25,5.022922668,0.2334926103,0,84,0
49,77711.25419,17,6,631.3783804,23226.06282,36,6.953835589,0.1418148621,734.0805021,36357.15312,29203.52576,2,2,3,3,0.5731872987,1,94,12,7.766820147,0.1617131835,0,39,0
50,57835.38581,11,0,666.1894301,11902.86463,60,15.26113759,0.2783055693,3963.63227,8958.662916,1116.281116,5,4,5,2,0.4938852024,1,42,43,8.604178491,0.8503636998,0,55,0
35,43413.21919,14,22,707.3510576,9513.527762,12,14.68280831,0.2105227899,3083.989246,16695.90257,6306.498547,2,21,4,3,0.5559581278,4,71,48,5.167074802,0.9289078595,0,30,0
53,67907.71101,16,39,668.8363388,30513.33975,12,8.191198608,0.6088549712,3031.980888,0,41905.0477,2,26,3,2,0.5042000176,4,59,54,6.814656824,0.02085297149,0,18,0
62,67438.50339,16,9,807.7753023,31860.88746,60,7.738034115,0.3069859042,1544.599954,12155.4783,32338.91122,2,4,5,2,0.01757877259,4,33,15,8.670546403,0.8999569495,0,43,0
29,70132.70327,14,35,676.6046297,16318.25036,36,6.768672893,0.7600949986,3307.483984,17682.50034,20475.41133,4,14,4,1,0.8135571538,3,91,55,6.530797461,0.7166027279,0,79,0
35,75422.62333,18,9,650.6577183,32724.13257,24,16.3622925,0.1088779062,1973.064716,0,26675.54848,0,1,3,3,0.6648824355,3,93,52,7.501423782,0.4573393364,2,75,0
36,63256.22145,17,9,729.2957434,21341.05992,48,16.86827033,0.7898381058,1726.4064,10606.64546,0,5,13,2,1,0.4986829499,1,67,51,7.494326933,0.8997050278,0,36,0
19,53887.87225,16,21,737.6952473,29249.66934,48,11.52262215,0.2548815121,2449.897977,12434.6972,31882.34469,3,17,5,2,0.7905564052,3,76,52,5.646806354,0.9066467626,0,51,0
24,59105.96882,17,22,634.314887,18739.11518,60,12.16453353,0.2259820663,3054.036797,13137.35668,16022.80294,1,8,4,2,0.05327711839,1,95,36,6.95730775,0.8726559254,1,45,0
54,64405.62241,15,17,622.9510639,4170.573409,36,9.353447124,0.07207862421,2593.204612,15628.5379,35198.81874,1,29,4,3,0.1305798751,1,90,55,9.025788773,0.6212082798,0,41,0
29,53484.06668,18,30,676.5717576,25514.02353,12,10.87608058,0.5340169096,2488.859229,20925.497,18218.42533,4,8,5,1,0.1725448831,1,21,43,7.641403597,0.07221940159,0,42,0
18,47491.63174,10,3,716.5173367,47327.4538,36,8.28775532,0.6630600557,3698.964682,0,24013.21539,5,17,1,2,0.4784348613,1,61,31,9.482415464,0.1784417868,0,70,0
38,62386.73653,9,38,664.7251356,41271.672,48,13.26283577,0.8110956515,2434.845105,28830.67683,8006.616436,5,21,4,2,0.3936731773,2,23,10,8.909227971,0.7514771547,0,30,0
47,78691.7907,17,16,797.2579156,13440.11106,36,9.622457516,0.7731919363,3198.52139,30316.93404,13448.81372,5,6,2,3,0.265456155,2,35,52,4.862451809,0.9070341686,0,72,0
54,86512.54553,15,32,702.6921295,16301.82908,12,3.470225618,0.08443526451,1858.072214,15870.65647,39749.1586,2,21,3,1,0.8619605755,4,77,25,5.951156207,0.17095115,0,36,0
45,66001.8737,12,19,672.2562815,21155.39947,36,16.11785867,0.8763728237,2631.064148,0,17736.52932,5,27,3,3,0.2633087164,4,70,15,11.17533316,0.9163857318,1,15,0
39,65231.99999,17,38,707.6781778,14823.39648,24,13.80753728,0.07249870787,1103.199176,0,61246.42477,4,16,1,3,0.2465775016,5,27,29,11.78601327,0.1367411739,0,53,0
21,66409.19291,17,15,663.4406187,24235.55092,48,8.60455313,0.4248953113,3468.42927,23238.5121,0,3,14,5,2,0.4573827993,2,92,95,3.970789634,0.8978653386,0,7,0
47,65443.38431,13,18,690.8348311,12711.88001,60,16.40010727,0.06200549209,1500.518571,25949.01512,25074.84956,2,29,4,3,0.8949466043,3,43,55,8.372557546,0.7503099648,0,30,0
21,70274.54702,12,25,670.6478902,23632.01573,24,14.68142783,0.5062729486,3791.78694,26486.96834,12310.08886,4,10,3,3,0.1039639327,2,12,74,4.875576819,0.01945601665,0,95,0
25,32597.5093,11,39,739.4564796,30776.86619,60,12.41988129,0.7678522857,2514.429119,21021.34406,27992.34895,5,29,5,1,0.5954444763,4,54,35,1.242310599,0.711475868,0,54,0
45,39823.71369,14,5,621.3571501,25633.21232,48,6.805652718,0.6315856648,3045.839427,0,8357.024819,4,24,1,1,0.368460373,4,53,8,8.877989034,0.658594547,0,13,0
39,41163.24849,11,22,613.6285393,41226.83688,60,17.84159061,0.6368477463,987.6031177,4954.719745,37562.72595,0,12,5,1,0.2651893286,5,78,96,5.11377427,0.6735846875,0,53,0
53,30485.87665,14,13,605.3603205,30616.82826,60,4.633676723,0.5406994033,2844.693527,20819.57648,23501.17818,4,10,2,2,0.8303961439,2,54,7,10.2493606,0.8714967309,0,57,0
53,71257.43076,9,27,668.3057832,32004.36321,36,16.06678776,0.191662076,2624.018386,14916.05765,0,0,13,2,1,0.7368727405,2,10,39,4.1089692,0.6212247113,1,57,0
39,60940.41789,8,15,799.9445157,20919.32774,60,13.4355245,0.2647522657,3617.817045,21077.92562,20704.45262,5,16,3,1,0.8527437181,3,50,14,2.780446035,0.437109579,0,87,0
40,42825.62239,8,17,739.3618715,11627.08482,60,12.72447907,0.2707569837,4197.541062,0,20054.56041,2,17,5,1,0.7636428327,5,99,42,7.084947347,0.8629756386,0,1,0
29,58997.09486,14,26,730.7253389,1000,48,13.80465436,0.4036272523,2967.499278,0,34448.53746,1,9,5,1,0.9890004445,2,42,88,6.692044184,0.6760068948,0,31,0
51,77910.85487,10,33,715.3831494,8209.421253,60,14.14924355,0.344887263,1219.036565,17418.14292,51953.6142,0,23,1,2,0.6831984187,4,59,44,6.926197571,0.9583039403,0,46,0
26,60459.68148,11,18,756.7020336,13033.48492,36,3.665912575,0.8235287574,2182.436184,14059.07922,22245.28131,0,23,4,3,0.6908605791,3,18,98,3.630219702,0.5378951943,0,83,0
64,80899.00581,13,9,703.6371922,25332.52143,36,16.20314927,0.3661386218,2982.59262,20702.9752,17608.49923,4,22,3,1,0.8680492635,4,52,82,7.965104385,0.1413879734,0,87,0
22,79822.89874,9,8,768.7333484,9243.132702,36,9.793850335,0.2430087496,2874.117561,0,15364.94584,3,3,3,2,0.812822111,1,18,20,5.865158947,0.7656976695,0,51,0
62,67460.71705,8,17,722.6562833,11445.84451,48,4.098319435,0.6195522115,1719.130727,567.2576106,18295.91736,3,20,1,2,0.1518983817,1,99,23,9.189260438,0.3096629375,0,95,0
63,67235.66993,14,22,728.2104195,44801.31278,48,13.80862461,0.828955477,685.903966,17366.67483,33052.0999,0,20,2,2,0.5611635261,3,10,89,11.66152124,0.5142037219,1,6,0
62,70113.42459,15,2,727.3246736,13953.48252,36,3.796490653,0.2847661027,3794.336149,8421.432172,13497.60432,4,13,4,1,0.5094639523,4,62,41,8.039984696,0.5422771853,1,67,0
60,54992.51274,11,2,663.4253132,17073.47249,48,15.73154975,0.4483862496,3819.523018,13185.90641,22807.73144,1,10,5,3,0.006282189969,4,48,85,0.7540515213,0.8553101155,1,3,0
26,57635.70517,16,26,737.2289213,13243.4369,48,5.903198686,0.4581355449,2001.269915,23212.94841,24897.20799,0,2,3,3,0.7686603806,5,83,66,5.242133135,0.4151944944,2,51,0
48,56706.69275,14,20,589.7489152,22437.85749,36,15.42928309,0.8663347914,3502.77414,15559.54664,35888.80995,5,20,2,2,0.3479170388,5,26,36,9.699768388,0.633559408,1,55,0
32,66852.20856,8,16,587.1119782,28935.17122,24,10.93794958,0.1490865234,1512.980069,13861.48509,9314.141275,2,22,3,2,0.06648705258,5,59,50,5.985549356,0.0007583201927,1,11,0
50,54832.91886,10,34,597.6383072,31544.52728,24,11.01479745,0.3850180775,2248.088426,7579.06112,17251.49832,1,22,4,1,0.7745618347,3,16,89,3.989259755,0.2040715968,0,22,0
32,53560.91421,15,3,700.8706048,26815.85498,60,4.239184816,0.1511553642,1665.340271,19034.26415,22629.46875,1,27,2,3,0.2262816639,5,27,19,4.688185663,0.7993949903,0,31,0
25,56765.161,8,20,652.4574917,26963.08329,36,8.070365531,0.8528627479,2849.929666,27589.79369,9038.816501,2,10,1,1,0.1418960286,2,65,16,4.829027334,0.7991904578,0,31,0
55,64587.63389,18,1,640.8627386,47545.59469,24,4.686090034,0.4574020815,2527.564955,2617.884273,29224.66551,0,19,5,2,0.5082793404,4,99,85,9.506335623,0.4212509282,1,63,0
31,81872.21223,16,9,625.1956346,23098.58549,60,8.741724798,0.1929989768,821.8264145,0,0,0,23,3,3,0.432071751,2,17,81,6.617339291,0.1445109458,0,60,0
56,70321.39005,12,17,670.6340056,28741.38787,60,9.306504242,0.4637505,2325.550092,5277.234384,52622.22579,5,17,5,1,0.3278052704,4,88,24,9.521459039,0.4455829358,1,68,0
28,45406.04237,13,38,631.8498167,14712.40998,48,11.9977704,0.7426347653,1621.983731,22537.91669,0,4,25,5,3,0.6073540071,3,53,90,0.5400447391,0.5659638612,0,62,0
63,51868.28559,13,24,637.9144311,24957.40841,60,5.912875371,0.5119312777,3677.691343,19951.47208,20063.41609,4,20,3,2,0.1015317011,3,75,74,0.933881167,0.8472994582,2,86,0
47,41170.38424,14,22,701.1775911,18684.82282,48,13.03263436,0.5713962234,2198.747701,19272.32096,7026.302286,2,27,5,1,0.980723761,1,10,57,5.275351997,0.6490871221,0,97,0
41,84433.0323,11,25,619.380035,18655.35268,36,4.793308258,0.4800049367,2475.941779,27434.40537,24054.51879,5,13,2,2,0.1923657735,4,88,34,4.411317339,0.4237306548,0,45,0
33,53091.89373,16,6,735.8115385,13971.82331,48,17.34190923,0.08760063813,2200.783897,28791.76162,15140.04929,2,24,2,3,0.1703313137,2,93,5,11.5384864,0.194233225,0,83,0
44,48430.73528,14,18,707.4489838,18475.42677,12,12.87781449,0.829917282,3304.888801,17806.33759,0,4,1,5,2,0.7397900212,1,95,45,8.033643964,0.1639898148,1,56,0
54,56142.2104,11,36,734.8916227,19971.171,60,10.53217066,0.6039143461,1925.08804,0,0,1,23,1,2,0.6154343016,3,34,26,8.866127772,0.5745802225,0,10,0
30,57986.88445,8,4,800.9677177,26973.00677,48,16.83909163,0.7508766403,3762.349036,19364.92149,33203.14328,5,12,3,3,0.6813530739,2,25,50,4.108187055,0.2840422453,1,58,0
49,37329.28576,15,39,683.5957079,54472.69628,48,13.90287345,0.1024879961,3053.320917,23259.68297,20795.4037,3,15,3,2,0.01174564606,5,8,43,8.116188273,0.08517185349,0,84,0
47,47276.19413,15,30,745.7884365,36848.78417,24,7.925570814,0.8415728934,2067.900886,9110.613348,32006.81147,5,7,2,2,0.3728581834,2,46,28,4.294832841,0.7433026795,1,9,0
38,73552.59904,12,36,768.6383551,39241.71147,60,6.360609165,0.3315270907,3056.87321,26167.34103,0,5,11,4,1,0.1752724796,2,69,15,1.620623991,0.06546450499,1,86,0
63,38938.41704,17,5,686.4127433,34384.07384,48,7.848102937,0.8938490503,3319.311795,14230.18525,34590.6187,2,9,3,3,0.2835204301,2,35,39,6.519049154,0.2205054025,0,48,0
40,61402.47681,10,9,737.4142624,28986.93557,36,14.12270017,0.3633726004,3004.965644,10295.52394,7993.067435,1,5,3,1,0.6211684426,4,94,10,9.725654665,0.4319692176,0,94,0
25,39192.71108,12,3,716.3074283,12113.00552,12,5.986362484,0.6956629653,2561.984297,22705.15973,57601.11421,4,16,3,2,0.797067904,5,48,67,2.572523384,0.443641145,1,94,0
57,87124.10477,17,34,574.3763808,19297.18683,24,6.624745224,0.3664061461,2754.060485,6674.943495,19121.54373,2,13,5,2,0.1899323741,1,31,23,10.18191826,0.6072356255,1,13,0
40,55372.01881,13,35,681.1563333,20100.26658,36,3.917058568,0.1911657095,2052.666694,32811.5411,41859.90524,5,24,4,2,0.4595437668,4,25,43,5.248721176,0.06100954075,0,62,0
39,40813.93183,19,35,692.8529233,27423.72029,48,16.75697344,0.5758724175,2787.010303,0,13540.06024,2,3,3,2,0.1096798166,5,22,16,11.21449376,0.9050005553,0,77,0
55,69867.37063,13,11,646.5393544,25514.38415,36,7.961102281,0.6143928276,1851.762786,0,14736.05146,3,24,3,3,0.8112506661,2,46,23,6.255262507,0.7053287009,0,3,0
41,72033.1376,16,6,698.1671765,15760.55298,12,8.695791145,0.4862059114,2449.838177,5405.724082,31563.99768,4,21,1,1,0.3356060679,5,30,30,5.997698069,0.0528231845,0,20,0
37,45165.14421,9,4,609.164817,15084.24804,12,8.331786744,0.844369347,3137.753274,29274.80736,37153.81026,1,11,2,2,0.7655462235,2,63,34,4.294435221,0.73749917,0,21,0
32,58678.67275,9,32,631.9726538,41801.0794,60,4.345444159,0.2192508539,3139.908426,5085.422002,22542.47567,3,17,5,3,0.3786787951,1,17,11,3.367585803,0.5303008483,0,60,0
19,71638.8813,18,33,741.7595246,12250.57408,48,6.832853066,0.4999162644,1933.786215,18552.51349,30854.85021,0,28,1,1,0.04453275951,3,56,93,1.06265983,0.3349809481,0,30,0
27,66376.00004,15,37,734.6418334,28636.45323,60,13.8045163,0.6505951911,2154.747122,24936.59867,5526.312604,0,5,2,2,0.3783322912,2,45,73,8.416843152,0.003370060347,2,61,0
21,74487.96687,19,19,730.2378321,24008.09188,48,17.40221998,0.1337405743,2920.729671,17823.90905,32236.31104,2,20,4,3,0.4553288537,2,37,96,3.275995133,0.9231035183,0,91,0
55,71220.18043,19,34,538.841494,39788.68233,12,7.903109424,0.834568704,2618.196232,14062.19793,26644.56118,4,26,4,1,0.1544548921,3,88,67,2.433168754,0.2035466017,1,46,0
60,74587.11163,14,19,704.6482969,21307.68205,12,4.348390943,0.4919524777,1311.589821,21689.26573,47935.51313,3,15,1,3,0.2390283768,4,69,45,3.040587526,0.2163388319,0,10,0
45,77829.85743,13,28,710.2302203,21488.26733,48,4.873211369,0.2462202034,2198.502948,12209.33574,16507.32454,1,6,1,2,0.5435546936,1,35,47,5.612903273,0.1420725207,0,59,0
48,70336.85941,18,26,700.0574352,15886.96239,24,6.598884742,0.4578680986,4261.795471,19595.1814,13962.47606,1,29,5,3,0.05965780759,2,49,70,1.339336872,0.5930726902,1,56,0
50,69386.01853,16,4,594.5839309,40295.32847,24,6.276167687,0.4176445595,2957.597726,17513.22918,24424.41879,5,5,3,3,0.2699678992,1,22,75,6.109053762,0.7836696236,1,15,0
26,67374.30076,16,12,731.2941094,37542.32618,36,11.66591126,0.393868372,2188.240932,878.294592,25164.43566,0,15,4,3,0.6383396007,4,95,16,11.73441508,0.8436467517,0,45,0
56,52123.93733,19,1,619.2213186,22583.94948,36,15.86876011,0.8507209051,3891.030826,14053.87499,13192.23452,1,1,4,1,0.4359127747,4,28,85,11.93914858,0.190315651,1,31,0
56,46331.22785,11,1,601.8557643,1000,24,8.664579049,0.8438451761,2184.880382,32867.50405,25298.13482,0,28,3,2,0.03369498212,4,3,30,5.853563671,0.722504227,1,13,0
36,90561.37828,14,37,665.6677907,19444.23388,12,16.54344288,0.7353919492,3075.610573,0,6801.90636,1,12,2,2,0.1990828353,3,72,93,1.006906994,0.07456759272,0,17,0
46,40455.9503,11,10,699.9528137,25423.66733,36,8.321648687,0.3431817013,2194.987017,19772.46217,45183.99081,5,8,5,1,0.5205898499,3,20,35,11.99733551,0.720819299,1,8,0
20,67672.61989,19,23,706.0919971,18588.79429,24,4.116461138,0.5623395313,3082.850999,858.6900247,6469.746558,3,11,1,2,0.5122607386,5,98,47,7.398842297,0.09987666424,1,93,0
33,57153.95536,19,36,594.5008083,5992.677034,36,5.735354915,0.2095989911,2264.191844,23935.7687,32280.51528,4,22,3,3,0.6201851653,3,2,39,11.98740045,0.09098572589,0,27,0
58,66880.33248,10,9,765.5843713,3532.572258,24,6.566724087,0.8118756052,3233.080543,39201.01488,21120.37863,4,29,4,1,0.4397363697,4,9,12,1.784193838,0.08718082732,2,88,0
38,79367.58744,17,3,676.9015801,17996.34432,48,5.732941489,0.2308841604,1210.422372,12225.28437,35409.61784,1,12,3,1,0.1238303312,5,8,96,3.401629854,0.1000942827,1,89,0
40,42188.76531,17,20,650.9873506,9386.047293,12,6.689081877,0.5129915848,2822.390551,25748.49763,16376.96285,4,11,2,2,0.9605799223,2,97,61,2.131454576,0.3707666371,1,25,0
38,58331.88236,11,30,610.3128452,18050.35792,48,11.1297962,0.1708777233,1923.015855,10528.61157,20380.31771,2,8,4,1,0.4319874883,5,2,28,10.56826963,0.4883880048,0,14,0
23,54631.68646,17,3,689.2131427,17370.1487,60,13.04637716,0.3945570754,3567.26777,15399.30753,29141.17718,0,16,3,1,0.1569687091,1,79,89,2.082360376,0.7707947719,1,41,0
39,60673.56073,19,17,694.4352688,33089.47915,36,5.715279296,0.2388555002,2019.275491,11828.36943,45538.50836,5,26,5,1,0.3353988758,2,91,78,3.439493314,0.9563428638,0,1,0
49,69307.11787,8,9,637.2122293,15577.12616,12,4.100024024,0.8623794156,1893.382434,23653.55916,23405.11994,1,18,3,1,0.9491782449,2,20,74,0.6261463808,0.4061015692,2,92,0
39,60483.15679,11,21,695.920914,32247.32878,48,15.42466551,0.6090784406,1713.348544,16782.56359,26674.81256,3,12,5,2,0.6936071904,5,44,65,0.7829300706,0.1004527395,0,86,0
45,58185.69254,17,17,581.5022341,25086.43948,60,5.405586282,0.09734393709,1673.170436,19068.20927,6485.761422,2,11,2,1,0.3701726716,4,1,22,3.523732308,0.9005564172,0,90,0
46,47344.45748,9,4,686.544475,3180.955035,60,7.770668162,0.2345158074,3342.045227,18601.2496,26645.15211,2,7,4,3,0.8016829376,1,14,20,11.93242338,0.784377716,1,74,0
24,75092.45876,19,15,625.4494337,24881.76842,12,16.40828395,0.6611376925,4539.217349,0,23604.09158,5,26,3,1,0.4821518743,5,50,67,4.154310301,0.05874904578,1,41,0
55,74075.74875,10,6,624.8437091,40033.28512,60,8.234543226,0.1424506465,3194.233333,20388.71884,35444.04526,3,28,4,2,0.4419775498,3,21,1,11.11820175,0.3427139708,0,79,0
55,30586.29525,17,27,694.4299644,19718.98712,24,4.98524665,0.4794267741,2266.075893,22715.14606,2502.961329,4,22,2,2,0.4403418597,2,6,87,8.995876804,0.9459662176,0,24,0
35,53058.12382,19,24,745.1400916,42195.96776,48,3.819395202,0.3061204268,2080.483466,21701.64987,21813.19251,1,23,3,2,0.4936603907,4,66,54,6.73073544,0.9052840065,0,26,0
20,47853.968,15,29,700.9199485,31506.7232,48,16.70024542,0.6807363191,2969.884964,20021.91793,9203.9994,3,24,2,3,0.2385441452,5,28,87,11.34823284,0.1484711795,0,1,0
55,60333.08545,17,25,759.5294895,15729.551,48,3.089387102,0.7358622758,2878.30998,16261.40073,13583.38998,4,22,3,1,0.4497103231,5,79,14,5.8740626,0.5265032579,1,15,0
39,78171.39682,14,6,680.6680905,35032.31641,12,16.84435378,0.05994631476,300,0,0,3,21,3,2,0.05465651297,5,86,10,11.17917872,0.5456047595,0,42,0
54,77159.84079,9,15,758.0395884,21866.07765,48,10.12593661,0.06789720312,2195.485265,7265.871499,0,4,13,5,2,0.7744960224,5,100,4,0.9300503684,0.4912591335,1,74,0
34,47954.21954,9,20,709.4371244,17595.73925,60,4.892978196,0.4188085832,2776.554622,0,36650.74997,2,27,3,1,0.7829406483,2,33,19,2.162031184,0.2543146409,0,39,0
58,47435.98016,12,13,725.7859688,1000,36,13.46822184,0.2951991098,542.4830383,0,17412.57761,2,4,1,1,0.7666108062,5,53,68,2.391751916,0.1209869061,0,81,0
44,77492.24434,9,29,664.3340998,24473.21745,12,17.10736023,0.4255606233,2826.633848,3743.634636,21019.97641,5,14,5,3,0.7637132668,4,39,11,7.093724839,0.8176833553,0,51,0
60,66994.70422,16,20,613.6982848,31166.26654,12,3.512831964,0.5381686701,1759.61242,16589.888,22150.28311,2,13,4,3,0.6052193496,2,94,63,0.6818255776,0.618148907,1,81,0
58,65191.3166,16,0,671.9883175,37619.98009,12,5.392599785,0.3348423459,2458.115361,10295.33813,20232.82219,5,21,4,2,0.4264771068,2,61,32,2.061144664,0.2733351935,0,35,0
18,45088.85984,13,37,779.1198981,15394.7486,24,9.599850116,0.7506142222,1663.397007,22614.68576,31415.88367,0,24,5,3,0.5305296025,1,37,58,7.824131415,0.8862643654,1,61,0
24,68575.31936,9,9,606.5053512,15808.95731,24,10.02936432,0.3767649755,2178.124005,27928.79892,8899.551397,2,15,4,2,0.3737875841,3,72,18,1.41459224,0.7525436686,1,32,0
42,42785.3559,14,5,668.1719248,35606.70364,60,4.486443713,0.1167908233,1254.409564,14854.64976,28742.24716,5,21,4,2,0.485993985,1,38,93,5.177972817,0.8155385148,0,71,0
57,79720.0129,17,10,611.6445309,6233.030258,12,6.567963151,0.7470717444,2090.410073,0,32741.73404,0,24,3,3,0.03905790729,2,11,1,9.234380908,0.8142680757,2,3,0
20,98244.78248,16,38,750.546529,41302.45121,60,5.299601802,0.1000444366,2719.224687,8789.266683,31591.61919,1,19,4,3,0.9833856922,5,28,89,5.801422698,0.5643472328,2,61,0
40,58115.94815,19,13,632.9649537,33237.39202,12,4.851310769,0.8793185219,2607.30078,9461.890435,36186.72171,3,23,3,1,0.5759751199,4,59,87,3.73880307,0.5258322399,0,49,0
51,62831.67242,17,32,710.9406574,32243.022,60,5.05934824,0.5434747666,663.4592365,1599.286421,23929.6314,5,17,3,2,0.8548376876,5,78,26,1.903883917,0.8892162024,1,38,0
50,69827.38259,17,37,662.0258769,21238.16791,36,3.490606277,0.6232512023,1909.820334,24.23171983,13205.29573,2,26,2,3,0.3057662489,4,23,18,4.167552948,0.1411306587,0,42,0
37,56788.90169,15,1,804.5520488,22881.33814,60,5.043158123,0.2264786128,3026.4094,7014.139558,29055.43278,1,24,4,2,0.9636943112,2,94,50,3.744628359,0.9371848636,1,71,0
45,59072.18572,14,21,701.7288351,24778.21687,36,3.912962788,0.1126498253,3298.428082,9128.515092,41993.91351,1,20,2,1,0.9112579893,4,37,35,11.75836115,0.9052445243,0,31,0
62,57618.79385,10,24,607.6040138,32331.64067,36,4.817444558,0.1446373674,1384.191918,16705.01565,26952.47572,5,12,3,3,0.9818851693,1,40,47,7.856531224,0.5170722849,1,66,0
45,66834.00948,18,9,678.2469762,21281.53888,60,6.794309327,0.7713543619,2662.661108,3230.840344,17789.00149,0,22,4,2,0.442767027,4,18,48,8.125327697,0.9390738635,0,74,0
22,53369.4072,10,15,634.49579,1000,60,14.26263506,0.6679611318,4113.385646,12226.28722,22835.56435,4,15,2,3,0.08003977619,2,75,53,10.58675586,0.1012797777,1,81,0
44,16119.41503,17,4,615.6295955,27427.24756,24,11.37243307,0.1708219431,3552.883248,18868.10932,24566.88989,1,10,5,3,0.3345565106,2,94,70,1.987518703,0.9582727468,2,91,0
34,36203.56012,13,3,727.6140064,12383.48361,60,5.488985983,0.6121296754,3974.347728,6607.111051,15253.78791,4,22,3,2,0.498228887,5,46,42,1.898974304,0.0605101512,0,13,0
29,77063.86609,14,16,726.0898184,23246.03594,12,15.87026605,0.7964501478,1974.766014,4191.931198,41909.65895,3,4,2,1,0.212063609,4,31,47,9.660371738,0.4833211608,0,97,0
60,66872.80499,19,17,756.1614122,37430.1994,24,17.8157209,0.05443932199,2007.192626,20669.01551,6206.008726,3,8,5,2,0.09693111409,3,61,87,10.34832369,0.6667836873,0,71,0
39,37115.86964,13,10,702.8181976,8119.192572,60,4.18922704,0.5264259167,3818.611172,10678.18813,14768.48285,2,15,5,3,0.2874900267,1,92,19,6.234531251,0.2785458246,2,80,0
53,63314.89781,12,10,701.0234107,28490.65456,24,4.976359273,0.7464278044,2342.326329,15629.22205,49275.97461,0,8,4,3,0.1568893312,1,41,88,5.61096814,0.04014590846,0,35,0
27,86666.86398,19,29,684.8262583,28350.1658,60,10.96957984,0.1701936525,1658.367066,17646.86578,8504.257299,4,8,1,3,0.6038443549,2,4,15,5.393471015,0.4140308485,1,33,0
20,75328.9192,18,23,658.4693285,26503.62853,60,15.05618855,0.8707429027,1041.124387,9675.21679,20914.49098,3,3,1,1,0.2496459269,1,16,61,7.26709663,0.3783140569,1,12,0
44,32681.71617,17,10,700.5281586,26933.50431,48,14.47104888,0.4983512715,2098.654403,21856.79621,40267.76676,4,16,2,3,0.7372607566,2,27,61,8.111158617,0.4683364335,0,30,0
33,48342.7388,9,34,719.9911214,35936.64485,60,11.79748738,0.719175346,2781.367473,6274.621362,28300.50311,1,15,2,1,0.1690722874,4,6,40,2.574638441,0.134912307,0,16,0
27,77821.35265,8,6,667.6579594,11178.77922,36,8.523798472,0.6806779068,3467.025759,5002.839409,33475.80702,2,0,1,2,0.6955895369,2,19,36,11.90002259,0.149413601,1,23,0
54,81628.84267,11,6,724.5419228,36513.41062,24,9.01167267,0.205214398,1639.449155,2699.54612,12549.10448,4,26,4,3,0.05533458353,4,49,87,11.27515642,0.3798974338,0,67,0
41,74778.85368,11,19,717.1855206,19697.72356,60,5.992024732,0.1338177754,3269.363022,0,25642.86314,1,27,4,2,0.2162164538,1,68,63,8.832054467,0.7416267998,1,80,0
28,59009.36881,17,38,678.1381923,20366.48854,12,14.71811725,0.4460251329,2579.036681,10199.71617,18065.17216,1,7,5,1,0.7510502068,2,51,57,6.740212456,0.7249208516,0,20,0
35,53511.69281,8,20,713.9887454,37461.80152,36,10.16986057,0.505212391,2305.501905,16996.50636,11215.20636,2,28,3,3,0.8773015902,1,80,43,9.26212954,0.5441144171,3,90,0
35,62100.93934,15,32,742.7328636,19163.59864,24,7.738070146,0.3201948567,3247.84918,8045.548591,32285.93701,3,6,4,2,0.07308182738,5,11,21,4.469363326,0.4565508906,0,43,0
34,79414.04977,17,21,588.1256756,38582.2807,24,12.51271728,0.4758754738,2551.296902,15725.60287,0,4,3,3,1,0.7639198774,4,78,29,6.297789733,0.3141638563,1,77,0
25,54422.48462,10,12,623.370631,32980.916,60,14.79769974,0.4669877035,3013.385441,48605.94141,14485.71144,3,21,1,3,0.7370482694,4,100,75,7.797225637,0.4317237449,0,62,0
62,40414.97918,12,7,755.8102489,34881.2346,12,17.50039737,0.7009290379,568.6660109,17939.24145,0,2,19,1,3,0.6030595467,2,16,99,7.061035686,0.4520409399,0,42,0
45,67925.71023,8,11,663.8775671,18740.98317,36,16.6151962,0.1979514651,2788.027475,22529.71973,678.065212,0,15,5,3,0.2924327617,4,43,27,6.720412706,0.4672716628,0,68,0
20,31406.79914,13,24,659.1695881,21363.88604,24,7.706642235,0.4328147979,1922.616991,7620.462134,25323.53624,4,2,4,2,0.233357421,4,25,55,9.227384801,0.7602332342,0,85,0
32,47978.64606,15,10,655.2981505,17140.51129,12,16.52972215,0.6103057504,387.3325917,33981.88123,28702.1274,3,25,2,3,0.5021660575,5,82,7,5.954385713,0.5266230582,0,64,0
24,72740.53322,17,21,768.2923222,25849.69965,48,6.368055357,0.3058373741,2320.638021,12548.50968,0,0,24,5,2,0.6594123816,1,57,100,8.436504622,0.6142177005,0,87,0
52,71641.84229,9,9,702.2432585,20961.58327,60,13.59854258,0.4524771862,2681.069663,17860.56922,27829.52336,2,25,1,2,0.6920782894,2,50,27,2.533450148,0.06533351011,0,18,0
32,70108.9783,11,21,725.9927141,25564.4588,36,16.15051346,0.4539404777,1070.023989,30228.88758,24320.99853,5,24,3,1,0.5811221936,3,48,99,7.27149531,0.0763714832,1,68,0
34,55884.87727,14,19,774.475628,32093.7154,36,16.18958451,0.172537091,2323.852138,4411.511695,23277.9533,1,14,3,1,0.8474085872,2,88,15,6.10626947,0.03561250598,0,21,0
45,73874.22006,10,14,663.5034326,7142.847846,48,15.55523439,0.6002701721,1988.747255,18917.21816,7264.324207,3,23,3,2,0.08730141382,4,87,72,2.420501347,0.3080723283,2,86,0
54,23234.1394,18,6,624.0213555,25916.06886,12,11.70834285,0.444450219,3389.55784,5537.603695,686.2361589,3,5,2,3,0.1636210769,1,9,36,8.287575168,0.3300803208,2,14,0
55,56967.98913,9,38,628.2331738,24796.53936,36,5.017734151,0.1973719396,3149.173755,22849.56679,25943.14823,5,26,3,2,0.02576165899,5,60,42,8.902932878,0.7335983885,0,87,0
35,84525.09709,10,19,555.5617234,32105.20349,36,5.231790654,0.5569479117,2685.740167,6823.02021,3249.809449,0,26,5,1,0.9254016117,5,3,20,0.6427374001,0.709102315,1,72,0
42,67813.5769,15,13,792.6961262,25551.42125,12,10.00426605,0.3869217081,2394.781084,11287.10627,32365.78913,3,12,4,1,0.8603101838,2,20,63,11.80110117,0.4100541171,0,92,0
63,49638.29663,13,3,735.2941521,29902.1943,60,4.877323638,0.2223284521,2896.130591,15228.52539,54554.43482,5,2,1,3,0.8062232428,5,45,39,10.5444966,0.2961118103,0,93,0
33,54294.90752,14,4,720.6897786,25391.81316,36,8.782823181,0.5665908695,4080.328738,29323.79894,35054.5267,1,8,3,1,0.8472544634,2,24,87,2.710776267,0.7005884563,1,62,0
39,37747.53953,8,16,659.271138,28206.68498,24,14.08568237,0.848950304,2128.017884,19941.03982,38131.29059,2,8,1,1,0.9433411741,4,75,69,1.148194691,0.1388174906,1,49,0
46,43030.08264,16,15,764.6559138,8030.688845,24,7.550867028,0.6776266075,2422.28267,28231.89224,15066.76411,4,2,1,1,0.8128240084,5,64,30,1.842630599,0.5876133566,0,60,0
37,60461.76093,19,22,709.3833691,5826.742001,36,7.687364232,0.8995121774,3266.341906,24622.63053,17429.00881,3,24,4,3,0.7487242375,3,78,29,1.577357861,0.1445667041,1,23,0
53,34851.61536,16,15,697.5675965,41026.01907,36,17.56137119,0.362901608,3001.366409,27859.54725,31266.42527,3,26,3,3,0.9394341517,5,58,52,11.17684497,0.1104293999,0,56,0
35,53249.10777,15,33,706.3985792,26974.44137,48,12.95963309,0.3527751445,2701.568634,12765.40475,2737.391649,4,7,5,1,0.9762279032,4,77,23,8.461250219,0.2780600772,0,88,0
30,60844.30063,11,10,763.8277712,22751.45385,24,7.279336879,0.4831187831,2129.4901,0,38918.46928,3,9,2,2,0.924556478,1,87,36,5.955158819,0.6011449977,1,7,0
29,46150.60693,17,36,708.33482,38759.04298,48,4.752426218,0.6449776677,547.9639375,8693.82759,18971.48782,2,10,2,1,0.5621760134,1,73,59,11.8830101,0.3634001176,1,77,0
64,62062.60335,11,8,630.9605836,25229.87232,60,14.26069898,0.8947176993,2629.33556,11649.98583,31585.58032,1,10,5,2,0.1995196182,1,11,81,0.7469705584,0.6156774962,1,32,0
27,63702.23512,11,38,731.6478759,30605.78843,24,6.782158567,0.4279036242,1322.224191,3731.1875,0,1,28,2,2,0.8864011032,1,11,21,8.723829515,0.7001958277,1,12,0
40,53690.81021,10,25,679.3372123,31628.40253,60,8.213623815,0.6014403407,1670.474441,7780.595951,17463.8578,3,0,3,2,0.7506901816,1,85,38,2.151096986,0.3354060077,2,42,0
39,51144.63846,19,32,705.5072836,23893.23379,48,17.07807619,0.4584934744,2049.459345,13272.41824,0,2,24,3,2,0.5804641075,2,91,79,7.472828869,0.3237792502,0,35,0
47,46187.90627,15,31,724.9228154,1000,48,6.547905317,0.3259338143,2207.714635,27041.30717,23824.02004,2,6,5,1,0.3113917426,3,22,22,2.954922854,0.6514518795,0,48,0
39,71044.61517,15,39,722.0512658,20044.85864,12,5.233407451,0.0968750519,2434.583507,25515.31555,7616.453198,1,5,3,1,0.04593662227,4,46,15,3.300608737,0.8274118018,1,41,0
55,71644.08645,9,12,539.726685,34086.48884,60,16.64049819,0.8207174929,1535.779282,19440.33384,44568.14384,3,27,1,2,0.880366863,5,65,1,11.97953564,0.2710485431,1,98,0
51,45574.67934,19,29,647.2150315,10803.66872,36,17.63335441,0.2405756775,1684.056069,15954.27891,42031.20337,1,16,5,1,0.9046233388,4,21,9,7.293444973,0.6012939562,1,100,0
23,74623.67088,16,31,611.8592391,7577.545471,36,10.24217514,0.7444034038,2630.056674,19804.43732,23957.08613,5,7,2,2,0.2585763892,5,65,11,7.638947154,0.7113985832,0,83,0
46,76065.0721,8,25,704.1075437,32836.21534,48,3.626340823,0.5369277903,2970.941079,19927.08582,22248.94371,4,11,2,2,0.4243412872,4,69,9,9.391585487,0.6959211609,0,65,0
23,75189.84387,12,18,658.6166983,24891.5582,24,17.63682203,0.4657066636,2445.448108,22396.81825,36633.06323,3,5,1,2,0.2886594692,1,97,62,1.930097851,0.2605555771,0,88,0
58,98996.39963,13,24,672.2643431,17464.46592,24,12.69645943,0.4235516317,2973.705257,3983.945817,31286.93017,1,15,3,2,0.7534076513,5,36,79,1.088882094,0.3772081471,1,53,0
26,69534.41556,9,22,695.8877076,29963.47321,60,14.0973476,0.2137416667,2415.886935,19550.80055,0,1,13,1,1,0.1673601602,4,42,77,9.50009854,0.9284905601,0,65,0
38,60925.71041,9,26,732.1475271,22731.45454,36,4.332420997,0.5541372602,2076.468039,11612.78899,22666.15187,5,6,5,3,0.543523446,5,18,40,6.820291929,0.7939807534,0,28,0
52,47562.83979,19,32,681.2961795,54698.94613,48,8.107779998,0.3293835085,1861.812851,0,20218.87239,2,17,3,3,0.05839177031,1,93,73,4.15673079,0.3162339953,1,49,0
61,43842.96955,11,8,763.2428527,47670.73825,12,9.450065695,0.6522093303,3763.689735,14687.63824,10781.05816,3,25,2,2,0.1588520348,4,97,85,9.655850289,0.5491787041,1,26,0
20,58367.66226,13,4,658.3381462,33320.75357,48,5.50011664,0.6429135023,2278.574497,4759.295004,23819.00819,3,20,2,1,0.1995457446,2,84,61,11.82881661,0.3144479496,0,49,0
29,84227.98342,13,2,663.8837238,30902.14106,12,9.224961966,0.8950673716,1827.209563,24915.06695,7466.817727,4,26,5,1,0.6675037549,2,77,71,5.310358836,0.07997771199,0,91,0
51,68907.30509,9,15,777.3188954,17120.76011,36,12.02578251,0.4018620873,4033.58583,18929.10162,27161.31297,0,22,3,1,0.09731861032,2,86,79,11.36559981,0.2487502304,2,99,0
61,33234.77344,16,12,812.698226,23551.62004,48,4.27260321,0.8478163562,1762.528553,5623.535382,35572.24756,1,3,2,3,0.659736053,1,4,97,2.617094771,0.7300353518,1,47,0
34,75798.11454,11,5,671.6592546,36492.65926,24,4.116288368,0.3692180899,2305.970909,23755.84579,19906.35345,4,21,5,2,0.1619552466,5,28,26,6.136257644,0.346144451,0,39,0
18,39923.28097,9,22,622.3054723,16512.61379,36,11.95472705,0.3641665134,1950.552883,9637.672967,37927.00977,4,19,1,1,0.1156142251,5,61,36,1.27833837,0.8839386571,1,76,0
40,73503.2213,10,30,601.7755492,21582.75494,12,16.54154452,0.6831655431,2695.688924,10306.01511,19658.15071,0,14,1,1,0.2204252877,5,94,60,11.31031839,0.1467267468,0,16,0
44,49793.44937,16,27,704.192779,16487.94788,24,9.19152567,0.8623103295,3286.973552,24446.26415,47958.39608,3,23,5,3,0.7406301439,4,51,8,3.947798244,0.2818893753,0,94,0
30,53158.72117,9,3,642.8449261,7804.101195,48,7.012824447,0.3236601611,2410.696509,18496.26683,21704.90165,4,4,3,1,0.4405688233,2,3,9,6.080814986,0.4801070733,0,24,0
29,71964.60452,11,29,722.2459112,22657.77158,24,12.52838041,0.1170120692,2559.471306,25922.68301,13872.54168,1,23,5,1,0.8317311104,1,59,63,9.759694401,0.7366400864,0,87,0
52,61220.92862,11,5,704.9598615,43094.3471,24,11.60444365,0.7554617489,1627.153476,0,30709.11261,4,18,1,3,0.9419421335,3,12,64,2.704028384,0.3592916295,2,24,0
33,43006.99874,18,29,744.5347556,9345.389836,48,15.90676924,0.799803641,2306.76574,0,57750.96636,1,14,1,2,0.4283712306,4,15,22,2.338643291,0.720337727,1,63,0
36,77138.89209,14,28,728.2410624,7671.488459,24,5.392458741,0.3542935743,1841.388751,9390.078891,19777.17443,2,1,2,3,0.2814092169,1,7,13,1.642862769,0.8911212365,1,83,0
58,41495.13289,9,2,671.5748819,20341.25975,12,13.483807,0.3880628128,3408.882744,18115.2607,26549.83751,2,12,4,2,0.8234188119,3,91,89,5.973839439,0.3463974483,0,69,0
43,71410.21774,16,11,770.2203369,15897.85457,24,4.830636673,0.5772194409,2213.61166,10172.78249,4916.135304,3,14,3,1,0.3534790515,3,77,44,6.042771239,0.9251411964,0,80,0
18,57825.73142,13,21,672.7441543,26945.55731,36,8.068980336,0.1528648109,3246.572599,7114.76203,3692.194593,0,14,1,2,0.2965567611,2,22,60,2.682991757,0.03398070491,0,79,0
43,63195.2788,9,32,822.5752824,43925.13011,24,10.91138948,0.1603936347,3243.855298,2594.936657,8904.52638,5,21,3,3,0.5414511677,4,75,75,5.086561057,0.5564008562,0,93,0
52,40804.6071,11,33,665.5400627,22735.12709,48,9.418341723,0.8744142693,1661.896268,30598.51329,4660.153042,3,28,2,1,0.5631388137,1,48,76,6.052334452,0.6633783482,1,41,0
30,107808.1159,8,29,709.1843518,22175.44719,48,16.73503889,0.8980051474,2668.635745,31508.23616,12282.44555,4,19,4,3,0.4371451902,2,15,10,9.92248419,0.145749635,0,32,0
25,56261.05105,9,30,628.8420309,29469.10261,60,10.8941778,0.332669238,1573.074683,15178.64989,8740.950781,1,18,2,2,0.02893840332,3,75,90,6.765747171,0.8626592149,0,11,0
54,45889.57292,8,15,752.1777717,10191.54444,48,15.89485211,0.3877344776,1492.361996,26229.81102,49609.87574,1,29,4,2,0.8781252974,3,98,48,9.477208114,0.04968258812,0,46,0
20,50642.64833,10,17,648.6893889,8931.49324,60,6.855157172,0.4953515175,3543.670956,19120.55393,24083.12362,4,5,4,3,0.08752111067,3,40,91,9.397277356,0.498052593,1,12,0
28,62189.26189,13,11,699.3406764,36997.78879,36,10.81356297,0.4847816804,2332.240424,15994.22149,21935.89869,2,13,3,3,0.7898784295,2,50,53,11.03718526,0.4998121714,0,3,0
29,66541.56654,16,11,667.6387642,29305.51146,12,11.53202343,0.2114693283,1929.452366,25687.76145,49347.00585,5,18,3,1,0.06010399676,1,36,45,10.59712621,0.1713553059,0,26,0
39,65496.40554,16,34,760.5956998,25130.57471,60,9.152851765,0.2818412824,1702.010907,27868.0285,36642.68081,3,29,5,1,0.0446828495,1,97,21,7.630429421,0.140455776,0,79,0
31,63108.42163,9,5,589.447138,20611.59992,36,15.26503471,0.654990579,1564.670427,5639.332653,9277.529448,4,21,4,3,0.6556401112,1,44,41,8.771562579,0.1953524711,0,70,0
41,44045.19711,8,22,696.6530892,33760.88564,60,7.964965814,0.859944813,2398.054371,31016.37558,23458.43398,1,6,2,2,0.4184258019,5,38,9,4.677808682,0.2781600831,0,11,0
29,85120.66244,17,12,767.5700847,34627.45645,24,12.1173959,0.2263729773,2565.349253,2934.113798,40485.96202,0,20,5,2,0.5094572005,2,82,73,11.33001387,0.3011509658,0,78,0
51,81779.25496,10,9,551.2371594,22715.63909,24,4.88690044,0.4654101894,2590.995711,7952.069608,26259.10929,2,26,5,2,0.3678255756,3,24,1,6.174682466,0.8229285814,0,18,0
24,35203.47489,19,17,728.3606011,1458.926285,12,4.04593962,0.4858171776,2398.070609,9745.278177,0,2,8,3,3,0.7854130791,1,78,71,8.262688341,0.7555466401,0,84,0
59,53937.60037,18,26,607.4292736,16160.44446,36,6.640297935,0.08557608352,2082.23691,18000.98761,0,0,18,2,2,0.2171188512,2,33,75,7.725778823,0.8360580662,1,65,0
38,79601.61362,13,11,727.1534323,29996.57996,24,13.50445478,0.6983387898,1738.909344,15160.45327,31038.96291,0,6,2,2,0.3150515466,1,52,24,5.135450711,0.9691170175,2,39,0
42,59815.13973,11,19,654.123479,21429.65298,36,11.45402748,0.2432824882,1831.300846,27240.53498,18127.41365,4,13,1,3,0.0748067783,1,39,77,7.678648883,0.7341829688,1,22,0
57,71242.25717,14,37,674.0866088,38398.92512,12,11.92883328,0.7557212993,2301.67818,14395.36924,32253.31617,4,10,5,1,0.6883159971,2,55,65,7.234445481,0.2118145032,0,50,0
59,71536.6234,13,29,654.2335384,6027.490269,12,16.90913505,0.3037693451,2829.96306,19777.20396,0,5,15,2,2,0.9335136003,5,26,96,9.337522994,0.7403886793,0,61,0
49,63614.24485,19,5,602.7783023,13626.83738,48,7.625458818,0.7364719423,2532.542136,22893.61246,14804.12226,0,3,2,2,0.8372331417,5,88,96,4.802122407,0.9939807014,1,67,0
38,83864.29565,17,12,691.916834,16105.33292,24,14.20401039,0.2800614793,1985.545539,964.762797,4190.018703,4,1,5,1,0.2261691175,2,31,52,0.5927181439,0.9639282897,2,48,0
48,89942.49303,16,1,558.5376181,18531.63599,36,11.47898222,0.5553302936,3772.790561,16761.06034,18104.07087,1,6,5,2,0.3193274768,1,1,9,4.335541134,0.8992522189,1,79,0
33,44757.83603,16,19,685.3678466,39561.98557,48,3.285598822,0.6824501351,2560.275097,15489.11841,54881.43773,3,3,2,1,0.6488009234,3,50,76,4.043015103,0.4840194642,0,43,0
18,64212.71054,12,28,600.2141049,44264.30071,48,15.6672692,0.488575523,3416.998693,10229.17408,4323.829489,1,16,3,2,0.5049774938,3,60,77,7.993878591,0.6029165175,0,57,0
28,68359.21301,16,29,624.4362119,49608.59931,60,12.49871506,0.6548991536,2592.617207,17060.45349,24986.49344,2,1,4,1,0.6829989295,2,47,5,4.977467497,0.9117820528,0,8,0
54,93632.7773,14,18,654.2074269,27001.96751,24,17.10570355,0.7139178889,1111.333514,18986.82875,41496.7662,1,12,2,3,0.7671004131,1,9,38,10.21127117,0.5768469525,0,46,0
64,53307.87508,16,3,726.113405,30094.49238,48,10.25264955,0.5219204883,2898.16085,0,30261.56091,2,21,2,3,0.1335377131,5,46,32,11.25705776,0.1826203547,0,45,0
61,90980.11875,11,18,743.6108967,11293.73919,60,14.34807394,0.7030947826,2487.635771,14390.23521,0,4,23,5,1,0.9945636319,5,63,97,8.933979791,0.09619449617,0,46,0
33,41716.89864,19,6,663.1273411,23208.58066,24,5.000253058,0.1044336018,1597.843218,7777.138863,12346.62192,2,15,4,2,0.2069116241,1,73,43,8.392711139,0.4758763129,1,71,0
39,76232.07129,14,14,633.5503038,21214.2528,60,14.37536392,0.5770038411,2143.502184,15486.4046,0,3,24,4,1,0.9961590915,1,15,56,8.994740402,0.6232171355,0,33,0
25,87066.24633,17,33,713.210427,33233.44655,24,15.58778724,0.4349225661,2385.535339,889.6922938,7521.06843,0,19,3,1,0.4926678451,5,7,38,10.56305839,0.4016926098,0,46,0
54,84838.47571,18,21,719.2294497,46337.31247,48,8.254788444,0.7434895328,2050.164807,19557.14588,11407.7151,1,11,2,3,0.4877876744,4,21,79,9.847111489,0.0006466451575,0,68,0
46,61665.92399,17,13,763.6712301,35074.09942,12,7.366735434,0.07871201799,2072.762443,17980.88475,29901.08573,0,10,1,1,0.9818894645,2,47,33,7.184762319,0.873167747,0,87,0
44,58388.55519,12,30,687.4511871,13339.36775,36,15.24676641,0.8826199927,2122.100034,23251.28757,5373.039754,1,1,2,3,0.9475873509,1,36,31,4.94308309,0.6362083543,0,64,0
21,108648.1317,19,0,735.8602047,35340.36942,12,8.488601389,0.434401507,1623.854893,6836.823261,7166.498043,0,17,1,2,0.7908581359,4,70,13,5.600833796,0.8988422983,3,93,0
21,57267.63387,10,25,651.535144,3636.07339,24,9.733060817,0.5522948016,3346.158577,13043.30931,23157.3326,5,29,4,2,0.00114267875,2,12,94,4.731989672,0.5561551381,1,94,0
24,33019.37196,19,3,687.0218308,20166.23913,48,12.54977309,0.5417122758,1841.476548,12988.51165,33237.05412,5,1,1,3,0.008714788802,1,20,33,10.0718813,0.6464174723,2,97,0
64,60004.11069,9,10,675.8385635,20335.29861,60,9.036646901,0.155893662,1076.672435,25340.2263,32307.97891,0,13,3,3,0.7848459778,3,40,22,6.196783565,0.3718797399,0,67,0
27,66562.00034,9,17,746.526909,23367.03961,36,7.283188624,0.8812410982,3255.857,22308.50433,2784.379077,5,0,2,2,0.576304129,1,93,84,5.866702587,0.7047803726,0,39,0
29,40275.51664,14,10,650.7176062,38212.32149,60,9.753564905,0.6911668852,1598.767109,11924.77638,35641.51836,3,12,2,3,0.6333413942,4,8,83,5.304957874,0.3225769544,0,88,0
32,68768.65458,14,7,644.8472291,46050.34303,36,15.13797132,0.6671761644,3546.153158,17735.79439,10127.48666,5,9,1,1,0.5855110687,3,35,79,1.956544193,0.07605494419,0,39,0
19,29793.47018,9,37,652.5070334,19186.43814,24,16.18115123,0.5454559371,2520.119498,9287.624794,7105.367721,1,5,3,3,0.8172904849,4,85,30,11.89154618,0.5894535663,1,46,0
45,43657.32777,14,12,606.5868703,26026.09932,48,8.391480373,0.1537277685,2830.40788,4433.160568,11091.12743,2,13,4,1,0.5053008527,2,68,94,9.581896966,0.03184506771,0,95,0
52,35941.74324,18,6,592.1802574,27575.33649,36,10.80414336,0.3656697551,1075.512349,5537.891059,0,5,5,2,2,0.2278345454,1,39,39,5.930518607,0.2948788229,0,19,0
35,68939.91515,14,8,684.5534923,19379.29905,12,9.101013825,0.2744332349,2413.638639,31962.09482,21188.75567,5,15,4,3,0.3804865769,1,20,83,1.207179786,0.8629819991,0,18,0
49,70310.79789,17,3,689.6380847,43628.78061,48,14.20723307,0.8050493606,2965.886,25770.24841,23851.237,4,17,1,2,0.4142394307,2,40,51,5.561454887,0.8926947585,0,83,0
49,36981.10604,11,35,759.9404152,28263.85197,36,10.9544648,0.725633151,4493.633545,14599.00288,1531.954307,0,0,4,2,0.1657414808,3,26,36,8.005996397,0.1437546321,0,52,0
50,57135.85702,8,23,814.3916391,1000,24,3.517151305,0.6607453123,2531.213125,17817.14286,0,2,22,5,2,0.8940601703,2,31,18,1.918769047,0.09318097329,1,62,0
55,76988.41289,19,10,602.4383806,41982.13064,12,11.94155547,0.4428706765,2294.790437,14504.38971,0,0,20,4,3,0.2337128875,4,15,28,4.60308886,0.590869027,1,7,0
63,60818.53802,10,13,686.3472353,9539.982981,12,7.357420361,0.4730671852,2098.247395,10559.54613,12440.93015,1,22,2,3,0.3653641677,1,81,81,7.791588665,0.8117619459,1,27,0
34,89218.63995,9,20,708.4034568,13175.17209,12,10.25934799,0.172552062,3101.946225,14614.18215,27366.81321,0,3,2,2,0.1061246614,5,83,57,7.8653192,0.5720409264,1,66,0
35,41505.53961,9,0,739.931765,22021.34288,60,13.12404407,0.7738230049,1861.498679,19008.22442,13967.86417,1,20,4,1,0.3363096987,4,34,42,7.633502302,0.2091757037,1,75,0
54,48892.62944,16,29,776.4560746,33857.38017,36,16.11445815,0.8602307189,2685.397896,20960.70229,13040.34757,5,26,4,3,0.4689049715,2,68,97,9.243864809,0.5873304679,1,85,0
62,78690.46044,16,21,726.396032,46603.37732,36,17.24089778,0.3285857383,2334.617726,13719.83959,23247.03702,3,23,4,1,0.5668159636,3,4,39,9.644266513,0.275528834,0,93,0
62,58530.1445,17,2,799.0211267,43496.73328,24,4.002383102,0.3848668294,2293.859562,19938.61487,1741.999961,4,5,5,3,0.1008608431,1,48,83,4.139430587,0.5765004549,0,53,0
43,43390.91576,10,37,743.103754,17989.39688,60,14.07554769,0.4110398621,1398.753073,22259.99109,50695.40953,2,25,1,1,0.908966108,1,25,59,5.807133081,0.2046744792,1,1,0
59,48656.93293,15,25,739.4744445,26779.96014,36,17.9960671,0.5621006674,2032.91517,4833.847771,20666.02917,4,20,2,1,0.3529105859,2,42,70,4.683661609,0.4420726373,1,45,0
60,64364.01586,17,36,774.3938875,10648.04811,24,5.538306921,0.696551544,3435.561427,15944.85329,21580.78688,2,28,5,1,0.09448015367,3,94,39,2.334063086,0.4572274367,0,92,0
59,75184.30803,14,19,621.9968682,24896.3006,24,6.175027527,0.256952351,1286.856283,5911.024462,8628.367398,4,8,3,1,0.1780821053,3,1,75,4.526845895,0.9722813546,0,54,0
47,57252.74028,10,32,678.2347606,14606.18431,36,6.504234598,0.8238191204,2120.618496,20865.29426,20314.46252,2,3,3,2,0.2410881577,3,57,72,5.783788891,0.7376778056,0,81,0
47,61439.47705,8,2,641.0719099,19369.54158,24,12.77606316,0.7522230884,2544.320791,10585.40475,6800.076091,1,6,5,3,0.614775867,3,78,60,1.424973319,0.812141441,2,62,0
41,77843.78907,13,28,794.6440132,24755.53216,12,12.07180286,0.5601306285,2445.085108,9662.394169,34218.97819,5,4,2,3,0.02952003203,4,74,10,10.57027931,0.2469121487,0,90,0
25,50548.37489,17,26,631.2922789,18889.21009,24,6.883545878,0.269218982,2645.043031,13858.62406,6067.625167,0,1,3,3,0.5037957612,1,83,27,8.271904329,0.7292574502,1,64,0
39,62107.2093,12,27,652.8745741,28640.54422,48,3.211334792,0.7642026563,1649.625298,18729.69784,14124.17972,1,24,4,3,0.787427143,5,66,14,11.25596411,0.2829452202,0,90,0
22,47316.75745,8,30,594.7544847,9934.829145,60,4.411184482,0.280188644,1843.915238,3567.810364,34527.1928,5,0,1,3,0.04488474184,3,14,32,10.4742449,0.1832039535,0,34,0
46,61421.22574,17,23,698.2614997,13161.15248,48,17.62405167,0.1495278327,1763.664465,26892.06101,12303.23263,2,24,2,3,0.05321065232,5,59,60,7.930268542,0.2245702149,0,75,0
42,73413.48986,15,24,801.8328171,41355.65063,48,4.785589669,0.5617580135,3231.408205,23800.18698,14477.404,1,2,4,1,0.0337786647,3,49,48,8.67952216,0.0346679249,0,74,0
58,41187.76927,17,13,693.3985138,21650.28182,48,14.31396486,0.6631745082,3124.150101,17896.06506,10715.52057,0,28,3,2,0.4930152239,4,98,72,4.219042891,0.2346314017,0,32,0
19,47514.40581,13,29,791.3173462,22589.97035,24,12.71274401,0.5394122603,2092.712401,15278.5092,23330.27418,3,17,2,1,0.9873326069,3,51,6,2.036802965,0.2075177796,1,95,0
38,70299.85623,11,35,691.9500831,25602.40958,24,6.997673091,0.4443146144,3038.928548,8898.653283,25248.46768,3,28,5,2,0.02813439867,4,60,95,7.338212389,0.07260910165,1,67,0
56,53176.30996,18,16,672.7847265,19364.34885,48,17.02063179,0.3945796729,3550.290776,12382.40411,0,2,6,1,3,0.272205461,3,11,7,4.0994583,0.09687862701,0,15,0
40,75617.60346,13,36,744.3172892,42316.27325,48,12.91351906,0.1221570551,3170.597066,5801.176648,3256.151989,0,25,1,2,0.855429161,4,67,12,0.8056130145,0.7373767017,0,22,0
26,57744.28529,19,18,699.7971117,6949.07154,36,13.63726938,0.8706808751,1958.98291,11340.02791,9841.233698,3,18,1,2,0.07017730844,3,69,15,2.082875501,0.2152172587,0,40,0
48,58395.96955,13,10,675.4258541,37980.32793,36,3.691064663,0.1103497217,1815.423686,20421.31983,20854.46444,2,28,5,1,0.9491046683,2,95,84,4.900782256,0.5415583185,0,81,0
34,45803.39103,15,19,758.7596083,1000,48,4.551350571,0.72449191,2677.564013,28653.05063,31696.33529,3,26,1,3,0.3690975831,5,42,19,4.298929385,0.587698817,0,70,0
46,67638.72999,9,24,651.099738,21969.10748,48,17.37095691,0.8465579635,1811.851268,12827.04328,609.2809874,1,4,4,1,0.1400985111,4,31,45,9.420762466,0.9416261667,0,79,0
58,76653.03036,19,9,719.1101789,30832.71188,36,12.39688974,0.05533815588,1775.367648,7596.807858,24508.89268,5,11,3,3,0.9936553638,5,56,91,4.331139184,0.6169912958,2,60,0
29,62469.44113,18,0,732.2017633,18581.18664,36,5.653895964,0.1684388662,300,11610.77236,30067.30891,1,25,5,3,0.04862525168,1,73,5,0.926407733,0.3581110032,0,10,0
26,85825.57416,19,28,655.8339318,42045.85045,24,5.112407278,0.0622898636,2786.710317,283.3116304,22946.12832,0,1,2,3,0.4272007515,3,16,70,2.129354894,0.6537095691,0,79,0
64,79982.72126,8,36,585.8256781,48057.53509,12,14.47258689,0.8059079683,2314.96113,24530.69513,38786.2135,1,20,5,1,0.01942134499,5,42,48,3.040924491,0.4678062675,0,30,0
20,64807.82608,17,39,628.6819709,21127.52218,12,4.323109818,0.6656183844,526.4020013,16298.67614,9179.759048,0,4,4,3,0.7428814749,5,51,44,9.076951538,0.7391200751,0,68,0
41,46788.22364,10,19,752.23245,26276.32848,12,7.648954293,0.5429265427,2698.529978,16318.1762,0,1,7,3,3,0.3049957254,4,97,39,4.99995472,0.3388805482,1,93,0
22,75993.77872,10,6,749.7216207,49015.34118,60,7.958728083,0.2252727186,1558.869734,1670.877803,13154.27067,2,7,3,2,0.8601414924,2,13,7,7.299776537,0.3301656382,0,48,0
31,18695.46859,14,39,850,43371.30837,36,15.32913627,0.2992968037,2649.148753,11341.66859,0,0,29,3,2,0.4262724071,4,50,31,8.9220036,0.344090586,0,36,0
43,71079.06259,14,15,694.3759451,13559.1818,24,9.064112936,0.1474290352,1224.291961,26976.76208,15259.49465,5,25,4,2,0.2080267619,4,32,99,11.72085542,0.7581900086,0,34,0
30,74549.89926,18,17,658.5675098,10641.96305,24,8.188910258,0.5429815938,2077.699583,19306.0447,24825.50707,5,1,3,1,0.4871675846,1,2,40,3.227993979,0.7395178089,0,100,0
60,37863.06165,17,4,730.6811186,35567.6309,12,8.770281697,0.8747928721,1208.854357,18618.56814,6032.319195,1,29,4,2,0.3106132254,5,23,96,6.748950843,0.3591807868,0,7,0
39,51505.08239,19,4,637.7247841,29254.70084,24,8.007841901,0.4489450844,1956.506477,21534.33568,14198.33849,1,28,2,1,0.409740297,5,46,70,8.70059286,0.3587656384,0,70,0
21,51759.00351,17,20,680.0948565,31416.91054,60,11.47182297,0.2197657716,2326.29873,5520.007669,0,2,20,5,3,0.1876279585,3,96,79,6.358295745,0.5041812494,1,84,0
25,72952.36645,12,2,697.8269929,33319.86469,48,8.829905394,0.2234824529,2753.840523,5714.173563,22552.14443,0,20,2,1,0.9543441875,2,2,31,4.42691032,0.8224505673,0,87,0
23,58333.59772,10,12,746.383591,15152.37307,36,15.84993251,0.5098698903,3291.388141,9786.560323,29958.48543,3,14,2,3,0.8362735905,4,55,74,3.579445386,0.9816610378,0,83,0
57,84138.33403,12,39,728.9349562,31111.51898,36,14.196942,0.5614940064,1475.265263,31267.90233,31929.48947,5,23,3,3,0.7431618453,3,26,16,3.576627609,0.673889906,2,74,0
21,51912.963,11,13,708.3607342,20734.51239,60,11.42776201,0.7291887549,2593.869141,4154.979258,29877.85583,2,9,5,2,0.8148036972,4,30,8,2.578250313,0.7898465899,0,9,0
47,59359.13672,8,26,610.9207081,21126.85903,24,10.56948212,0.3200665552,2914.37603,51670.70178,0,0,21,2,3,0.6801791705,4,27,47,6.283542497,0.3138923843,0,15,0
36,75789.24718,8,33,711.2956811,47829.0484,12,11.47698042,0.2332371717,2810.068758,26953.7515,12689.48992,0,13,2,2,0.5820269155,4,29,38,5.869428386,0.2619636278,0,8,0
62,75699.68503,9,18,687.3034495,20301.59152,12,12.27888205,0.1237200272,3561.203942,14938.26804,17657.21393,2,11,2,2,0.5753822058,1,26,43,8.513763308,0.5000951015,1,88,0
45,52051.53973,16,28,704.2367839,20952.06348,60,6.63009152,0.1841517539,1969.051306,11287.12924,25383.11832,0,12,4,3,0.7861923335,5,46,29,3.576241889,0.8280103567,1,80,0
49,55993.19435,17,35,637.0226598,27685.5023,12,13.33631097,0.4823749346,1918.471271,14038.49149,177.1706641,1,7,2,3,0.4995082747,5,27,14,11.23667893,0.06248972811,1,88,0
57,41088.74475,13,26,622.8590541,35072.69982,24,8.750033301,0.4157125561,3384.850601,9746.954811,11391.49868,0,6,1,2,0.5578268119,1,71,20,10.44741612,0.9541888869,1,76,0
61,70241.43769,14,5,547.3338974,33545.86815,60,5.997995548,0.2982098356,3066.945406,10467.87558,9314.151117,5,26,5,2,0.1645192064,3,92,60,9.30722208,0.6985485327,0,51,0
43,82587.79591,12,20,741.0762053,41383.83479,48,3.088235231,0.3126662641,2249.621793,31849.6608,23060.13745,5,27,2,3,0.7578244017,4,73,1,10.6397389,0.07259413225,0,14,0
45,59958.47019,18,30,636.2686858,39015.91368,48,6.805428463,0.2162852151,1832.55776,18752.33369,10613.35257,1,9,3,3,0.9432481339,2,6,52,2.38137563,0.9966705432,0,14,0
61,44502.80359,15,16,689.3272137,41294.97669,12,16.53934276,0.7143331549,3409.253407,13548.46289,26437.23117,5,22,5,2,0.4793735809,2,12,56,10.01608252,0.4089351527,2,63,0
23,68699.85015,15,29,652.4872509,21051.87018,12,15.34576136,0.2987331028,3641.545824,14527.29981,52658.39226,3,25,5,2,0.5619114126,5,52,12,10.13507012,0.4822390961,0,24,0
63,68090.29785,10,27,711.3078156,13650.14574,48,12.08975352,0.1246514838,2594.387815,5790.261152,0,0,22,1,1,0.9105423888,1,15,58,2.581792616,0.8576148547,0,87,0
47,68913.02777,18,29,605.4360174,7366.137359,60,9.50696251,0.2886593033,2318.225217,6828.191947,0,0,22,1,2,0.7100568063,5,74,40,7.119470666,0.7922694932,0,43,0
56,85862.01061,15,28,617.9081929,32180.54818,36,17.00020628,0.3268752372,1209.684666,19734.3315,22144.2358,2,26,4,1,0.3986568278,4,6,28,8.615166198,0.169095536,1,22,0
38,46029.40853,13,2,728.1741656,30244.02822,36,6.461852974,0.713479157,1687.118714,12439.22887,3008.682911,5,27,1,2,0.297423465,4,64,19,4.772975242,0.00183808691,1,68,0
35,65580.38164,14,24,702.014912,17023.93471,60,17.33861684,0.6356219283,724.1465906,6375.64566,0,4,17,4,1,0.6088834114,4,10,48,2.595393445,0.09526701125,0,39,0
64,60091.6287,17,20,678.9588141,23667.94346,36,7.657681398,0.8359380015,2859.29617,0,0,2,16,5,1,0.2006035599,4,57,25,1.216024836,0.07142797406,0,4,0
58,74602.80928,10,36,614.7084303,38686.67707,12,13.58332168,0.05263091953,1651.4655,12693.78105,31144.93429,3,11,4,2,0.4427062386,2,13,77,2.688414893,0.1787607288,0,1,0
61,20473.82838,13,25,739.7868714,37033.3927,12,6.261268513,0.4937505574,1298.448883,134.0135893,19818.01744,3,8,1,2,0.572427617,5,52,13,7.25379885,0.641692159,0,99,0
60,74009.23808,18,9,688.1924948,38478.69317,48,4.392766408,0.8253400956,2243.680033,28152.39524,24672.71524,3,21,1,1,0.5122492662,4,8,83,0.7863704622,0.5271966794,0,96,0
40,35356.458,19,30,734.3925744,3120.705537,24,3.039823381,0.1401430143,2017.153483,20434.76695,33833.72698,1,17,2,3,0.4883609313,5,13,28,4.93577376,0.882618019,1,29,0
59,39464.72835,16,7,597.9157284,30433.59354,12,14.55238084,0.1499907483,2358.343222,27674.58021,4293.534312,2,14,1,3,0.6661994249,1,99,69,5.259469596,0.7483985415,2,92,0
29,63130.2032,13,21,715.1141808,27728.72373,12,12.31242892,0.7746974493,1681.214274,18777.40676,1398.275006,3,2,3,1,0.4017651182,5,32,65,3.060137947,0.8179921675,1,36,0
24,57090.08764,14,14,766.8890935,20522.73683,36,13.08958366,0.6921624181,1151.823085,13835.9204,26034.14296,4,16,2,2,0.5983748594,4,45,89,11.69866821,0.5499684009,0,21,0
42,55880.91761,8,30,693.0205495,37826.16201,12,13.72193829,0.5101179977,2966.063054,0,37489.60534,1,1,2,2,0.103361908,3,19,17,8.017831356,0.01613028882,0,39,0
64,59928.08902,10,32,720.4844071,32976.74828,48,11.87079799,0.6902545894,1739.771333,22854.56316,5682.587725,3,4,2,2,0.1696252457,5,58,17,2.46096587,0.6703292245,1,14,0
36,59745.35856,17,27,744.7623721,14940.36683,12,3.147893941,0.5915092201,2900.570776,12887.24233,14861.16411,2,18,5,2,0.1059593709,4,66,78,8.291636846,0.05447574684,1,73,0
55,65523.10579,15,9,625.5618023,41811.13109,12,5.309809889,0.1251398175,1577.935471,9358.821629,16092.14716,3,11,3,1,0.8613949055,2,81,4,8.04847364,0.7187699679,2,95,0
39,50810.49197,14,31,730.6444085,23403.36596,12,10.29811759,0.3892288903,2018.891094,6608.937624,51542.62116,3,20,5,1,0.3502559412,1,73,78,6.728810204,0.4020355756,0,85,0
28,54161.93996,15,33,650.6873952,28941.87556,36,12.24141178,0.05828148025,3111.458967,0,0,3,22,2,1,0.4877607264,5,14,66,2.399229886,0.8511036287,0,85,0
59,71877.87927,16,30,713.2637644,26103.06654,60,14.75208455,0.1698285396,3312.162829,19724.86012,0,1,16,1,2,0.297163342,3,26,96,9.449695142,0.2937341549,0,95,0
46,67422.2192,16,19,622.7669987,4392.445528,36,9.552661818,0.7127818823,3719.723935,25186.75061,30025.93718,0,23,2,1,0.009478550335,5,91,26,3.148871134,0.1931487391,0,17,0
27,35288.91422,18,21,764.7887743,13432.24639,48,9.865575996,0.1502233243,3770.725131,17437.00047,27585.93701,3,10,3,2,0.6773824942,1,20,34,7.335870732,0.6716796535,1,79,0
51,92182.3013,17,10,629.6046941,29342.17711,48,14.00788029,0.1267636792,1311.04086,26941.56715,33068.79194,5,23,2,3,0.6770416939,1,100,73,1.191087355,0.7465023468,1,81,0
39,84228.04825,13,33,674.6656283,34393.84508,12,17.24633265,0.2806099282,2841.80624,31722.27256,27216.46947,0,2,5,1,0.7778964412,1,16,39,10.95760442,0.6385512086,2,46,0
37,52661.12698,8,36,596.0414233,33352.43443,36,3.353501602,0.7950298455,1434.805764,19206.95179,12648.13345,0,26,3,1,0.3066332515,2,87,28,6.772870317,0.9395865886,2,54,0
64,62082.05046,18,6,712.7908551,20872.01842,60,11.60944942,0.3491546615,2376.979921,28144.04147,12358.28447,3,7,2,2,0.3278057228,3,89,29,10.16004824,0.8546786675,0,3,0
39,53198.10326,11,1,561.4527539,32676.4433,48,6.586918152,0.203950037,2233.881452,0,51335.03609,0,22,4,1,0.7626250568,5,94,94,6.234592221,0.2080034782,0,37,0
31,42705.49499,19,22,682.9334673,4954.013762,24,15.25449449,0.06548637379,2402.104692,26487.99986,32080.98605,5,26,3,1,0.694055285,4,26,10,2.78335327,0.1456982096,0,89,0
31,77234.94412,8,10,672.1138328,34732.14378,60,4.200505319,0.7279969936,3243.894596,31217.00088,35567.14783,1,19,3,2,0.1207388725,4,95,18,9.27467003,0.6575795794,0,81,0
58,55345.02439,18,15,691.9903907,14819.7098,24,16.52146718,0.08736700955,3353.120654,13556.44993,10616.17955,4,16,2,1,0.5916524915,1,19,21,11.32967259,0.5568586799,0,90,0
48,61434.53315,14,12,661.0147342,36660.99496,36,16.177757,0.2741499467,2284.356296,24263.97078,0,4,8,3,3,0.4791152553,1,13,42,5.009290239,0.5695564513,1,1,0
43,40423.06324,11,6,764.5362122,35271.62741,36,17.66248088,0.4163449967,2581.584129,27925.07196,40853.93714,2,7,2,2,0.01432467075,3,62,50,10.76744721,0.7954334907,0,71,0
33,74473.93012,17,16,707.360512,36978.59898,12,15.81964241,0.5813966098,1506.487904,39394.45395,0,0,17,1,3,0.1669962294,2,81,95,7.651149318,0.7087491906,0,54,0
63,69388.73451,10,23,615.2640777,11350.53223,36,10.4474973,0.3497177102,2315.464999,10646.21904,22885.96429,2,22,5,2,0.1927114271,2,71,1,8.717824301,0.316785328,1,48,0
64,44798.7897,17,17,792.8326544,25114.13891,12,11.51938579,0.4570248332,2874.92378,17372.58678,6942.782645,2,7,1,2,0.9686265166,1,80,27,4.851559951,0.5737395694,0,46,0
64,70947.88352,19,32,767.3130985,26634.29713,24,16.15565335,0.8141363408,3893.877833,6861.24059,13825.23035,2,16,1,2,0.8056250993,5,44,55,8.739670432,0.8058440909,0,23,0
60,51040.26815,9,32,730.3430151,62305.81446,60,5.776515124,0.2020945349,1750.158306,14331.77998,25006.54779,1,21,3,3,0.6121374039,1,19,89,9.701172759,0.1167109697,2,48,0
30,66838.66248,10,10,669.0429846,28087.23069,36,7.692951421,0.4718798719,1873.865107,0,18883.55376,3,5,1,2,0.6928482569,5,90,3,9.409279884,0.211629044,0,74,0
52,68061.4501,13,36,771.7354292,23252.97452,60,8.040996308,0.3709994918,2655.602512,9873.526074,0,4,19,1,1,0.6834366767,5,9,39,3.589057384,0.6211691491,1,86,0
27,54913.27662,17,0,641.0398512,16510.74816,12,13.54299661,0.6591914811,4899.474293,19161.86063,7497.21952,3,6,4,1,0.1798518764,2,41,20,9.482114062,0.3947789253,1,91,0
46,61186.42478,10,6,534.5137154,3617.947951,36,9.896403318,0.5813528673,3646.307235,14547.59608,29695.49662,4,11,4,1,0.0702696416,5,42,74,7.166291872,0.8006216227,0,28,0
64,66029.00164,9,24,664.4429336,21673.51892,24,6.274280667,0.30496113,2149.481393,8327.550205,15608.08149,2,24,1,1,0.8151476567,1,50,42,6.383743362,0.6821023041,0,95,0
35,62039.4102,9,6,577.8276588,22211.7372,36,9.661011995,0.7580042155,2967.696001,18275.82528,31534.41785,3,1,1,1,0.2415148908,4,96,77,10.4879171,0.04942213559,0,30,0
41,62835.44254,14,16,706.778909,29383.24413,36,10.60287908,0.519058927,1996.303847,0,39364.72314,2,5,1,3,0.3726506941,2,61,83,3.905135605,0.9548557876,1,50,0
28,93633.18104,17,4,663.9750485,26474.33902,36,7.423023325,0.2983040523,2791.954924,0,27868.22377,5,28,1,1,0.2919500584,1,32,38,6.667436491,0.6573968355,0,86,0
34,57960.1806,11,19,655.4254966,31363.52957,24,13.23669361,0.7076984449,2367.151117,18645.08168,5328.455229,3,17,1,2,0.5298884152,4,27,80,5.649804856,0.4275410327,0,40,0
64,65650.182,12,32,720.0134825,21420.09335,12,14.59167068,0.438956661,2632.041017,12960.20787,23221.89417,3,21,2,3,0.0855484484,1,31,77,10.80478802,0.539192421,1,37,0
63,57899.54332,19,26,696.6371149,30085.65963,36,10.91450596,0.09048122408,3517.131236,10038.22788,29099.89084,4,2,5,1,0.08613850373,4,97,25,2.283953645,0.9016474964,1,66,0
44,66807.54705,8,37,698.7667746,12323.58898,48,6.104292855,0.1981456827,2886.724802,8594.633542,26754.16048,1,10,4,3,0.7679102967,3,23,1,5.722474583,0.6925083713,0,37,0
49,75099.78681,10,11,588.3261851,15105.84418,48,16.03950102,0.8233146844,1773.685892,29.89393392,18942.60209,0,4,5,3,0.5671383742,4,5,84,0.8489052691,0.2200066472,1,43,0
57,69432.02619,12,35,695.7843803,38699.56294,48,5.022217048,0.8832103195,3043.614308,16965.80724,12498.87542,3,14,4,3,0.6760633684,4,72,3,10.67868291,0.1454508704,0,92,0
42,54621.71223,8,37,700.3662799,19904.21979,48,16.23585334,0.2536160382,2691.930727,16350.63025,0,3,17,1,3,0.4141037138,2,60,31,9.846828459,0.04459423619,1,51,0
20,41552.18861,15,18,773.8177254,24139.43831,12,13.24787508,0.2875396052,1614.893353,15322.06016,7917.716915,3,4,2,2,0.8926753505,2,5,39,2.936018646,0.04101702275,1,74,0
52,78536.89119,16,26,716.0558142,24714.84569,36,7.323936222,0.6540384706,3198.711165,23970.42141,7491.411984,3,13,4,3,0.04411843355,4,65,15,1.854268598,0.8384035347,1,76,0
61,79736.41007,9,9,585.8409064,33404.93444,24,10.01219281,0.5122463204,2975.045582,0,23226.00859,1,15,3,2,0.9936974193,2,36,8,5.712014052,0.9318142398,2,59,0
46,68529.44024,15,26,738.45074,46014.51001,48,3.333270274,0.6307307993,1279.470192,18114.17957,38450.02071,0,24,2,3,0.535795708,3,54,79,10.57371903,0.619718037,1,75,0